SourceIndex,tSNE1,tSNE2,Cluster
24,11.902661,-57.16726,1
26,49.54147,-4.4696727,1
50,-50.71013,27.519949,0
59,30.91971,-5.8616548,1
70,-31.431252,47.96115,0
74,-16.534456,-32.14103,2
79,53.520473,-16.390537,1
80,-33.237972,-3.25771,0
110,56.312332,-0.48027825,1
137,-17.423841,-33.033203,2
144,32.127735,-18.56807,1
147,-0.9005044,36.37593,2
148,44.024544,4.186934,1
156,6.6280565,-30.03636,2
193,0.5754389,49.62603,2
201,49.353794,0.71785164,1
215,32.11171,-7.305082,1
218,-9.484742,-20.258232,2
219,-39.57722,-13.112073,0
220,-8.017207,41.856934,2
223,-27.12349,45.03649,0
229,-25.853857,53.596725,2
240,-63.72131,-7.510443,0
250,15.115824,-5.588656,2
259,38.456997,-18.24145,1
263,3.88484,-27.572277,2
266,0.7179688,-29.669052,2
269,19.32548,-1.7741644,1
288,29.376282,-9.312534,1
307,16.373783,-5.4784765,2
322,-8.958688,-43.637398,2
346,-19.496162,-32.135593,0
349,-3.9978678,34.67759,2
357,5.225406,42.50855,2
358,-35.96989,-3.528474,0
361,7.819759,42.89647,2
367,-54.338894,27.193535,0
370,24.534073,-24.320852,2
384,11.391298,-43.70816,2
387,33.780003,-8.353482,1
389,-57.838844,-7.911901,0
395,-56.551548,26.15577,0
408,-37.232437,-13.968433,0
413,2.0388865,33.172638,2
417,15.406657,-3.6349795,2
448,5.8141174,48.037926,2
449,47.51967,2.2187316,1
466,48.298714,3.4503317,1
491,-21.253948,-30.751694,0
492,46.844738,-17.681938,1
494,-5.7478247,-45.883175,2
508,-54.03109,-10.97854,0
524,-58.568233,-10.018426,0
555,-12.056874,41.504463,2
558,-10.629559,-17.823717,2
594,-31.026304,-2.8767354,0
602,43.271763,45.03697,1
605,4.0996084,52.766277,2
633,5.282907,45.0028,2
646,9.985688,34.545425,2
675,-46.721725,-7.3847756,0
676,28.420843,-26.383423,1
679,-31.548477,-1.9327981,0
691,-3.6106653,-21.553064,2
716,-61.836075,23.564516,0
718,24.841263,-19.296122,1
740,12.089586,35.99974,2
744,37.437283,-5.9323573,1
765,-22.873508,-24.362036,0
773,-9.267746,-18.879799,0
802,-31.508684,48.14569,0
804,-8.364067,-46.69933,2
814,-48.601234,-10.487939,0
823,-18.338314,-34.773785,2
850,46.437447,-21.240654,1
854,29.46665,-6.4328327,1
857,-0.07465393,-50.179375,2
859,55.113327,-1.5675441,1
878,64.460335,-4.868609,1
883,7.4564238,-2.3829184,2
890,-12.530039,47.04122,2
921,1.5150036,-51.708355,2
932,-59.411564,-9.205324,0
947,-67.584816,13.719159,0
971,-60.30336,24.628109,0
977,35.565628,-17.209097,1
996,-39.020725,-8.990995,0
999,-8.921046,-42.227776,2
1002,-34.317577,-3.0128834,0
1003,0.8448396,-22.04106,2
1022,-34.26494,-5.5575056,0
1027,-65.436844,-6.458729,0
1046,62.79204,-8.070027,1
1071,39.118866,-4.543509,1
1074,-60.844845,-7.2502694,0
1076,-18.88397,-30.814346,0
1097,39.548706,4.8315864,1
1102,-48.289516,-10.668274,0
1109,46.896194,-0.97833025,1
1111,54.432476,0.66274285,1
1116,15.078559,-5.683344,2
1131,4.4542427,53.34169,2
1133,59.87991,-3.5569258,1
1134,-3.052602,-52.1237,2
1138,10.18954,-45.94607,2
1142,-9.127956,33.640724,2
1152,-21.66017,54.308014,2
1175,-1.5806277,-23.126888,2
1178,-11.114153,37.420826,2
1205,1.7038225,33.162994,2
1211,-21.602036,52.452682,2
1215,46.87543,0.7007448,1
1231,19.357954,-3.129682,2
1244,8.0327215,43.358746,2
1256,43.81457,7.163987,1
1261,-6.798113,-44.91219,2
1264,32.267635,-21.03501,1
1268,-9.032093,-42.24739,2
1282,-8.991082,-42.260735,2
1355,-30.454992,-0.8044474,0
1371,37.992413,-16.96384,1
1398,2.1631572,-25.2039,2
1418,-24.974028,53.795746,0
1424,-34.693005,-3.5541282,0
1425,-29.961382,-2.1412628,0
1437,39.88108,50.934658,2
1441,31.340641,-8.766647,1
1444,-49.486835,-13.425332,0
1451,-25.677011,44.44948,0
1472,-58.381096,-10.00074,0
1473,-22.544884,-27.305393,0
1478,-22.0293,42.127632,2
1480,-37.899277,-4.6822834,0
1489,2.4048388,32.088776,2
1501,6.0830145,49.680378,2
1516,9.858758,-37.249672,2
1524,-19.010685,50.676533,2
1535,58.17021,-2.7832017,1
1536,66.577965,-5.7088118,1
1561,42.612022,-19.323921,1
1583,-13.098368,39.222267,2
1593,46.37108,7.828828,1
1614,40.2714,5.083237,1
1622,5.9093046,48.10128,2
1639,-48.855522,-13.467814,0
1655,-63.810574,-7.158563,0
1658,-16.633736,-32.18348,2
1661,3.490275,52.87634,2
1669,-49.670696,25.257624,0
1695,64.591934,-3.8263953,1
1699,-21.665382,41.828106,2
1722,35.873787,6.2577696,1
1729,5.469746,46.771435,2
1730,35.321053,-2.206697,1
1734,31.053118,-4.7148905,1
1740,-33.167744,-2.562075,0
1745,-30.481306,48.78191,0
1757,-8.208036,35.979805,2
1764,45.234028,-17.983889,1
1768,-8.300176,37.847187,2
1777,9.737459,-44.30116,2
1785,-57.067284,-10.53971,0
1794,58.11934,-17.473694,1
1801,2.464655,48.461514,2
1807,60.6089,-17.706812,1
1810,-2.9727209,-25.927567,2
1825,7.4396825,42.568096,2
1841,-9.333329,-19.217192,2
1858,-46.28922,24.413202,2
1872,-3.0126429,-48.215317,2
1895,12.783761,-44.348255,2
1908,33.08757,-2.3333273,1
1915,-11.516922,37.768776,2
1922,10.5753355,-56.688435,1
1930,-8.395468,-47.651913,2
1939,-45.46607,-42.555466,2
1944,-0.74989164,36.320663,2
1960,36.696426,-19.103447,1
1962,-36.254486,-5.7960405,0
1972,42.723137,-17.678354,1
1994,-6.66577,34.054836,2
1996,-60.830696,25.286385,0
2016,59.754974,-8.980298,1
2029,8.073669,47.5188,2
2039,34.03122,-17.469086,1
2040,-65.76732,-7.250844,0
2053,-50.689556,27.522,0
2070,5.4783297,-29.503092,2
2077,3.4709399,-53.936985,2
2079,-10.595859,41.74672,2
2092,22.213907,-24.312117,2
2097,-8.461523,33.741184,2
2103,-25.257654,52.554245,2
2114,12.605353,-45.65433,2
2121,0.12129153,34.574715,2
2125,-2.5986102,-50.341534,2
2130,29.197437,-18.253826,1
2137,17.489254,28.06183,1
2144,-50.381424,-39.101406,0
2149,-38.865395,-14.507963,0
2160,-26.690853,45.399685,2
2172,-45.213436,-41.448017,2
2177,-8.91531,-19.656048,2
2178,3.9876542,33.72693,2
2182,57.98412,-1.6675819,1
2187,1.5381907,33.040764,2
2204,-0.5902697,-26.412785,2
2213,-49.339127,-8.694065,0
2221,-22.254784,43.2583,2
2229,40.013916,-18.121319,1
2254,-36.723198,-3.3169677,0
2269,-1.4423935,-51.10042,2
2293,-11.282792,39.4021,2
2296,58.279415,-3.4652145,1
2306,61.743008,-18.824938,1
2314,-65.63721,-4.7353067,0
2343,14.663001,-47.645565,2
2353,-53.341255,-12.241078,0
2354,-18.399181,-32.887688,2
2358,5.2869,46.006073,2
2367,12.111892,-46.19326,2
2372,-0.62684906,-21.85984,2
2373,-2.5222082,-27.278662,2
2385,5.777632,-29.55812,2
2386,-7.9459877,33.97452,2
2390,13.071653,-44.575134,2
2406,-3.6021016,-47.98058,2
2415,-39.272346,-8.694653,0
2434,-48.950493,-10.564842,0
2443,-47.259964,-12.94957,0
2453,33.071163,-5.5267954,1
2472,-59.93607,-9.920736,0
2473,-9.895578,35.342808,2
2488,-10.525361,-44.216938,2
2491,54.1548,-6.388596,1
2509,-29.381422,-1.6709203,2
2518,-11.292962,-44.23469,2
2538,-0.44844744,-21.852264,2
2539,-50.008198,-37.457146,0
2549,42.581806,1.2374662,1
2552,-61.026703,22.354898,0
2567,53.327225,3.1203108,1
2569,-59.698093,26.051247,0
2597,-8.037447,-46.527245,2
2603,12.324131,-7.201062,2
2604,53.590824,1.5812374,1
2620,-25.324572,44.21513,0
2626,43.628227,4.579998,1
2640,45.671944,-7.7025723,1
2645,0.44565052,-52.886585,2
2669,35.025566,-2.102275,1
2670,4.792058,42.95271,2
2671,-11.776327,39.196915,2
2676,11.703256,-57.102222,1
2682,18.770294,-2.0811367,2
2684,39.7598,4.1425185,1
2702,40.3111,-21.019875,1
2712,32.403877,-2.440374,1
2721,-11.466263,-40.609146,2
2739,32.56874,-6.8527894,1
2740,11.229746,-48.800392,2
2741,56.13884,-7.8905535,1
2749,-11.489205,-44.03469,2
2758,3.4826825,-29.38021,2
2759,15.737406,-3.0850465,1
2768,-17.880884,-34.97039,2
2775,1.925412,-30.055988,2
2780,31.030146,-7.252498,1
2784,-39.45286,-13.054744,0
2812,0.51463246,-21.779516,2
2824,33.85841,-8.3972225,1
2828,-7.1663494,-42.497585,2
2836,37.34703,50.955906,2
2839,-18.147392,-33.976707,2
2843,-58.940548,23.195662,0
2847,52.691555,-16.72668,1
2906,-50.009403,-11.217228,0
2911,37.491524,4.106144,1
2914,50.682785,-6.440469,1
2933,-2.5179694,32.644848,2
2937,39.748558,50.94835,2
2945,31.23008,-20.016216,1
2957,-33.797832,-3.1749315,0
2959,-64.64278,21.527142,0
2978,-3.2461479,-48.240986,2
2983,-60.27363,-8.870319,0
3000,-1.1232086,-22.979254,2
3008,2.1498313,-30.126848,2
3018,29.514069,-9.237213,1
3037,-29.44553,-0.43749958,0
3042,58.24744,-1.7483392,1
3058,29.634947,-5.2080126,1
3069,4.7372365,43.098244,2
3074,-3.1450613,32.16327,2
3079,-48.62723,-13.642582,0
3098,38.45315,3.6613886,1
3106,-4.939229,38.59096,2
3109,10.4576235,-46.936653,2
3111,52.7439,-16.694647,1
3124,10.075851,-38.043793,2
3133,-49.347034,-43.9118,2
3142,-20.041552,-32.804527,2
3143,1.9236504,50.873764,2
3168,11.704497,-38.517338,2
3181,35.13881,5.5095396,1
3183,61.245323,-7.803027,1
3188,-67.26859,13.207482,0
3217,47.186874,5.7658334,1
3219,-11.428104,-44.906727,2
3229,35.24998,-5.8837276,1
3249,3.8727314,53.167908,2
3258,-15.200096,36.76452,2
3264,-2.3048694,30.821297,2
3266,15.062444,32.91835,1
3267,-6.0239253,-45.86958,2
3278,47.07261,-17.144825,1
3281,17.141737,-6.583513,2
3293,-1.0057935,-49.693592,2
3306,-18.14622,48.88859,2
3309,-22.134422,42.17362,2
3313,51.62547,0.7746279,1
3315,-3.7642505,30.723383,2
3326,-44.43303,-11.380881,0
3330,-0.70899147,-51.264313,2
3342,-9.103947,37.087,2
3343,32.740894,-21.540071,1
3356,-11.927345,39.872154,2
3361,47.754814,-1.4381787,1
3382,42.00381,-20.353853,1
3393,16.21906,-29.555933,2
3413,-2.9239373,-25.932596,2
3435,-6.4373274,38.672703,2
3441,-11.30419,41.437096,2
3447,0.81924576,-52.88654,2
3455,24.642448,-24.474955,2
3459,2.1975536,33.911507,2
3495,33.837494,-16.632252,1
3529,1.0268959,49.488018,2
3572,-58.261845,-9.963036,0
3573,-62.52044,24.901192,0
3575,-0.033881623,-51.908066,2
3601,10.420799,34.30172,2
3608,-67.23453,-7.951325,0
3618,16.914188,29.663055,1
3630,-2.1768494,-49.084198,2
3640,59.13968,-17.629742,1
3650,14.302799,-48.1449,2
3681,31.42466,-20.591106,1
3696,-48.0179,-6.276573,0
3726,46.77731,-19.050222,1
3749,-48.80033,-4.7053638,0
3781,59.91646,-7.03855,1
3782,25.110998,-7.458419,1
3802,-34.26743,-9.157178,0
3803,-65.01758,-8.244414,0
3811,40.206085,50.27339,2
3814,17.104471,-7.5643086,2
3831,-34.383812,-2.918291,0
3836,-32.110622,-5.1283255,0
3847,-0.43709853,40.057117,2
3914,-46.55333,-9.032473,0
3939,-11.422341,35.582912,2
3943,-2.4742284,-50.143764,2
3945,12.499522,-8.1094,2
3949,32.867695,-21.603489,1
3950,14.201828,-14.266372,2
3970,-36.34381,-11.106648,0
3999,31.58677,-24.275284,1
4008,-16.860931,-34.85288,2
4021,39.926075,-18.228851,1
4028,-20.707085,43.868725,2
4063,48.218937,2.1931982,1
4068,-26.201475,53.509518,2
4074,2.9016953,-53.085693,2
4075,3.3216422,-54.03209,2
4089,37.273026,-16.897175,1
4095,-3.1367316,-25.546507,2
4100,2.2161644,-28.252254,2
4104,60.51216,-19.769754,1
4111,3.7698445,47.507095,2
4113,36.79039,2.1544824,1
4128,33.995182,4.397188,1
4134,-12.66063,37.02103,2
4140,41.89149,-5.4160337,1
4160,-9.403638,41.924793,2
4162,-10.67131,39.267765,2
4167,22.720337,-6.9360967,1
4182,3.4870343,-31.51299,2
4183,53.32254,-3.9525645,1
4193,-25.676434,52.921307,0
4201,29.800512,-7.23478,1
4216,35.451233,-17.36101,1
4219,43.656925,-6.1590767,1
4225,0.2834965,-26.39661,2
4231,-13.418703,35.97376,2
4248,13.381178,-51.603855,1
4251,27.598978,6.893293,1
4262,10.404668,-38.723118,2
4265,3.975254,-26.915506,2
4281,-3.2343411,34.41812,2
4285,-17.419815,-33.046623,2
4296,39.8607,-4.5874906,1
4298,3.486642,-29.408068,2
4305,35.58155,4.077992,1
4312,-45.519737,-45.10893,1
4321,-39.08053,-9.081831,0
4329,-61.376488,25.219906,0
4345,-25.786974,44.23376,0
4350,10.142431,34.620903,2
4353,-46.599453,-7.2629538,0
4365,-9.686992,35.443993,2
4370,59.033394,0.43791518,1
4373,5.7117405,47.323864,2
4376,2.14424,-52.330956,2
4395,-48.85159,25.217909,0
4406,-67.51015,-7.7461543,0
4409,4.9610476,49.002415,2
4420,55.010475,0.31815556,1
4425,-0.8374525,-20.937077,2
4438,-41.115116,-9.784304,0
4442,34.48838,-17.455912,1
4447,12.253861,34.3187,2
4448,41.746162,47.34518,1
4462,-62.947174,22.3516,0
4471,-64.75576,-9.365382,0
4486,51.94973,-5.092983,1
4501,5.3952246,50.78219,2
4502,30.44748,-25.214548,1
4507,29.411978,-2.948564,1
4513,-0.75891405,-27.795835,2
4516,-21.701857,53.50463,2
4519,51.061756,-5.4756904,1
4533,62.910484,-7.543912,1
4544,-1.7798167,-52.43476,2
4562,-66.699615,13.434929,0
4568,27.330124,-9.346718,1
4575,-48.303497,-38.057167,0
4581,59.070625,-16.552557,1
4583,-0.5381714,-25.948664,2
4590,-14.794271,-35.211384,2
4603,11.238702,36.620655,2
4606,37.07399,50.806442,2
4611,63.886772,-1.4656674,1
4617,-59.205803,24.27267,0
4629,-2.795123,37.788315,2
4656,-48.52986,-10.007297,0
4669,12.866035,33.957848,1
4670,5.2869725,46.118065,2
4684,-11.205661,37.562485,2
4686,18.354372,-5.0320635,1
4687,45.228306,2.5995383,1
4690,-10.499733,-18.02467,2
4708,-65.43496,-6.274806,0
4711,12.64476,-40.56513,2
4712,20.498415,-14.80641,2
4715,47.863087,-3.3551476,1
4722,46.458508,-8.682525,1
4740,-2.6256545,-52.154503,2
4741,46.015457,-5.8503737,1
4747,34.66412,-20.626598,1
4762,0.23263992,-28.363197,2
4769,49.386524,-17.38847,1
4781,29.207527,-21.501186,1
4784,-6.8338585,-44.317833,2
4787,-28.682022,0.4830372,2
4798,55.930855,-7.8573494,1
4819,39.99118,3.5151825,1
4823,2.2610633,-30.172117,2
4831,17.420225,27.869549,1
4837,4.99525,45.017345,2
4844,17.687244,-6.291506,2
4846,-67.60231,13.190602,0
4852,-16.771294,41.359352,2
4888,28.363209,-26.495932,2
4897,46.809067,6.4106574,1
4900,25.63384,-6.1554856,1
4910,-44.341133,-5.650301,0
4923,-62.848362,20.300829,0
4939,-38.04029,-6.1410065,0
4942,-62.577675,-8.609666,0
4948,-51.117275,-11.570974,0
4953,0.8472275,31.302267,2
4956,-27.791231,47.61335,0
4963,18.0261,30.19064,1
4973,-11.638305,37.284546,2
4989,-51.876003,-38.935543,0
4994,40.33583,-20.039055,1
5000,-19.903076,-32.484615,2
5010,63.90104,-3.4020092,1
5019,-47.534534,-4.4926915,0
5024,-56.8027,26.017347,0
5033,-13.811617,37.10605,2
5049,-9.465854,-19.421665,2
5058,-13.071554,41.571613,2
5060,-63.063858,-9.615016,0
5069,51.75364,-4.085929,1
5078,-9.349322,-18.730782,2
5090,59.73024,-6.9498663,1
5101,16.66833,30.97141,1
5115,-3.9451563,-25.37788,2
5116,-12.965476,-40.4785,2
5126,-10.659297,39.27112,2
5134,-47.245354,-12.774726,0
5135,17.77919,27.673477,1
5143,-6.739357,-44.731785,2
5176,-38.2471,-4.640963,0
5195,-18.377987,-34.817482,2
5200,55.43357,-19.171026,1
5209,41.648758,-6.8504663,1
5231,-1.4293375,-27.52147,2
5234,-2.8815818,37.786488,2
5246,-20.956188,-31.083832,2
5254,-63.107414,-7.9691634,0
5274,-18.304718,-31.274256,0
5282,41.08131,-23.320513,1
5289,16.155823,-29.601276,2
5305,-6.694754,-46.424816,2
5325,2.67315,50.704334,2
5326,35.571457,-22.058226,1
5330,-44.98826,-43.858055,2
5333,13.548822,-6.209441,2
5341,-47.68029,-7.4419827,0
5342,18.1241,-5.425596,1
5352,29.74287,-5.062643,1
5361,36.12366,4.1291533,1
5370,-6.0526843,-48.142166,2
5378,-55.813038,24.360514,0
5389,-53.928867,-11.912546,0
5395,7.8530293,42.596466,2
5404,43.239994,0.04046951,1
5411,57.641773,-5.15574,1
5416,-16.462852,-35.501034,2
5437,-55.409332,-11.496036,0
5440,-1.2147073,-27.680021,2
5470,-14.129823,37.18944,2
5477,-7.2872148,-19.508745,2
5495,33.10475,-6.5858927,1
5498,0.61861676,-29.78948,2
5511,-63.27921,-7.5993524,0
5529,63.084595,-7.316592,1
5536,16.59698,-6.781668,2
5546,43.09226,-0.26829806,1
5547,38.327156,3.4769907,1
5550,34.28324,-6.827121,1
5552,-64.56334,17.827806,0
5562,38.55137,-18.209156,1
5566,-11.176725,-45.01971,2
5569,-59.858753,-9.455456,0
5576,-11.225652,45.82134,2
5581,6.915236,-30.494724,2
5587,8.681958,-43.693596,2
5590,60.069187,-18.880867,1
5592,42.700912,-19.452805,1
5600,57.19091,-1.8417629,1
5601,54.02943,2.000879,1
5629,42.273777,46.718098,1
5643,45.99581,-8.5662365,1
5664,11.471834,38.688248,2
5674,-67.428894,13.582465,0
5676,-7.886386,-47.94976,2
5680,35.61881,6.456311,1
5712,-23.7434,53.802834,2
5716,51.265396,-1.6140292,1
5724,49.519283,0.8781705,1
5754,-61.05772,21.803362,0
5756,7.6684933,42.98749,2
5770,-18.356289,-34.686836,2
5792,-49.00721,-8.793627,0
5806,46.36706,4.919956,1
5807,-42.945633,-4.39368,0
5821,-18.672558,39.678143,2
5826,40.77806,48.255817,1
5831,12.807785,-52.08403,1
5848,41.484787,47.70539,1
5858,19.941854,-7.8653555,1
5869,-21.77624,53.31856,2
5871,19.448507,-5.524237,1
5877,18.880842,29.236992,1
5881,-21.626333,-29.833805,0
5885,5.6991997,-33.74233,2
5900,11.100287,35.980762,2
5906,-12.010749,-38.06781,2
5907,10.666662,-41.340763,2
5910,-4.4515266,-24.539143,2
5973,-67.47453,-5.3782415,0
5985,47.39644,-17.63837,1
5987,-57.528027,23.526802,0
5988,-12.592222,35.734444,2
5989,-32.169746,-4.5931234,0
6000,-20.219673,-30.69151,2
6004,19.459335,-3.112936,2
6007,49.2332,0.6199326,1
6008,-50.991386,-41.70541,0
6009,-10.985112,-17.327175,2
6015,-9.009377,35.34108,2
6028,-27.161928,45.65479,0
6037,-32.113804,-4.6895823,0
6040,0.35880563,-26.395922,2
6041,27.551552,-9.276127,1
6044,-51.216732,-43.63477,0
6052,14.759328,-47.512005,2
6076,17.18432,-2.0104883,1
6090,10.817281,-51.205666,2
6097,-53.894085,-11.872907,0
6098,41.894516,1.2566546,1
6101,16.104204,29.253222,1
6120,65.01169,-9.266256,1
6133,36.460926,-21.451185,1
6137,-40.96645,-8.472606,0
6138,9.798748,34.47236,2
6158,30.887146,-24.701921,1
6161,46.541363,5.8405285,1
6167,-50.372242,-6.371124,0
6186,-9.99291,36.625427,2
6188,37.35332,-5.0531793,1
6192,-9.220323,38.477043,2
6196,31.422245,-25.444572,1
6213,-24.125315,44.135426,2
6267,8.472722,-5.5988317,2
6274,-21.395437,-28.954388,0
6282,-21.534502,51.40415,0
6284,15.807788,-5.9866266,2
6291,-4.245282,-47.7057,2
6292,-48.994175,-6.740521,0
6294,-38.724644,-14.060298,0
6299,60.745594,-20.29343,1
6305,5.5344424,44.615025,2
6318,-17.978958,-18.884693,0
6322,1.4448864,48.162457,2
6334,53.84235,0.9663618,1
6344,8.469049,-41.91317,2
6350,43.436295,-3.9010167,1
6375,34.863518,2.749524,1
6384,-20.138763,41.258785,2
6400,2.7564623,31.652664,2
6403,-52.68466,-8.226309,0
6418,-5.622277,-45.31785,2
6426,-54.687923,28.23955,0
6441,65.80809,-5.0053763,1
6442,-3.1349647,-21.70463,2
6446,-44.284786,-10.294763,0
6450,-64.820465,-9.379446,0
6452,-2.235169,-52.19003,2
6484,-45.90269,-43.102512,2
6486,-28.94479,-1.8319839,2
6496,10.733631,-56.564384,2
6507,-50.67982,-13.185336,0
6513,-9.110025,-41.935074,2
6516,-38.245136,-6.3737087,0
6524,34.136097,3.9862583,1
6534,34.880634,3.7530007,1
6536,-2.1177182,-50.494637,2
6552,-1.5567616,-50.651974,2
6554,-2.5541236,33.064716,2
6555,17.094927,32.586567,1
6560,65.69428,-4.2028856,1
6577,57.263115,-6.2680354,1
6591,57.411522,-16.015593,1
6599,13.908337,-48.970287,2
6610,-65.07176,-8.642596,0
6636,-36.322556,-11.092036,0
6640,-2.2601364,36.79907,2
6646,-49.592503,25.564983,0
6657,42.299267,-2.165785,1
6658,54.737514,-3.2912612,1
6673,18.589125,-8.917154,2
6699,40.867588,-23.417788,1
6709,-56.970097,23.219086,0
6714,-46.06855,-12.178785,0
6735,40.648678,47.034756,1
6776,-2.6869764,-21.80661,2
6781,1.692434,-55.374947,2
6784,-12.949827,42.852333,2
6798,52.509686,-2.8325586,1
6801,22.284035,-6.4880958,2
6812,44.36997,-4.7345047,1
6847,12.513424,-53.55831,1
6856,7.7194667,43.147987,2
6864,1.6226219,34.849537,2
6888,42.969585,46.344994,1
6901,33.939842,-20.312744,1
6915,47.070656,-8.556674,1
6917,-52.06346,-12.349123,0
6920,-57.896576,25.882753,0
6925,62.406284,-17.0518,1
6927,18.661766,29.319223,1
6930,33.248524,2.1394749,1
6943,62.697582,-3.451492,1
6951,2.4849555,48.29932,2
6952,-10.834315,33.62368,2
6954,-64.74308,-7.1154056,0
6969,-2.8713374,-50.63889,2
6973,-10.08784,-20.10786,2
6977,-65.16637,16.663816,0
6991,63.32915,-9.06041,1
6994,-53.42164,-38.169033,0
7000,63.73855,-4.3919415,1
7001,58.1117,2.2107363,1
7016,25.59049,-9.400572,1
7021,-32.10537,-2.4673226,0
7031,27.18916,-4.695916,1
7035,-33.83448,-9.227319,0
7049,11.957471,34.645782,2
7051,-21.803495,-30.007856,2
7075,21.867031,-8.41439,1
7077,10.991506,-49.925423,2
7085,46.582043,-19.375776,1
7089,55.84306,-6.6282225,1
7117,25.810114,-24.903193,1
7122,4.137932,47.72782,2
7124,-11.398197,-41.700165,2
7128,36.696667,2.9847772,1
7136,-37.420425,-13.99305,0
7145,-50.374954,-39.770115,0
7153,-53.037647,-11.746199,0
7159,-10.810051,-19.824722,0
7167,2.922213,-53.67805,2
7178,14.931188,-11.0168495,2
7189,-15.920553,-33.397232,2
7190,-24.173313,42.562283,2
7197,-16.939043,-34.480057,2
7215,3.895151,47.384125,2
7232,30.126257,-27.390516,1
7234,58.482037,-1.5032731,1
7236,-19.703114,43.36721,2
7238,-12.819787,36.695053,2
7240,-32.88685,-2.070701,0
7252,43.60223,-22.565311,1
7278,-12.240232,47.375683,2
7282,38.51098,3.926492,1
7293,-7.349832,34.404015,2
7303,-56.049885,24.045366,0
7304,51.17511,3.6435096,1
7310,-30.169085,-2.1463094,0
7322,-6.8550067,-49.61646,2
7342,2.868852,47.589314,2
7350,49.449253,4.7329054,1
7353,-14.460235,39.777225,2
7356,-34.417496,-9.390532,0
7367,-12.084614,-37.63927,2
7418,49.526726,-4.429035,1
7424,3.4856453,49.527134,2
7436,31.491518,-20.75497,1
7441,50.820194,-5.673413,1
7455,-61.90554,21.618603,0
7487,-38.232967,-12.790335,0
7489,-66.847885,-6.157356,0
7491,-4.672407,33.403515,2
7504,-8.47372,33.87489,2
7505,-41.423462,-4.6457667,0
7509,-32.272507,-3.3368523,0
7511,-49.245495,24.596521,0
7519,48.837738,-3.7593205,1
7520,-14.9647875,-35.01475,2
7523,3.7984912,-24.128195,2
7524,0.351114,49.69527,2
7533,-22.920155,-25.789871,0
7547,30.15118,-26.466564,1
7553,-8.958144,-20.080317,2
7554,-14.759749,-35.03281,2
7559,-38.22196,-13.039354,0
7574,25.761753,-3.4727168,1
7575,16.052668,-4.75736,2
7588,9.75219,36.457493,2
7598,-56.27885,-10.246195,0
7602,4.577787,48.07727,2
7604,61.877758,-1.9522444,1
7623,18.634064,29.37624,1
7629,10.712818,-54.60822,1
7684,12.135767,-7.017697,2
7701,-7.432409,-48.56829,2
7705,14.196665,-5.418773,2
7710,59.96848,-4.318996,1
7718,10.525463,-45.00968,2
7725,43.341007,-0.2750682,1
7729,11.12809,-48.16533,2
7748,44.824604,-2.613275,1
7750,20.26146,-3.1769793,1
7755,-6.79185,-46.594948,2
7762,5.0369496,46.013733,2
7764,-6.4464617,32.595238,2
7780,-49.795837,-41.89593,2
7795,58.32954,4.314814,1
7854,2.716681,32.294434,2
7860,43.459286,-20.412134,1
7862,39.361053,-4.4584007,1
7872,-29.701328,-0.13111123,2
7881,5.1259227,46.136005,2
7884,48.054707,3.440721,1
7886,52.349453,-5.436517,1
7900,-20.28119,40.001007,2
7918,16.460869,-8.485735,2
7947,2.314276,52.584194,2
7950,-53.846157,-11.101466,0
7957,-36.000874,-3.651102,0
7959,36.95764,5.435818,1
7985,11.384251,-53.376545,1
7999,60.49259,-17.605331,1
8004,-7.845967,41.867588,2
8009,59.66068,-7.0404835,1
8010,-66.64264,-6.148494,0
8011,-10.183419,-47.627968,2
8016,11.594163,-43.45089,2
8017,10.469658,-57.87605,1
8021,-66.86472,-8.446571,0
8035,48.812347,-5.3174996,1
8050,56.372425,-16.99231,1
8064,-64.62431,-8.831529,0
8077,39.654312,48.303326,1
8085,-1.796712,-20.178503,2
8116,-23.227118,43.420616,2
8124,40.523197,51.059742,2
8143,3.650274,-24.11317,2
8146,31.907492,-6.2907233,1
8153,-34.138084,-5.450033,0
8172,-26.830162,43.591747,2
8176,57.280376,-19.161848,1
8179,25.91903,5.8726296,2
8188,11.856379,-52.90453,2
8193,51.695988,0.80356556,1
8199,35.08232,-20.445776,1
8211,-2.5328217,-50.412415,2
8212,62.931934,-8.752037,1
8221,41.74232,-1.2327529,1
8224,25.20762,-7.4983244,1
8238,-3.6541793,32.240376,2
8246,63.082634,-7.19409,1
8247,-24.596857,44.203247,2
8254,-22.539148,-27.090235,0
8261,41.670704,-21.530617,1
8268,7.545218,46.22162,2
8273,-5.7191086,33.76351,2
8279,48.45116,-5.2133174,1
8310,-18.21424,-18.472214,0
8311,41.027176,1.5146016,1
8314,-21.723017,40.80672,2
8320,14.708744,-8.499892,2
8351,61.85178,-2.845976,1
8353,1.472267,48.318073,2
8367,-20.252642,41.77415,2
8370,37.24487,-2.619186,1
8380,-26.960524,50.414684,0
8397,-22.782864,-31.57952,2
8421,63.355038,-3.4470809,1
8425,29.536976,-22.283545,1
8444,44.82839,5.3648787,1
8449,3.019485,50.66867,2
8453,-11.492455,46.11324,2
8471,35.20075,-17.709343,1
8479,-38.649513,-13.784116,0
8485,14.42922,-48.052174,2
8487,11.332922,37.371574,2
8499,16.938654,-7.430385,2
8501,28.881605,-9.304411,1
8523,-23.757982,42.105255,2
8534,-6.2816453,-19.317755,2
8546,-49.180786,-6.493185,0
8549,33.03646,1.6376752,1
8551,36.69645,-22.346224,1
8556,14.771035,-4.2084236,2
8561,-41.951824,-5.593268,0
8565,-2.550197,-27.537575,2
8567,-66.3102,-8.620565,0
8597,39.663532,-4.504786,1
8598,-8.975489,-47.566734,2
8599,1.518436,34.129192,2
8602,-61.824963,-7.641706,0
8605,-19.91488,53.772923,2
8608,-10.51354,-46.554943,2
8618,41.007454,-17.257925,1
8620,-43.93005,-10.474487,0
8636,-47.98053,-6.2152286,0
8637,-8.730578,32.97578,2
8642,47.757427,-17.99977,1
8657,38.47384,5.2464294,1
8659,-49.703686,25.805475,0
8665,-11.780198,37.713387,2
8666,5.370603,44.08361,2
8667,18.780472,-6.4827433,1
8694,7.665943,46.143723,2
8708,36.129517,-4.1750774,1
8714,-53.179203,-38.279552,0
8719,-10.407976,52.113373,2
8723,-22.229326,43.76734,2
8736,-1.6854216,-52.779026,2
8744,6.215995,45.713566,2
8773,-0.16982262,-52.46645,2
8777,24.619852,-19.957378,1
8786,-20.674454,52.050102,2
8798,48.268215,2.4856808,1
8815,5.690955,35.905663,2
8818,-18.907654,40.282368,2
8822,59.527733,-20.383228,1
8827,59.536396,-16.166195,1
8842,59.311234,-18.216415,1
8846,-45.14703,23.01525,2
8877,-46.510433,-45.78286,2
8878,-2.0472004,-52.50509,2
8893,10.495275,-57.8337,1
8896,42.219055,1.6363,1
8907,-13.161808,38.327522,2
8910,11.945845,-46.149544,2
8911,-5.681117,38.763374,2
8927,48.741894,5.126776,1
8936,12.913546,-4.118236,2
8940,-9.055805,35.463417,2
8954,43.325405,-23.843313,1
8963,13.287285,-6.2515383,2
8972,46.501015,2.6181247,1
8978,-28.445808,44.1159,0
8983,-10.416881,-46.106007,2
8988,-37.775307,-12.749573,0
8993,-14.928345,36.991226,2
8995,11.902617,40.915546,2
9009,13.121786,34.663895,2
9029,-20.809114,57.442577,2
9040,59.25641,5.3407955,1
9042,-36.9245,-4.467576,0
9070,-31.735624,-1.1043212,0
9075,-5.7609878,38.368744,2
9076,-16.138506,38.733116,2
9082,65.42269,-8.662685,1
9083,-12.713562,-43.534233,2
9123,-44.25862,-5.8853226,0
9127,-9.748259,37.07371,2
9131,-0.054693904,-22.32678,2
9138,-1.1568053,-30.197172,2
9155,33.92804,-1.7453743,1
9157,6.1361895,46.351734,2
9167,32.442642,-2.595713,1
9175,31.287622,-5.008823,1
9188,-65.14511,17.001118,0
9192,-38.767708,-14.0925255,0
9197,-54.363384,27.091291,0
9198,-7.407351,34.264664,2
9202,15.855419,29.31588,2
9218,-65.756226,18.5654,0
9244,10.651362,-47.97674,2
9276,40.125443,-23.262993,1
9282,-19.702244,53.651344,2
9283,41.50287,-20.345284,1
9284,-55.95625,25.701399,0
9292,4.632506,37.49595,2
9328,14.866323,-6.143896,2
9340,4.2579527,49.037506,2
9354,42.939537,46.994354,1
9362,-4.268624,-49.943836,2
9363,51.255127,-3.4887471,1
9368,15.885938,29.446823,2
9370,-10.725309,37.829716,2
9392,39.11818,1.3573439,1
9413,29.973932,-4.1319532,1
9430,-44.067814,-10.796028,0
9431,17.771515,13.627098,1
9432,-13.134685,39.785103,2
9458,-23.688927,-32.287685,0
9460,-4.318871,38.51287,2
9475,-61.2442,-7.6663375,0
9476,-63.061695,-6.465006,0
9480,36.36097,2.796318,1
9489,-1.7801721,-20.19933,2
9502,-4.9609437,-25.570847,2
9508,42.13147,-18.866657,1
9514,-8.392332,-45.719414,2
9519,3.417231,-25.37189,2
9529,-39.7613,-7.6766014,0
9542,43.071663,46.32498,1
9555,-29.478464,-1.259981,2
9574,4.148698,43.148537,2
9586,47.04409,7.0219946,1
9591,40.10341,-0.48779157,1
9600,55.387405,-7.89843,1
9608,40.765453,-21.133337,1
9617,-31.145864,-0.75907964,0
9635,37.530647,-5.93103,1
9637,64.12737,-1.5521526,1
9653,-44.663097,-43.18614,1
9658,-21.194393,51.81086,2
9661,16.556684,-6.6518755,2
9670,-23.641388,50.446983,0
9697,-8.834503,-43.446526,2
9700,-26.823019,47.008656,0
9722,-9.794978,-44.739403,2
9725,-59.6545,24.052141,0
9741,45.46072,3.3942964,1
9743,-9.97091,46.464172,2
9744,39.637577,4.6535125,1
9748,58.656822,3.5517666,1
9757,-60.850956,-6.32104,0
9765,20.405842,-14.843763,2
9796,-38.859867,-13.951969,0
9806,-50.6495,-39.322987,0
9823,62.201073,-3.1259477,1
9828,11.415461,34.133305,2
9837,18.469477,-8.231302,2
9842,46.297348,6.651338,1
9844,44.33059,-19.123907,1
9864,-11.931633,-40.784386,2
9889,23.993183,-6.714813,1
9903,-2.9655485,-51.50508,2
9910,48.101086,-6.1450553,1
9913,-17.655064,-35.000828,2
9927,-53.208954,-6.7063227,0
9953,56.086494,-16.900484,1
9965,-11.478604,35.83298,2
9968,-8.753599,-22.352972,2
9975,43.660435,1.9830219,1
9981,-14.759177,-37.32779,2
9983,-42.215607,-6.3178277,0
9985,6.1598577,-35.052834,2
9986,57.47761,-7.0218143,1
9993,-46.807724,23.109343,0
10007,13.8379345,-49.670784,2
10021,23.336233,-14.7242365,1
10045,4.7469544,45.958614,2
10046,27.58101,-6.7501903,1
10049,-57.305775,21.175123,0
10054,-5.6562915,-21.91484,2
10068,-12.254959,41.455254,2
10071,-63.91428,16.302996,0
10073,41.59734,-5.483219,1
10087,11.402138,-50.271362,1
10095,-49.616127,-40.139465,0
10111,25.654612,-9.486177,1
10113,0.5814425,-29.113659,2
10124,61.166904,-9.0756855,1
10130,-41.257717,-9.823672,0
10150,-54.50098,27.81613,0
10165,41.359497,1.6887842,1
10168,-50.424187,-42.023327,0
10170,9.110522,-47.01849,2
10171,55.040726,0.36079693,1
10176,-26.83032,45.444954,0
10223,18.91752,-1.7169414,1
10228,47.739544,-6.312746,1
10229,16.317862,-4.5216966,2
10244,62.37616,-8.452956,1
10249,45.4252,-4.77705,1
10260,2.377242,31.929258,2
10289,46.874844,6.0327816,1
10306,-40.931812,-12.992442,0
10311,45.815952,-19.814713,1
10313,15.986849,-8.007037,2
10335,9.817774,-44.509026,2
10345,-49.53097,-40.527943,0
10347,-63.50334,17.722456,0
10357,11.269165,-53.51439,1
10363,-56.06294,22.954126,0
10365,2.215167,-28.236355,2
10389,-39.19143,-4.400862,0
10396,-21.901482,41.558994,2
10401,38.424862,0.45826072,1
10442,-34.22009,-5.452237,0
10462,-47.521923,-8.368348,0
10467,-19.768414,43.808746,2
10475,-9.85473,40.906986,2
10480,52.25711,-5.1965456,1
10490,62.595463,-5.705476,1
10511,-10.195054,-20.180035,2
10531,-11.165597,-47.237633,2
10549,36.272694,-5.3060603,1
10550,-11.01659,40.36668,2
10561,-59.559177,-9.11222,0
10572,16.351894,-4.616349,2
10576,-47.419098,-9.0358925,0
10587,-31.963564,-2.4978056,0
10613,23.055363,-6.0098495,2
10623,-58.995705,22.894117,0
10630,-3.8415737,-52.285934,2
10638,-16.91134,41.594162,2
10671,45.048298,-0.048340954,1
10677,9.386018,-42.8022,2
10679,43.3117,45.50368,1
10680,-26.529238,44.469074,0
10691,59.963863,-19.40437,1
10698,-6.6771755,-50.9117,2
10709,35.611324,4.152373,1
10721,47.037636,-4.9708133,1
10722,-0.033748146,50.13715,2
10733,12.655625,-43.423645,2
10745,-3.8945985,32.783367,2
10759,2.7228892,-24.526564,2
10761,-0.8893257,48.11092,2
10810,-15.592208,-33.69506,2
10817,5.5413365,36.487804,2
10852,-9.650187,39.073936,2
10899,65.61093,-4.1975565,1
10922,32.34845,2.4764934,1
10961,-26.609356,43.325897,2
10993,-11.092309,41.26055,2
10994,-30.138123,0.616991,0
11007,-65.02241,-5.5411353,0
11058,34.564816,-6.499817,1
11059,-18.098312,48.171883,2
11066,59.87047,-17.90164,1
11067,-45.747265,-45.20915,2
11090,-63.580948,-6.441643,0
11106,-2.7277465,34.540516,2
11113,2.2074323,30.42886,2
11115,-38.154537,-3.380938,0
11124,53.645065,-3.1524422,1
11126,-33.494095,-1.8749212,0
11137,-47.25782,-8.736916,0
11151,10.4017725,-38.978603,2
11173,10.976797,-56.211334,2
11174,-38.360443,-12.238539,0
11179,37.772987,6.911431,1
11181,-65.00053,-5.499721,0
11186,41.822285,2.169705,1
11208,14.1833725,-5.9040575,2
11222,-24.988422,52.58172,2
11274,22.83033,-4.7322283,2
11276,41.815784,-2.342665,1
11295,56.14,-19.458963,1
11301,26.336758,-18.99197,2
11313,37.719463,52.644665,2
11326,10.495563,-57.341087,1
11327,58.991753,-2.3292036,1
11341,64.44156,-1.6913259,1
11348,43.082584,7.0601854,1
11351,-45.427273,-42.283604,2
11354,-0.3448005,40.19089,2
11360,-0.3414214,32.181,2
11381,3.7738178,-31.848877,2
11383,-5.164519,-46.010048,2
11388,-62.085552,-7.7198606,0
11393,-16.203745,47.390827,2
11409,-21.673487,52.065956,2
11424,36.69294,51.689445,2
11426,62.23327,-7.62302,1
11429,10.5604315,-44.772213,2
11434,-65.72714,-4.529243,0
11435,12.43778,-40.386387,2
11438,-68.74287,-6.9295635,0
11483,-11.982649,34.31264,2
11487,0.4422314,30.779984,2
11488,40.309917,48.807472,1
11501,-53.090847,-37.39754,0
11519,-62.569588,21.217041,0
11537,-5.382316,-23.522354,2
11541,23.051857,-15.258904,2
11563,-30.18332,44.770317,0
11566,49.73293,4.0165696,1
11572,62.14169,-18.309843,1
11574,-24.688011,42.697346,0
11581,49.288563,6.054946,1
11584,-7.21495,-46.01071,2
11585,5.092245,51.13684,2
11590,-10.327144,-46.925037,2
11607,33.741684,4.6331825,1
11616,46.81282,0.65374637,1
11617,60.96879,-7.3244023,1
11619,57.86682,-7.6541543,1
11622,39.077602,-22.082266,1
11634,53.477627,1.2780141,1
11646,-5.3099847,-49.12628,2
11658,-18.375875,38.84574,2
11662,-15.43181,-39.209095,2
11682,-18.783255,-32.651127,2
11703,42.667892,46.035545,1
11709,-15.174762,-46.044262,2
11712,-11.971297,-37.251072,2
11717,-19.93507,54.254414,2
11720,18.699259,-6.415228,1
11721,-48.175602,24.15965,0
11724,4.7479377,37.55957,2
11730,-10.821729,33.09869,2
11745,36.92036,-19.353935,1
11750,17.532951,27.999624,1
11759,-14.532364,47.58773,2
11771,14.934737,-7.887087,2
11773,47.005234,-17.487856,1
11790,-55.716,-9.972143,0
11793,42.033424,-1.6490185,1
11794,-11.337785,-20.21352,2
11797,1.2607917,49.427765,2
11799,-12.613642,-46.303047,2
11816,0.07666786,-27.755432,2
11831,-51.56991,-11.078689,0
11836,-14.502552,48.41738,2
11841,10.309875,-44.99842,2
11845,45.283478,4.078659,1
11851,-60.13756,25.554419,0
11870,-53.573368,-38.546764,0
11883,62.235718,-18.254555,1
11893,1.6390572,34.128014,2
11894,49.361607,-5.0493503,1
11909,50.460163,6.365542,1
11911,-3.595011,-47.953712,2
11914,-54.54766,-9.869917,0
11915,-38.401024,-1.7815157,0
11918,50.43427,1.7142721,1
11919,-38.773567,-6.2385945,0
11929,42.73268,-22.33347,1
11934,-3.983737,29.262741,2
11942,39.84846,3.849878,1
11945,-52.85379,-8.192631,0
11947,43.55635,1.9642318,1
11954,-39.119102,-15.395247,0
11956,-24.28169,42.071064,2
11969,11.043384,40.747074,2
11986,13.020056,-3.9872751,2
11987,53.270226,-2.8547928,1
11991,42.803677,-23.176043,1
12019,48.262787,6.2160397,1
12034,-64.01507,18.00653,0
12035,4.20505,48.631733,2
12047,-61.307705,24.071106,0
12070,-1.8883064,-26.56433,2
12074,-12.061312,47.824787,2
12085,-46.86714,-45.802353,2
12091,-45.814735,-44.684868,2
12105,-65.785065,18.387972,0
12108,12.061101,32.689922,2
12114,-33.416187,-8.939304,0
12117,-50.475727,-6.05685,0
12163,34.72376,-4.7386208,1
12165,-10.022769,40.38705,2
12167,10.270198,-57.738243,1
12176,46.37185,2.7927175,1
12178,-14.38231,47.91355,2
12185,-22.676807,-25.383144,0
12190,-1.0807357,-25.51879,2
12193,-22.816654,-31.611683,2
12194,23.536499,-8.04082,1
12200,43.67292,-7.0417123,1
12213,-52.704254,-11.400257,0
12231,-54.803604,-8.658076,0
12245,33.36943,-19.560146,1
12262,10.14893,33.259853,2
12266,58.457623,0.37994662,1
12268,-19.249651,40.899857,2
12286,3.0044353,-58.50443,1
12302,29.722063,-20.275606,1
12314,-47.789967,-44.605007,2
12316,6.754309,-38.420696,2
12326,2.5517375,-24.472486,2
12327,35.661514,0.7024611,1
12336,37.09383,6.308711,1
12346,16.96081,-1.9419034,1
12358,49.144722,-21.513638,1
12374,-39.420074,-13.275257,0
12379,-63.44907,-6.4129934,0
12380,55.335735,-20.439411,1
12388,-34.348583,-9.253711,0
12389,30.12413,-3.6570907,1
12399,49.065994,-3.9526193,1
12404,-48.717567,-9.400028,0
12419,-12.290611,34.855053,2
12423,-14.210427,41.220406,2
12446,-14.138686,-38.68988,2
12450,-36.510433,-3.3782408,0
12462,-31.42158,-1.6463128,0
12488,31.329584,-7.080654,1
12490,-43.658474,-4.24163,0
12493,65.85267,-3.1990733,1
12495,-62.829075,19.17544,0
12504,-14.585785,-37.15553,2
12533,41.95084,-22.864326,1
12555,-4.631653,-49.390007,2
12580,-51.7291,25.383144,0
12605,-6.2332387,40.49964,2
12626,-11.377837,-47.2688,2
12634,-8.750255,-38.830334,2
12639,-1.5500017,-25.440369,2
12653,-11.226111,-45.77869,2
12707,5.394384,-34.811676,2
12709,32.992764,-21.518446,1
12729,58.67673,1.0477579,1
12755,-44.226776,-4.9917836,0
12781,-61.00859,19.225996,0
12794,10.911817,-47.07848,2
12798,3.5600266,50.651325,2
12801,35.20024,5.391088,1
12803,42.816666,-21.999874,1
12807,23.87058,-8.220387,1
12808,-10.715123,32.90662,2
12815,41.843517,-22.182465,1
12818,-16.70435,47.026833,2
12820,45.060654,-0.77139884,1
12835,6.3788047,50.283596,2
12848,41.947674,6.8296776,1
12854,49.07648,-4.2143416,1
12870,10.258386,-47.39743,2
12872,-1.9154029,41.485718,2
12877,5.690148,36.020447,2
12909,-36.367794,-5.899475,0
12923,-48.79396,-13.109028,0
12926,-21.592005,-27.059332,0
12936,2.4465902,53.08016,2
12969,48.30467,-20.897024,1
12989,37.517467,4.532347,1
13002,-68.368965,-5.806514,0
13005,0.37570238,-23.557034,2
13023,10.046358,-47.839962,2
13027,61.641006,-3.7974312,1
13042,-35.41733,-10.328606,0
13052,-40.547016,-1.529421,0
13078,-42.274525,-2.121737,0
13117,7.6909685,-39.83504,2
13121,52.919914,-19.349861,1
13141,65.14133,-7.5138927,1
13154,67.0707,-2.5956392,1
13158,-41.248695,-4.310348,0
13166,-12.424415,50.778088,2
13176,-0.33309442,34.397194,2
13178,48.60457,-15.634912,1
13186,23.711172,-23.883333,2
13198,64.99463,-1.676748,1
13203,-32.42351,-1.3771731,0
13211,56.262203,-6.2503967,1
13231,-22.607695,-26.915993,0
13238,37.13973,52.55161,2
13271,58.365913,5.186248,1
13275,52.226204,-21.916426,1
13277,-14.668968,40.00957,2
13278,-0.797921,33.038143,2
13287,5.6818967,50.650043,2
13297,-4.4206796,-53.022167,2
13298,55.712326,3.7088447,1
13299,40.44573,-20.298595,1
13319,15.227668,32.488544,1
13321,46.709385,-16.74509,1
13325,29.142866,-4.3766303,1
13332,4.9670086,-53.794807,1
13333,-61.67414,24.999435,0
13337,57.15153,0.5230143,1
13346,-24.148354,48.558376,0
13356,13.686344,-7.929071,2
13364,51.421413,-1.9629378,1
13378,12.481976,34.347713,2
13380,34.04236,-20.931337,1
13407,-46.358772,-6.0024533,0
13408,45.216213,-3.4834583,1
13423,-15.999884,-19.287252,0
13435,-64.45883,-9.049597,0
13438,-46.674004,23.9633,2
13447,-28.65075,48.45092,0
13449,35.548218,-4.6360464,1
13450,-9.980942,-48.004086,2
13462,-20.433569,-33.505928,2
13471,-9.713998,-48.212284,2
13483,41.22583,-0.8731425,1
13494,-17.503046,-30.067297,0
13498,5.215085,-34.7506,2
13513,9.525834,-44.767292,2
13518,23.312914,-14.6746435,1
13523,-64.40026,18.987202,0
13553,39.847843,6.672485,1
13565,-15.779738,48.006046,2
13569,-57.06126,24.903084,0
13570,45.501354,-3.9109485,1
13578,-61.66594,24.237839,0
13583,-6.8970275,-19.598688,2
13586,-50.00615,-10.122402,0
13598,18.972397,-6.867618,2
13618,51.844437,-2.9615707,1
13628,37.022327,51.699947,2
13639,-50.197006,-39.166595,0
13680,-67.45938,13.851949,0
13688,45.919643,-17.991379,1
13691,55.505882,-4.486528,1
13692,-22.229738,49.703487,2
13696,-49.90667,-9.242162,0
13715,37.073036,6.441355,1
13722,14.384939,-8.175823,2
13742,-7.687497,45.68005,2
13753,55.951252,-3.4321053,1
13761,-26.873306,43.404255,0
13763,-30.701351,0.36887237,0
13787,14.383095,-10.386187,2
13788,-7.280015,37.928562,2
13808,24.820984,6.7051067,1
13817,5.479214,-33.64394,2
13824,-4.598884,31.671171,2
13825,14.175703,-7.829942,2
13827,30.94079,-3.0828114,1
13833,-61.68881,20.655622,0
13834,3.466448,49.372986,2
13836,-49.503853,-6.061731,0
13839,2.7228992,49.984417,2
13840,57.522423,-17.719494,1
13849,33.37265,2.251718,1
13859,-4.2212634,-25.462425,2
13862,42.01909,-22.502752,1
13873,-41.741684,-7.0546885,0
13892,63.09285,-3.5298817,1
13896,3.1363368,-23.762928,2
13905,-6.0060267,37.33627,2
13913,-34.41278,-5.8558235,0
13918,-64.184364,-5.8762302,0
13952,-51.494926,-10.610473,0
13964,-17.326443,-19.50458,0
13970,43.610477,-17.230244,1
13973,-64.59872,-8.688803,0
13981,-39.297966,-4.80469,0
13997,-3.0148735,-27.901642,2
14011,-62.384613,17.771204,0
14018,-44.626102,-7.9134855,0
14025,49.44083,4.6280065,1
14026,11.555258,35.81983,2
14032,-42.5883,-7.5407944,0
14057,-48.372906,-13.091763,0
14069,26.428349,-19.320625,2
14070,-17.043303,-45.69857,2
14084,24.01965,-23.490543,2
14088,57.287235,1.3200233,1
14099,37.694904,52.53128,2
14102,30.119816,-26.777702,1
14143,-15.407262,-33.494564,2
14144,-4.0960674,-25.685196,2
14159,49.581715,4.82463,1
14171,34.97019,2.6222334,1
14174,-57.288734,20.64201,0
14178,24.672918,-7.9764595,1
14193,-44.136177,-10.098978,0
14202,-14.4615135,45.858036,2
14207,-47.678143,23.472906,0
14215,43.958923,-17.865047,1
14217,40.333603,5.5134606,1
14242,-62.1884,-6.5108852,0
14250,61.196404,-2.940278,1
14252,-19.470167,-29.937645,2
14256,65.29564,-8.4060755,1
14258,30.855957,-1.889303,1
14264,-18.57602,-29.5541,0
14268,-66.08428,20.12357,0
14269,43.65334,-25.132994,1
14277,3.4438143,50.279766,2
14280,-62.469868,20.642534,0
14285,-4.727815,-51.208,2
14315,-9.6984,41.838516,2
14332,16.734955,-4.0086756,2
14338,5.548889,-38.514896,2
14349,-12.45008,34.90387,2
14353,9.378292,-37.376427,2
14367,3.8019855,49.250896,2
14380,-52.774525,25.769373,0
14384,-34.313103,-1.776455,0
14389,65.69744,-2.9329758,1
14393,3.8584967,33.70909,2
14421,-12.347886,39.02981,2
14435,-14.831523,-43.22631,2
14441,9.332301,36.225185,2
14446,-64.00732,20.811033,0
14472,37.1775,-22.906805,1
14491,4.039556,-52.976143,2
14503,-18.52278,49.32067,0
14520,-24.60377,48.852226,2
14531,-68.72219,-6.7555423,0
14533,-30.641443,47.121956,0
14550,31.113194,-24.822863,1
14553,-50.44043,23.245598,0
14554,61.82191,-6.859115,1
14564,1.3036162,-26.515417,2
14575,61.241592,-3.2598903,1
14592,-61.591522,18.393742,0
14601,46.03266,3.5742912,1
14604,-5.85213,31.289904,2
14614,12.299706,41.114174,2
14619,1.230061,-53.57638,2
14634,10.710655,-49.443043,2
14643,-50.525967,-37.694267,0
14654,-6.42791,30.497746,2
14658,40.0564,-21.088232,1
14660,-55.74049,-10.062687,0
14664,51.249832,4.1683974,1
14678,-13.536362,39.276802,2
14682,4.0337224,41.76228,2
14683,34.7781,-2.5186043,1
14702,-1.8490193,31.708258,2
14720,-0.45354056,47.604313,2
14722,7.746774,36.348988,2
14723,57.284195,-19.055824,1
14730,-56.348415,21.475626,0
14731,31.903313,-6.278688,1
14735,22.145647,-24.297619,2
14738,-30.500532,0.62826604,0
14787,-49.86676,-44.58977,2
14794,24.7603,-19.973536,1
14834,-12.005863,31.606787,2
14837,-3.2637033,29.886833,2
14842,43.27428,45.528587,1
14854,-22.995535,55.57329,2
14857,-6.119631,37.493866,2
14862,42.405556,-22.513727,1
14864,18.308529,32.183014,1
14875,-9.367959,-46.970364,2
14883,-13.968571,48.380535,2
14897,48.08232,-5.891182,1
14900,35.313976,1.0507886,1
14907,0.2336807,30.88853,2
14908,27.598043,-17.906479,1
14914,-12.559423,-46.40215,2
14917,-50.135403,-39.983807,0
14920,-3.5553234,-46.47027,2
14921,-40.089596,-3.506641,0
14945,-43.9111,-9.812641,0
14956,-40.682514,-3.742299,0
14968,-27.612677,48.246086,0
14971,-15.120818,50.66348,2
14979,0.062852286,-29.457056,2
15000,11.060316,-53.181744,1
15006,31.219791,-20.701345,1
15012,-66.61289,-6.377561,0
15014,-60.038445,21.721739,0
15016,7.2806826,-41.479145,2
15018,40.414253,8.273989,1
15028,-22.34005,49.594757,0
15065,-14.436942,47.118824,2
15093,1.8746139,-23.529167,2
15097,-20.974539,55.17024,2
15107,2.3394368,53.161896,2
15117,-49.118633,-7.118737,0
15156,27.80202,7.0192733,1
15171,14.368592,-10.371881,2
15172,8.948374,-35.63718,2
15191,61.26683,-8.83881,1
15193,47.854656,6.4726834,1
15201,-15.810689,-36.126846,2
15206,-5.178583,-47.609867,2
15218,34.35685,6.3763313,1
15224,48.149757,-2.051815,1
15228,-48.708786,-6.398646,0
15234,54.805634,-5.514877,1
15235,-50.553276,-44.294033,2
15240,-48.686485,-9.527981,0
15257,62.027393,-1.001713,1
15286,11.607049,-54.738453,1
15295,-3.0609639,-24.12998,2
15314,20.419788,-15.635108,2
15328,-40.730343,-5.873805,0
15330,25.563765,6.274278,2
15335,-60.38849,-6.4814577,0
15340,-14.92378,-45.917603,2
15342,34.25094,4.2430153,1
15349,9.301012,-37.27957,2
15353,-45.325287,-5.9382315,0
15358,-17.987906,-35.538677,2
15359,59.80658,6.4336033,1
15368,58.880672,-20.353516,1
15370,63.72302,-6.2436852,1
15378,-36.12328,-5.6545343,0
15392,43.953133,7.809397,1
15394,38.217945,51.39767,2
15396,18.194527,30.184814,1
15403,49.153545,-18.413788,1
15405,63.822186,-7.037075,1
15413,38.01707,-20.328367,1
15416,65.80872,-8.719012,1
15417,10.479777,-58.760124,1
15418,10.876388,-53.351093,1
15420,48.093765,-8.140141,1
15430,9.0877075,-57.674046,1
15435,61.865833,-6.9815316,1
15438,-23.681538,40.827713,2
15448,-25.948431,52.2882,0
15449,-5.3903284,-52.072594,2
15451,45.03085,5.304277,1
15463,-45.476208,-42.063843,2
15474,-5.6318016,38.04463,2
15487,17.459618,-2.5863397,2
15488,48.040417,-1.9622505,1
15498,17.107273,-8.385736,2
15508,1.8739742,-28.3681,2
15514,-5.8908005,33.68589,2
15517,8.560732,40.50903,2
15518,8.628219,-40.625797,2
15520,29.692667,-23.155151,1
15543,8.154145,34.557087,2
15545,0.4220947,30.63025,2
15546,-4.6354146,-49.536434,2
15566,1.6801035,-24.712912,2
15567,40.825882,-0.63334763,1
15572,-38.898342,-3.441159,0
15591,2.2674932,30.318964,2
15596,39.44489,-22.528646,1
15615,46.124092,2.3245685,1
15630,-15.036197,-41.053776,2
15632,-61.01553,21.225836,0
15636,3.2695885,33.74694,2
15639,7.012302,-31.416046,2
15644,28.929571,-22.092123,2
15659,-3.5178607,-49.313797,2
15672,66.22173,-4.2210326,1
15680,-62.664005,19.087833,0
15686,-43.705265,-6.5811715,0
15687,37.21814,10.508961,1
15688,-45.471684,-43.04601,2
15696,-50.919167,-9.485063,0
15700,41.1249,-0.8875079,1
15704,42.259796,5.756046,1
15715,-39.27635,-6.0019073,0
15723,41.18135,46.299988,1
15740,-68.120094,-5.4939685,0
15750,-5.029975,-51.161167,2
15753,-1.1704022,-25.000626,2
15769,39.988876,-3.3109443,1
15773,-42.10611,-7.435546,0
15791,10.264018,-51.88772,2
15815,-15.321106,41.334,2
15819,20.95334,-16.234606,2
15833,49.497036,15.368382,1
15834,-34.124767,-1.0418997,0
15838,-46.818176,24.059896,2
15839,-57.861813,-6.9646716,0
15844,62.429993,-17.761131,1
15857,-14.773519,-41.07029,2
15892,-67.39432,-4.197615,0
15894,35.36766,0.97308224,1
15900,54.72197,-20.834303,1
15913,59.390335,1.1339867,1
15931,35.052395,-5.013777,1
15933,47.483223,-23.399265,1
15958,4.795381,-33.17785,2
15976,-4.6766505,56.601463,2
15984,-22.719793,-25.823404,0
15986,-57.685043,24.466558,0
15993,-3.2495267,-26.987608,2
16007,25.678282,6.459537,1
16011,43.836067,21.237194,1
16020,8.519917,-40.221825,2
16022,34.74851,-4.644946,1
16036,-9.318592,38.584263,2
16061,38.011543,1.6517384,1
16064,34.515358,-6.685251,1
16065,-48.573174,-44.115253,2
16066,35.41468,-2.4716885,1
16070,39.944798,-18.794538,1
16072,-63.816025,17.691193,0
16106,-17.953876,-36.25589,2
16114,-60.055195,18.827452,0
16119,46.78703,-5.514232,1
16138,-57.231403,20.971638,0
16157,52.635784,3.3837948,1
16164,-12.874058,-46.093964,2
16166,-8.886852,-49.548775,2
16168,-1.7962149,46.300507,2
16176,1.3634597,29.284494,2
16180,-53.721493,-37.10585,0
16189,-9.971633,40.241207,2
16206,-49.458767,24.526539,0
16211,46.78705,-19.175264,1
16235,-0.12927113,42.790024,2
16241,-9.265582,-48.93674,2
16251,-0.68294704,-28.753948,2
16253,11.084657,-7.0299306,2
16260,-1.0060877,31.925997,2
16264,18.814543,-3.3686805,1
16270,-25.539082,51.450813,2
16278,55.408306,-21.094893,1
16303,62.473206,-17.198946,1
16314,60.637707,5.6143937,1
16321,-59.15262,22.225313,0
16325,37.56997,-2.2092254,1
16336,66.76977,-5.771373,1
16341,-13.36508,40.05255,2
16362,-60.496532,26.375435,0
16369,40.241684,8.459798,1
16382,-1.6645449,-54.563335,2
16391,30.06363,-26.974716,1
16395,-15.773847,51.35975,2
16403,2.7748702,-55.867683,2
16408,10.955948,-46.78114,2
16409,-41.55296,-3.2369475,0
16427,-17.163364,-45.966946,2
16435,8.67369,38.094162,2
16440,0.10199738,46.97463,2
16443,-11.890765,50.53284,2
16481,2.708096,31.021917,2
16484,-18.426785,-31.066877,2
16518,-6.9661202,-51.045467,2
16536,-11.994734,31.468521,2
16544,11.35671,37.17574,2
16546,-51.335487,-7.5152082,0
16549,38.461304,2.420868,1
16554,-47.700493,23.145712,2
16566,-15.854358,-45.951077,2
16568,-53.21498,-37.494022,0
16574,31.910091,-4.284385,1
16581,-12.882447,-43.206383,2
16589,-10.584477,46.86305,2
16592,-3.9310648,41.35536,2
16599,3.211571,-34.409,2
16609,8.440987,40.632153,2
16615,52.83697,-2.632037,1
16634,-2.8732157,37.894756,2
16641,59.631927,-5.299828,1
16655,10.441199,-41.010586,2
16658,53.569935,1.4487311,1
16664,24.968176,-20.78364,1
16668,-9.76371,46.44296,2
16693,56.37681,-19.51594,1
16700,-64.34518,15.799242,0
16736,-9.94273,-17.357174,2
16742,-2.509481,32.72373,2
16745,-50.654083,-42.817665,2
16750,-40.654808,-3.877316,0
16768,3.7716613,46.4055,2
16772,-3.0442345,42.200954,2
16789,-50.505512,-6.1352334,0
16792,-43.251724,-7.899037,0
16793,-21.056473,51.177345,2
16795,25.120808,-20.722702,2
16816,43.275047,7.435436,1
16818,-10.136829,-54.775803,2
16823,54.39265,-5.6227803,1
16856,-4.6562524,-53.219837,2
16860,11.880984,35.646206,2
16862,25.554178,-3.240399,1
16880,-1.4657356,-29.26454,2
16896,41.829235,-4.888136,1
16927,38.33841,-19.676594,1
16928,58.844765,-21.515385,1
16945,31.812471,-2.4014583,1
16976,32.90708,-17.031635,1
16978,38.043976,-20.365683,1
16993,19.626167,-0.31937099,2
16998,14.431034,29.451517,2
17015,-57.943184,24.56874,0
17049,45.041313,-4.4262877,1
17062,-57.812794,23.374329,0
17065,-17.975563,47.924217,2
17075,28.95052,-4.3526134,1
17080,7.7315874,37.778297,2
17081,-28.703907,42.78181,0
17092,-42.892773,-3.750925,0
17096,-11.292393,26.84307,2
17111,-15.259718,41.34889,2
17124,-0.25830242,56.36348,2
17141,-40.97543,-12.909708,0
17147,39.33421,1.531742,1
17163,-56.432766,23.795311,0
17176,-21.160841,51.287186,2
17191,-11.328746,-21.523773,2
17200,-16.463255,-19.625212,0
17215,-1.2883946,49.68799,2
17232,-16.22554,-40.924973,2
17236,46.93157,-23.038212,1
17250,61.00863,-6.1431675,1
17261,-0.5222056,40.311256,2
17281,0.35964087,-53.366188,2
17283,-8.382669,-22.13772,2
17293,-52.337505,-6.69782,0
17316,-21.319687,-29.071934,0
17317,-4.4423823,-45.9983,2
17318,-40.70304,-5.991716,0
17322,-9.691198,29.570574,2
17327,42.344627,5.917133,1
17332,44.783615,6.0608726,1
17350,-50.28298,-38.339977,0
17354,36.238323,0.6924914,1
17359,-4.9384756,-53.341927,2
17360,-18.547155,-29.34952,2
17368,-20.08456,56.718163,2
17371,47.92177,5.1405687,1
17373,39.49356,50.6776,2
17411,60.820217,-5.7575903,1
17431,-44.977707,-7.853084,0
17445,53.76805,-5.3846784,1
17455,7.9692664,-43.787548,2
17483,52.67241,4.9150467,1
17491,44.05483,-17.024527,1
17494,32.066196,-8.604183,1
17502,-42.509357,-8.254092,0
17508,26.053545,-22.348717,1
17528,-42.33699,-5.8648205,0
17534,-42.400402,-14.521964,0
17540,-2.3943114,-28.083754,2
17563,-46.180893,-45.659878,1
17566,-8.259792,-54.49465,2
17596,36.934242,-19.607399,1
17603,-10.889,52.395683,2
17618,-64.49942,15.95334,0
17621,-2.146933,29.907476,2
17659,-46.238216,-4.7957225,0
17662,-43.382565,-7.1853113,0
17663,-50.527687,22.683634,0
17671,8.579281,40.508694,2
17673,53.628098,5.167853,1
17678,-17.786129,-37.658558,2
17695,3.3411481,40.97833,2
17703,-14.1534,41.457905,2
17706,1.6594826,-53.96238,2
17711,-13.881062,-44.0208,2
17720,-64.25156,-2.6421819,0
17763,-49.633293,-42.033962,2
17772,42.84492,45.807995,1
17795,34.438965,-2.88797,1
17810,-52.73423,-10.377381,0
17811,35.628273,-7.0102234,1
17814,-19.650396,-35.111404,2
17828,-6.118059,-23.357079,2
17862,57.465996,0.9939745,1
17870,18.48687,-8.86658,2
17876,53.455353,-5.371,1
17908,-20.397884,37.547047,2
17913,-67.4291,-4.809831,0
17917,-47.12765,23.7775,2
17938,-61.53085,23.815878,0
17948,-14.257628,37.454994,2
17950,-18.42925,49.02515,2
17961,31.858824,-22.173214,1
17972,30.893148,-1.9756832,1
17978,-3.2614732,57.88374,2
17980,2.0528123,43.321358,2
18020,-49.3705,-42.199074,2
18021,38.898552,1.3365742,1
18053,-5.5872865,36.688858,2
18068,18.413986,32.139095,1
18074,9.465762,-2.0388396,2
18089,30.047281,-20.137232,1
18103,56.948364,6.552175,1
18107,62.083775,-3.5826266,1
18145,-7.057127,-53.402363,2
18159,-16.461836,-30.312868,2
18162,-53.019596,-37.863323,0
18172,41.73676,2.6472454,1
18176,49.044056,-18.193958,1
18192,51.209244,4.0956225,1
18194,-13.447884,33.338974,2
18198,-9.740502,-45.218075,2
18216,-5.715541,-48.465446,2
18217,30.112219,6.977665,1
18220,-7.1808863,-23.681032,2
18224,39.41515,-6.590239,1
18231,-18.131596,36.545006,2
18234,43.552876,-7.160407,1
18239,37.616814,4.3887053,1
18264,0.19811313,45.101593,2
18267,-7.581731,-52.43347,2
18274,9.284175,-37.450085,2
18278,33.88729,-20.13601,1
18290,-58.578384,26.070969,0
18301,23.602884,-5.0170226,1
18303,-49.83518,-2.6204116,0
18304,-16.465212,-36.39648,2
18309,59.32571,-16.524837,1
18313,42.399094,46.613342,1
18329,-18.741116,-29.505838,0
18333,-8.65276,30.737377,2
18353,-54.021362,-5.1948447,0
18355,1.3721347,-23.8517,2
18391,-51.191154,-7.154788,0
18420,-13.985812,-39.063267,2
18423,0.34628177,56.28445,2
18440,-9.768258,32.61734,2
18443,60.258453,-21.966948,1
18450,31.20408,3.0099704,1
18459,-29.719585,44.313255,0
18465,-44.010227,-4.1894975,0
18475,-15.182966,-19.000156,0
18477,37.701714,-23.097477,1
18483,-10.173482,-51.45178,2
18498,33.69229,-25.018103,1
18521,32.434925,-25.214384,1
18523,-52.6544,-36.612137,0
18528,-8.077917,31.908112,2
18532,0.7273675,46.746864,2
18543,3.0712464,30.711164,2
18556,49.16491,-2.553879,1
18567,-6.6564565,-53.79735,2
18595,-52.84081,-37.513664,0
18598,-17.51456,-36.33862,2
18600,58.85004,3.56995,1
18603,15.618195,31.091787,1
18620,-21.73551,-23.75566,0
18635,-13.495376,32.13934,2
18639,-65.51259,19.049837,0
18661,-51.19572,-5.5666924,0
18709,-8.702175,40.206562,2
18733,-50.98962,-4.4066467,0
18749,-24.984062,49.099518,2
18765,4.3376956,-37.61,2
18771,3.9712644,36.197723,2
18776,60.33328,5.782826,1
18781,25.93122,-25.001513,2
18800,-5.550806,-22.093328,2
18806,-36.875797,-3.0761456,0
18808,20.65765,-16.066828,2
18811,-52.25783,-10.691928,0
18829,-1.495909,-45.172764,2
18834,9.903635,38.45814,2
18847,-13.64131,-47.7696,2
18848,-41.741894,-1.9934738,0
18855,-49.5074,-41.42206,0
18856,32.170284,6.045463,1
18860,59.542686,-20.12587,1
18864,18.242903,29.98243,1
18870,44.690437,5.4725733,1
18875,-30.090818,1.094972,0
18878,48.836998,-17.56629,1
18899,-21.085976,-32.031216,2
18909,52.666225,5.0138793,1
18920,4.8259525,-35.783073,2
18946,42.98714,8.166053,1
18958,-12.83845,-20.268925,2
18961,40.76283,-21.823471,1
18972,1.8915455,-56.203682,2
18979,45.21739,4.08988,1
18994,-41.495796,-6.3549476,0
18997,12.60603,-5.858804,2
19006,-19.074366,-46.050655,2
19015,40.05811,-23.332424,1
19018,7.316574,-39.414307,2
19039,34.562435,8.990552,1
19041,60.801327,3.1772327,1
19048,6.6435385,-35.951927,2
19050,26.012718,-6.2511477,1
19052,-63.884914,20.099817,0
19066,58.770523,-5.113757,1
19073,-5.318449,-52.232113,2
19074,9.06821,-57.795998,1
19080,-9.757382,-55.700237,2
19081,-7.15571,-54.764683,2
19088,-9.509023,-22.818169,0
19094,-10.672004,-49.89601,2
19102,8.599823,-49.987972,2
19116,-48.69374,-40.778667,2
19124,-35.900238,0.2155418,0
19131,-5.29415,-27.6665,2
19132,10.1030445,40.5154,2
19137,36.59157,8.138292,1
19147,37.414158,50.12409,2
19148,34.582077,8.622859,1
19162,-50.761127,-38.634697,0
19166,24.510168,-8.404157,1
19167,-2.1386905,-28.195343,2
19171,-31.249952,0.0039346744,0
19199,32.48776,-22.128674,1
19210,21.643667,1.0585384,1
19225,47.36505,-23.395943,1
19230,13.927171,34.23566,1
19239,-31.810804,-3.628413,0
19245,37.713734,51.732952,2
19254,27.903616,-6.49968,1
19270,2.395105,53.456253,2
19301,5.154042,-36.445976,2
19305,-29.335537,42.736794,0
19323,48.564064,2.155368,1
19326,39.12373,-21.893074,1
19337,-17.722326,54.619434,2
19342,-33.294056,0.92553455,0
19344,19.70687,-5.283568,1
19350,44.33204,8.321835,1
19369,58.393013,-8.2891865,1
19377,-20.062582,56.37339,2
19384,-33.009144,0.014178164,0
19386,0.68136823,46.636898,2
19415,2.427378,34.080833,2
19419,-0.49347976,30.760096,2
19433,-21.216236,56.08544,2
19451,-48.31858,-43.789474,2
19462,16.433338,31.134233,1
19464,-37.52005,-2.112857,0
19487,44.95706,-1.7014502,1
19515,-1.4770168,38.281376,2
19536,17.151546,32.591553,2
19545,36.972584,-7.126637,1
19560,-9.378753,29.238178,2
19567,-5.7699394,37.18681,2
19568,59.23319,-22.094105,1
19591,51.844254,-5.5097218,1
19600,28.780817,-20.361696,1
19604,-57.62471,23.249983,0
19605,-5.385899,-25.36727,2
19609,-14.239493,34.306454,2
19656,-7.425502,-22.122948,2
19658,-49.801937,-2.5371583,0
19661,29.932295,2.5011559,1
19665,-0.22758558,46.47639,2
19704,-44.084717,-0.13107687,0
19709,13.438468,30.981815,2
19712,8.802202,33.557907,2
19724,32.75248,-24.002926,1
19736,-23.204573,-32.159477,2
19753,-24.61944,41.554764,0
19754,-37.081364,-1.8238206,0
19755,3.4344454,46.658886,2
19796,-23.06239,40.658443,2
19821,3.9574382,41.76179,2
19839,-35.52724,-1.5338922,0
19842,1.4022629,28.750572,2
19850,8.954327,-35.770546,2
19857,-39.57235,-17.18773,0
19862,41.938934,-24.122492,1
19879,45.35681,-3.8792665,1
19880,-41.95778,-14.5216675,0
19881,-19.098358,-36.74707,2
19890,27.388687,-19.962421,1
19893,55.510197,-4.6927943,1
19897,-0.55327827,46.272896,2
19913,-1.8580698,-30.403162,2
19920,54.370216,-20.027952,1
19940,45.70788,3.6560133,1
19968,-19.03555,41.799664,2
19975,-42.977707,-7.2077265,0
20009,23.537598,-5.5774655,1
20045,-53.548363,-6.259594,0
20046,56.724236,8.382501,1
20056,14.804451,-3.53235,2
20063,-16.734762,-37.519577,2
20074,-27.078917,32.53969,2
20090,-16.558115,35.538273,2
20097,4.0866013,-24.435034,2
20102,37.497196,-1.913737,1
20104,-18.71095,35.800903,2
20107,-51.339386,-6.575656,0
20110,-64.06846,20.117413,0
20114,-2.5675316,-28.420145,2
20123,1.1946833,-32.408436,2
20128,55.319565,5.76082,1
20176,-32.942917,0.15896378,0
20178,39.677635,1.4715714,1
20184,-9.282894,-51.002647,2
20195,-57.881783,-6.8549933,0
20200,57.456627,-20.638426,1
20205,23.143188,-15.39963,2
20207,-19.93976,40.776688,2
20214,-49.936577,23.510706,0
20222,-16.87781,40.693398,2
20232,-63.863186,17.350079,0
20233,-3.427869,29.15325,2
20253,31.840904,-4.2047267,1
20260,-39.472836,-8.6724,0
20264,52.257977,-19.38695,1
20267,10.313277,37.202538,2
20272,-10.49259,48.195454,2
20277,28.747292,-4.9819994,1
20281,-64.374146,17.146954,0
20285,-66.30463,14.589982,0
20296,0.9212314,29.161457,2
20327,6.7067866,-32.372734,2
20331,-19.116688,-36.852535,2
20344,-61.11619,-4.330655,0
20345,-27.472988,50.50129,0
20358,-6.691281,-21.721327,0
20361,36.578754,0.5720597,1
20363,-57.97609,23.410814,0
20368,45.11287,4.476468,1
20393,-64.132195,17.262112,0
20424,-29.995382,5.254658,2
20425,-19.355663,51.594296,2
20437,-53.08482,23.155375,0
20441,65.468636,-1.58112,1
20444,56.663345,-19.879385,1
20449,37.650913,51.967762,2
20450,-49.73807,-5.198977,0
20453,11.527907,-48.182236,2
20462,10.654159,40.464165,2
20469,46.991264,0.7831006,1
20474,-23.750116,38.23189,2
20475,-55.425007,-5.2995825,0
20502,28.184076,-3.2636876,1
20513,-11.472664,-20.794128,0
20515,-50.478657,-44.27172,2
20516,49.940052,6.4512215,1
20530,52.22612,6.3237295,1
20532,8.062006,-40.00982,2
20539,-8.506195,32.174,2
20543,48.543545,-25.249851,1
20555,3.4153588,43.42802,2
20570,-3.7775667,-27.140257,2
20575,3.7556908,43.54222,2
20579,-29.99786,46.319954,0
20580,-29.593674,3.0212328,0
20584,-1.1885198,56.20528,2
20612,-56.49558,-8.5243635,0
20615,18.912676,-0.5212774,2
20624,4.5704684,-43.45056,2
20627,-63.91526,-3.6061711,0
20653,44.153534,9.967217,1
20660,9.580243,-49.736443,2
20674,-64.895134,14.425757,0
20675,-45.665173,-42.009995,2
20678,-10.4743595,-53.058838,2
20687,47.61632,-18.24755,1
20726,2.011613,-54.144302,2
20743,-38.664524,-1.4333829,0
20749,-15.591964,-19.071589,0
20753,-23.407833,49.209473,2
20761,32.36218,3.3696675,1
20766,-58.845764,25.64226,0
20767,-38.098534,-4.463853,0
20774,-34.895668,2.1930635,0
20779,-56.4989,26.177794,0
20782,32.22104,-25.199831,1
20793,53.315132,4.2647142,1
20801,-47.74849,23.388618,2
20804,10.445478,-53.36636,1
20829,-41.896824,-0.34166265,0
20832,-45.754375,-5.6254396,0
20844,-34.16026,-1.0608999,0
20857,6.6018353,-41.124287,2
20861,-2.759411,-27.796804,2
20869,10.327027,-41.037853,2
20877,59.80329,-20.85816,1
20892,60.718056,-5.5038223,1
20903,6.912866,48.32061,2
20906,0.9303211,-23.95766,2
20919,38.66789,-20.963299,1
20921,-20.274168,51.918995,2
20978,25.77327,7.0450416,1
20987,6.531661,-39.596256,2
20998,-6.49705,29.84745,2
21004,25.58548,-3.1385217,1
21014,31.654953,-26.537514,1
21023,15.083224,-7.990056,2
21027,-11.710445,-47.741013,2
21028,20.740446,-7.237801,1
21031,-65.19956,-3.4477894,0
21046,-0.94995564,-55.998745,2
21061,8.084401,37.456867,2
21079,11.464654,-50.0938,1
21081,3.3913777,26.642694,2
21088,-6.5501356,-24.548363,2
21089,-10.203909,26.628052,2
21130,-50.014427,23.77725,0
21139,62.208096,-5.9670634,1
21142,23.051262,-23.58797,2
21143,-17.668812,-39.06932,2
21144,-0.63302964,29.890575,2
21148,-50.430965,-0.7062485,0
21149,27.709555,-3.842709,1
21183,58.93584,-0.32865316,1
21191,-11.321202,-54.134815,2
21205,23.19253,-5.930193,1
21212,10.2798605,37.891937,2
21222,-43.11707,-7.5637164,0
21228,12.62917,-5.8165545,2
21244,-5.411255,-25.541292,2
21275,20.79699,-3.8615413,1
21298,3.0212123,-56.470146,2
21303,8.774361,33.493538,1
21341,11.579632,-54.61058,1
21355,27.546255,7.683766,1
21362,28.508156,-21.206808,1
21368,-10.627599,26.17491,2
21375,-15.173044,-40.957424,2
21380,42.388657,2.3326375,1
21389,21.066898,-3.0943136,2
21400,-17.170797,41.800087,2
21410,-63.094265,17.23822,0
21412,-7.1383653,-23.879402,2
21413,-25.56243,49.794785,2
21420,9.4166355,-48.856083,2
21426,61.4772,-4.24481,1
21439,24.591969,-21.96226,2
21451,-11.745512,32.8077,2
21467,-11.533215,25.715622,2
21469,-9.188051,31.551947,2
21502,-40.997097,-18.66971,0
21503,49.121838,-21.330528,1
21508,-49.746998,-40.829098,0
21509,5.1562343,-36.4262,2
21521,-33.372284,0.9078985,0
21531,66.81361,-2.256732,1
21534,37.068363,-1.9772186,1
21564,39.505802,-2.9363816,1
21599,-13.17271,-21.148794,2
21601,-63.286556,-4.7721343,0
21603,60.01386,6.5092316,1
21614,-11.043729,-50.12551,2
21624,-9.217363,-55.592743,2
21625,17.629686,13.478126,2
21638,-55.334976,22.310734,0
21643,-7.9919324,39.61658,2
21648,-46.4517,1.5332192,0
21649,-8.943553,-51.728905,2
21662,49.70461,-21.506084,1
21664,17.76265,17.827097,1
21677,0.24387692,30.189032,2
21701,-69.28837,-6.0491004,0
21712,-64.25508,-4.450465,0
21715,43.56076,-7.201426,1
21716,30.39454,0.11156483,1
21718,-5.392972,-21.528105,2
21720,-4.745562,24.981699,2
21721,42.54319,3.9271858,1
21743,-3.6352046,27.700678,2
21755,27.457685,-4.089704,1
21762,-18.037598,-19.02407,0
21763,-20.367458,43.646107,2
21775,10.695902,32.096733,2
21789,-24.463318,49.613476,2
21802,-8.020663,39.76459,2
21815,-14.810802,32.852467,2
21822,-21.709719,-23.987635,0
21826,-14.658409,-43.71048,2
21828,-12.020229,30.369774,2
21839,-11.340947,29.202673,2
21856,65.30684,-7.2858157,1
21868,-8.0342455,31.133698,2
21869,50.467712,6.393591,1
21873,60.106018,6.633347,1
21875,24.468079,-19.764923,1
21880,15.550614,32.936684,1
21894,10.360251,-43.57258,2
21896,48.749065,9.552275,1
21898,29.822573,2.8406224,1
21910,-19.34337,-36.546375,2
21911,38.086803,-2.2767925,1
21915,-21.036509,-34.876694,2
21923,69.28294,2.424684,1
21924,11.324646,35.16351,2
21927,-50.86456,-0.68723464,0
21930,2.0085347,52.161316,2
21933,6.6384563,-41.616463,2
21939,-57.71581,24.06511,0
21942,12.633116,32.423286,2
21953,-51.008476,-4.64535,0
21963,-19.796083,-27.888914,2
21977,39.469902,8.032741,1
21983,-7.3323846,-51.665855,2
21995,10.278035,37.28166,2
21996,-21.746542,38.477352,2
22003,-12.2572975,47.934895,2
22004,-13.518442,-42.18082,2
22011,-17.418283,-39.419685,2
22012,-22.9423,49.262775,2
22017,-0.05363072,29.062695,2
22026,6.566494,-39.93067,2
22043,-22.521402,-22.653578,0
22044,-0.83302695,49.71824,2
22051,25.329634,-2.9897025,1
22054,-3.1525254,-31.170256,2
22056,-48.70784,-37.916363,0
22061,0.052389324,-43.16132,2
22063,4.0436373,-33.252193,2
22078,-53.119072,25.843914,0
22081,-12.902376,52.09968,2
22089,0.30199996,-31.188528,2
22092,5.0668535,-55.082237,2
22103,-7.2389545,27.670458,2
22124,4.5439277,31.220587,2
22140,11.691745,32.469784,2
22141,46.40254,8.541347,1
22157,-16.402744,-36.890446,2
22163,-10.747306,48.62567,2
22179,66.84759,-2.4200592,1
22191,59.181286,-9.274565,1
22222,40.228596,1.098735,1
22225,-19.52907,40.769524,2
22232,36.999317,-1.5168612,1
22236,-40.32105,-5.968104,0
22244,-17.310432,-47.096745,2
22253,-11.183035,48.944504,2
22254,28.24701,-0.7897204,1
22263,35.29773,8.867717,1
22287,-17.793242,-45.83371,2
22310,0.54980224,46.115437,2
22319,30.22601,-2.1416469,1
22338,-51.66486,23.46012,0
22342,14.534023,31.524141,1
22344,57.80881,-22.040781,1
22356,-9.384933,-49.485397,2
22358,-50.55014,22.604794,0
22361,9.6573,-52.727314,1
22363,8.67601,32.638287,2
22372,-13.998966,33.915302,2
22382,58.46103,4.6458983,1
22407,2.4531047,-34.695656,2
22412,-49.33246,22.97739,0
22437,-55.391468,-7.7689633,0
22458,-7.113775,-26.127316,2
22465,28.497555,-0.4844517,1
22478,-13.313261,49.758415,2
22483,32.076004,3.6051435,1
22490,-4.69323,25.02004,2
22499,57.6752,-20.90475,1
22508,33.641354,6.0947275,1
22509,55.98212,-5.9677887,1
22510,-20.826675,55.766464,2
22513,-65.11248,-3.2436337,0
22515,-59.334682,-2.466974,0
22525,29.70325,9.388906,1
22531,-1.4854238,28.265144,2
22538,-54.905952,22.848526,0
22555,-30.087574,47.62837,0
22561,-18.622147,51.22896,2
22566,41.457363,-24.02082,1
22577,5.165213,-38.575485,2
22578,3.2567408,30.306217,2
22579,-9.299732,-26.402243,2
22601,-40.1226,-6.1939116,0
22635,-15.494422,-38.779728,2
22644,-16.572205,-44.176548,2
22649,-20.72009,35.84614,2
22655,51.44977,0.70902306,1
22661,-28.327164,41.88583,2
22668,57.76359,6.8038435,1
22672,33.37605,7.8433084,1
22673,-25.112513,40.02226,2
22681,24.77988,-20.54662,2
22686,9.938078,39.03399,2
22688,52.780308,-19.357208,1
22727,37.321228,6.7894287,1
22743,-10.240867,25.475952,2
22751,-52.956657,-37.80266,0
22773,3.3040106,-35.810604,2
22777,-16.645464,-41.139236,2
22779,-1.1443181,-23.1197,2
22780,52.339993,5.112862,1
22794,-39.36745,-17.100855,0
22798,8.005971,-48.73605,2
22805,10.123144,-51.725563,2
22835,4.2161,30.14195,2
22841,-68.94536,-6.03591,0
22848,-7.392592,27.921812,2
22857,15.07664,-3.4948967,2
22869,39.099792,7.1078806,1
22876,12.565647,8.2988205,2
22893,39.546707,8.296783,1
22926,56.633812,-5.785893,1
22945,-50.80847,-10.158727,0
22949,-63.06208,17.552992,0
22968,30.206738,-2.2133362,1
22984,15.761213,-0.28335652,1
23013,15.654152,31.077303,1
23016,4.262868,-33.887222,2
23035,16.931778,31.81087,1
23042,-2.2347329,46.319115,2
23044,-25.237097,41.514977,2
23052,-0.7571266,-31.230492,2
23053,8.9325,36.457466,2
23058,41.95477,46.578777,1
23070,0.54924315,28.663496,2
23081,0.9280348,28.978907,2
23082,-60.15649,19.08556,0
23113,-44.543518,-9.229053,0
23118,8.810005,38.2207,2
23123,21.012388,1.5900218,1
23135,-9.431833,40.239536,2
23137,-35.182896,-1.4366877,0
23138,-8.666892,47.400246,2
23144,-52.488934,-40.241333,0
23148,-50.884132,-3.8949363,0
23157,40.2932,47.44003,1
23164,-8.384032,26.581564,2
23170,-20.512009,37.483547,2
23204,-0.5182373,47.64241,2
23205,-3.486614,27.383215,2
23212,-1.4923393,-58.104668,2
23226,1.8739862,28.47839,2
23234,-46.634468,22.767117,0
23245,-64.37107,18.866552,0
23247,-13.796662,49.391273,2
23261,33.637737,10.996039,1
23265,53.014164,-2.083238,1
23270,-26.21416,40.581417,2
23301,12.687454,8.1728,2
23305,-12.896595,32.017532,2
23311,-20.778059,40.18669,2
23345,32.71001,-5.07445,1
23360,-10.70789,31.522354,2
23373,-20.888426,-25.02398,0
23399,10.689855,-3.3161633,2
23415,-13.57968,-45.82934,2
23416,-36.211796,0.41898194,0
23426,15.076762,-3.134955,2
23430,-41.497818,-1.524321,0
23434,-1.7994117,-54.69072,2
23435,-16.939259,48.41571,2
23445,-10.441149,-25.50165,2
23447,-19.027788,-37.52439,2
23458,16.744669,-1.4470669,1
23459,-14.309685,34.134506,2
23476,30.353401,-21.641212,1
23483,-40.24857,-4.7787466,0
23496,-21.620056,39.252888,2
23501,-56.058907,21.834848,0
23507,-1.8791714,57.553196,2
23509,-22.060734,46.626057,2
23517,30.131233,8.823108,1
23524,30.784819,11.223127,1
23527,-5.4209404,-27.739689,2
23530,36.31661,8.807373,1
23533,-62.80997,19.258827,0
23537,-56.391148,21.142618,0
23551,35.13432,7.1365833,1
23558,-17.840052,-38.054913,2
23576,21.224298,-16.373774,2
23589,12.812277,-3.6315658,2
23597,12.918531,-3.438187,2
23600,-21.192368,-34.151928,2
23601,29.521336,-18.016588,1
23636,-59.03586,24.889597,0
23663,-50.33121,24.144192,0
23666,-25.261837,48.154278,2
23679,45.853207,-23.050776,1
23731,60.690136,1.5446482,1
23732,8.865935,39.933144,2
23736,37.715252,52.54253,2
23744,28.249212,-20.33054,1
23745,30.9012,-21.656729,1
23749,1.5411311,-58.49977,2
23765,2.8689318,46.405506,2
23766,-34.272396,-0.6976756,0
23775,40.54441,5.7137213,1
23801,-19.083235,-46.05314,2
23802,69.24358,2.5879457,1
23830,1.1748601,45.00741,2
23838,-39.6336,-16.278345,0
23848,-53.80071,21.749247,0
23850,-16.367239,35.25476,2
23875,-14.723675,-43.452984,2
23876,36.447754,-22.649775,1
23895,-25.361122,48.987846,2
23900,8.133958,-45.691967,2
23901,-46.28348,-5.084177,0
23909,7.116434,-43.433716,2
23910,-38.46847,2.4113555,0
23923,-42.56277,-2.097105,0
23934,22.622347,-8.180044,1
23949,-60.310524,20.475327,0
23963,61.307446,1.5270402,1
23971,-17.181871,-45.964817,2
23982,0.48730937,-57.44424,2
23987,10.358013,-54.852417,1
23990,57.471134,-5.115353,1
23991,-14.672241,-49.70224,2
24022,-67.642845,14.496398,0
24024,16.29048,27.309904,1
24054,59.424362,3.7301927,1
24061,-10.231471,31.852041,2
24084,-27.06562,-33.00812,0
24112,-8.452225,30.498009,2
24113,-45.42955,-2.2072043,0
24115,21.912546,-6.0354495,2
24119,-8.782004,-22.576561,2
24130,61.38319,1.5571947,1
24135,16.409046,-1.6574544,1
24144,54.811417,12.090899,1
24172,-47.815247,-42.94791,2
24181,-20.02426,34.847424,2
24196,-24.828398,39.43287,2
24198,32.46542,-4.0162635,1
24204,-18.786816,-39.323795,2
24212,12.197856,29.034266,2
24233,29.069904,1.5362886,1
24235,-65.11339,-2.4860961,0
24252,-22.542927,36.993687,2
24254,-62.89898,-4.594047,0
24262,-1.4382842,39.8131,2
24271,61.02687,5.9826603,1
24277,27.691488,0.5677178,1
24292,6.9549766,-43.001392,2
24304,-0.56094676,-31.28423,2
24319,-12.757251,51.417,2
24322,27.686058,-24.376099,1
24323,-7.0577226,-26.506895,2
24333,-24.867304,-36.367565,2
24335,-8.293694,21.412281,2
24361,-9.377107,-27.135159,2
24370,-48.915173,-4.0874815,0
24375,6.7970796,33.762085,2
24377,32.139294,8.393724,1
24380,33.49472,-0.24419527,1
24387,-59.036278,-2.8271039,0
24395,45.167175,1.9507354,1
24396,37.47009,10.570939,1
24406,-44.05456,-15.954879,0
24410,-8.556306,-50.794453,2
24418,-44.235847,-2.698217,0
24445,-55.786655,20.9569,0
24451,6.763257,-36.098534,2
24452,23.44652,-2.5910892,1
24462,38.905422,10.179521,1
24496,15.929225,0.79230446,1
24505,30.714521,-22.223919,1
24522,-49.807575,-2.0764709,0
24528,52.928753,-21.160774,1
24544,31.610603,-24.48996,1
24554,-9.715258,-36.648247,2
24559,8.402133,-51.30901,2
24575,-39.213577,-0.6461809,0
24596,7.1883554,-55.1074,1
24601,-12.195834,30.179943,2
24603,-42.523796,-7.948434,0
24609,-54.306885,27.127039,0
24610,-8.826165,49.476826,2
24612,1.2703745,-24.625496,2
24643,39.634766,48.790985,1
24651,13.372898,7.6260066,2
24653,7.6668105,-47.17401,2
24654,6.9413595,33.673645,2
24658,49.912685,-2.1153433,1
24674,51.017124,12.881276,1
24686,3.877371,29.484377,2
24690,56.081284,10.430066,1
24717,-59.029358,18.88446,0
24722,1.4872042,44.06497,2
24731,37.235157,16.34154,1
24732,11.318316,31.366726,2
24739,0.72473013,-37.767715,2
24763,-9.932881,52.857666,2
24775,-17.849144,36.247524,2
24778,-8.538413,-54.583584,2
24781,-22.00998,46.590446,2
24785,8.923366,36.66516,2
24827,59.87704,-1.286166,1
24830,8.096408,-1.657559,2
24832,-63.47544,16.525585,0
24834,-2.7790275,-56.278812,2
24855,34.482338,-26.417402,1
24858,-1.864934,57.549202,2
24862,3.0643685,-39.30321,2
24865,55.636105,-23.3808,1
24867,-59.12308,21.78363,0
24881,31.859037,-26.6758,1
24891,-14.695556,-49.712833,2
24897,11.096688,32.15154,1
24902,56.352146,2.7961936,1
24935,-34.790546,-8.605598,0
24936,-17.163948,-54.573635,2
24940,18.250858,1.7652535,1
24946,37.10665,10.721178,1
24951,-62.569237,-4.3878665,0
24954,-9.109195,-26.116453,2
24955,16.877756,33.869743,1
24958,-9.028915,49.53365,2
24962,8.88406,-35.135555,2
24978,-49.562576,-43.184177,2
24988,-55.752327,5.137108,0
25007,42.967514,7.832056,1
25009,60.521606,-0.3080718,1
25010,-55.329235,-7.632463,0
25015,2.6968794,26.16592,2
25051,-30.839897,44.580368,0
25059,41.035873,50.05137,1
25065,38.892532,10.273602,1
25074,-48.890423,23.071777,0
25085,-28.004509,45.81491,0
25087,-10.179209,27.073555,2
25090,-50.516792,-38.084415,0
25098,-27.779694,42.94516,0
25101,-43.44595,-1.1638039,0
25104,-4.6450834,-29.911644,2
25109,63.74821,-6.1263986,1
25118,3.1806955,-36.086647,2
25124,8.255833,-46.021553,2
25128,45.500004,10.21592,1
25132,0.28892642,44.92173,2
25134,59.845703,6.9580936,1
25161,2.105613,26.595394,2
25162,1.6234925,43.45283,2
25165,-32.523647,1.9902534,0
25170,58.717587,11.177868,1
25181,-1.400876,-56.18123,2
25192,32.899055,4.862079,1
25194,-6.07845,53.34837,2
25212,40.588215,-24.99554,1
25222,18.147799,0.6699769,2
25227,-17.899767,-38.26365,2
25234,-59.9118,19.62617,0
25247,7.3780575,-31.776518,2
25250,-13.220237,-51.75147,2
25251,-54.85629,3.9265285,0
25264,-0.30544102,25.645176,2
25277,-7.7066956,45.82562,2
25289,-18.20183,51.214333,2
25305,55.645855,-21.23319,1
25308,-16.562876,33.02152,2
25312,-24.933992,48.537212,2
25349,54.665665,11.870086,1
25362,-22.653873,41.1983,2
25364,-2.3060033,29.932558,2
25371,-6.460223,29.368336,2
25373,0.5719552,53.945698,2
25388,-28.273634,48.457195,0
25394,-7.2459645,-36.979927,2
25397,8.603304,-58.169186,1
25399,-35.14783,1.6865517,0
25424,-29.070065,2.5960455,0
25438,48.832115,2.138834,1
25444,-26.824505,1.7304536,2
25459,-7.2340813,-53.342438,2
25470,31.978012,10.367624,1
25477,-41.730286,-0.2172767,0
25479,42.969704,-24.225628,1
25482,55.45852,5.8250184,1
25488,-0.8468219,43.231552,2
25494,62.47253,5.259819,1
25514,57.943497,-8.2451725,1
25517,4.02575,-36.32317,2
25522,18.406826,-16.42273,2
25533,43.141018,45.53425,1
25553,-44.01699,-3.7531252,0
25555,3.2224514,30.13551,2
25576,31.546783,3.8251934,1
25602,40.86254,48.744453,1
25633,-7.060011,-27.05331,2
25653,-39.318428,-1.0350492,0
25661,63.3292,1.8568602,1
25662,-62.137695,17.29118,0
25663,65.40021,-1.1579883,1
25673,-8.189507,28.863762,2
25688,34.396687,-27.303051,1
25690,-43.038795,-9.765305,0
25692,-52.79331,-4.0988727,0
25720,15.363519,6.8086863,2
25721,59.437965,7.812005,1
25727,67.8894,-4.071821,1
25731,9.376475,31.25801,2
25737,58.842575,-20.60907,1
25740,27.045258,-20.754063,2
25743,57.37151,-8.480103,1
25744,-16.583578,38.3804,2
25753,33.423077,7.869856,1
25759,52.2599,11.076323,1
25776,-40.591576,-0.9301367,0
25782,43.99672,-20.761482,1
25794,52.991463,-1.2271054,1
25797,28.14266,-20.299244,2
25806,-34.200317,-0.0022400874,0
25809,-26.71333,1.6705779,0
25814,-41.530064,-14.966323,0
25817,68.579384,2.939496,1
25820,53.23026,6.8019314,1
25825,10.243533,32.307583,2
25827,-50.847733,-37.34889,0
25829,34.824837,7.345279,1
25834,-12.811821,-50.186024,2
25841,14.590515,29.253002,2
25859,-58.800312,-3.0407593,0
25871,-7.6607695,-31.277197,2
25880,16.39281,27.138098,1
25885,6.134788,-42.38224,2
25907,-0.20085496,56.336487,2
25930,56.39296,4.99197,1
25933,-19.743193,-36.817066,2
25952,30.43977,0.13995238,1
25956,59.586174,-1.1411802,1
25958,37.767044,51.74341,2
25967,-10.426186,-52.490078,2
25985,-25.103363,-37.09541,2
25992,-23.515078,39.389973,2
26002,-15.246811,34.372913,2
26010,-0.3742983,-56.632786,2
26055,35.6424,7.169177,1
26060,-15.544422,-21.971823,0
26081,-45.369694,-43.682858,2
26116,37.62695,21.412823,1
26141,58.758434,-22.831882,1
26163,3.6343849,28.171259,2
26203,-27.88235,50.08506,2
26212,44.319927,-20.897402,1
26221,4.438981,-57.1268,2
26233,-54.114697,19.114285,0
26278,-17.937649,-19.274317,0
26279,28.72767,-2.415294,1
26282,-18.78604,53.925663,2
26286,39.56074,-23.704557,1
26287,-4.906678,27.680635,2
26294,-18.986935,36.295692,2
26296,0.047860313,47.466618,2
26316,-6.4060826,-54.817806,2
26318,0.9901312,-33.755543,2
26340,7.3224006,-45.71719,2
26347,-59.19125,18.136063,0
26361,-12.047897,-48.560665,2
26366,-52.290077,-3.77256,0
26377,-45.44807,-3.7228668,0
26379,15.572314,0.4083384,1
26389,23.2214,6.8525333,1
26392,-11.437164,50.21375,2
26397,7.843651,36.2642,2
26399,-16.786644,33.09427,2
26425,7.1987987,-43.029663,2
26453,-45.64263,-44.252525,2
26457,35.79597,9.046683,1
26471,-16.073326,-37.331882,2
26479,-24.608046,41.04229,2
26513,5.2136683,-25.495401,2
26519,24.319185,-8.734718,1
26525,39.741013,49.917076,2
26527,37.66105,52.46445,2
26528,37.43592,-27.830456,1
26544,-1.9792689,29.014507,2
26561,-25.709394,-37.198166,2
26619,3.478014,-34.56864,2
26622,-43.50178,-1.0973305,0
26628,46.88894,14.180605,1
26632,-7.158684,-29.04068,2
26646,-61.002335,16.538721,0
26647,-54.270042,23.082916,0
26648,-45.87204,-41.704292,2
26651,-5.4156632,28.097189,2
26652,30.37404,-24.376736,1
26653,-62.126736,-3.0864727,0
26661,51.891346,13.177822,1
26668,8.802669,31.01605,2
26695,25.151693,3.4536717,1
26700,46.85365,-23.187057,1
26703,28.924547,1.2106642,1
26710,-3.429023,-30.57353,2
26723,50.49416,12.726414,1
26728,12.996023,27.58863,2
26733,-51.88957,23.749163,0
26744,-20.395824,-36.8757,2
26750,-18.336573,51.177994,2
26753,43.018887,-29.86737,1
26756,4.5173454,-37.977936,2
26769,-17.851475,-19.32832,0
26775,4.980829,-39.113968,2
26784,2.2538435,27.386772,2
26785,66.80601,-1.3767548,1
26787,-10.6802435,26.287344,2
26789,49.219326,-22.78471,1
26795,29.778332,9.323283,1
26796,38.511017,49.657707,2
26805,-49.04244,-0.28940156,0
26814,-44.99509,-3.4210835,0
26831,-44.983677,22.662395,2
26853,11.656994,28.41137,2
26856,-11.342456,-51.26032,2
26875,-29.846586,43.0555,0
26888,-8.396544,26.250847,2
26898,-8.498333,30.602962,2
26909,-30.283907,1.9990877,2
26910,-38.53006,-17.454342,0
26913,-15.997886,-19.394987,0
26919,2.1118586,-60.196598,2
26932,-12.614345,-50.737545,2
26933,53.228485,8.170143,1
26954,66.04833,-1.1090167,1
26956,-28.68109,42.20096,2
26957,4.2521772,-43.939465,2
26958,-20.351261,33.882046,2
26961,-9.302804,29.003695,2
26975,4.8405504,24.83117,1
26976,-29.85321,46.461014,0
26979,-44.730923,-9.158841,0
26983,-23.981998,40.01021,2
27073,6.207421,-52.508186,1
27074,32.148106,-3.8304574,1
27089,-53.2744,-5.6484294,0
27140,-1.2485968,27.35548,2
27146,-56.23169,22.164383,0
27151,-44.853138,-44.843243,1
27159,-46.15037,-44.435184,2
27164,-48.90368,-3.906065,0
27181,-9.901127,-27.119785,0
27193,32.56786,-22.612253,1
27196,-3.8097537,-55.422638,2
27197,59.272285,3.5174394,1
27211,69.5758,-3.7986622,1
27220,50.598297,10.273271,1
27228,-46.35695,-2.302953,0
27242,44.566696,-25.29576,1
27246,-52.18507,23.85836,0
27256,41.21256,45.98017,1
27266,-11.872794,51.972733,2
27268,32.893684,8.7591,1
27282,-63.724216,-1.4587826,0
27289,43.774616,21.176277,1
27290,-49.088276,-43.192196,2
27291,-33.504223,1.4522637,0
27293,14.4079075,31.317932,2
27297,-21.554049,-35.205963,2
27302,-66.806885,11.124846,0
27310,2.1223183,-44.283302,2
27331,-13.460566,30.457748,2
27332,-51.763847,-0.70800066,0
27356,8.492145,31.090105,2
27384,-65.91507,-1.1180679,0
27392,-50.074856,22.588154,0
27399,-28.078684,41.53739,2
27402,-0.5101485,27.83318,2
27411,53.22193,10.532385,1
27418,-14.345732,28.434275,2
27428,6.697602,-39.942947,2
27429,46.00219,-23.346863,1
27475,-29.730957,47.48352,0
27488,-2.6222808,27.034182,2
27507,43.616863,-26.3004,1
27512,47.04088,-22.566557,1
27522,34.58723,8.95097,1
27524,31.63358,6.790458,1
27531,-11.126199,50.12723,2
27542,-17.055851,-40.935658,2
27560,22.79018,-23.520245,2
27565,28.653112,-1.3461958,1
27582,32.241566,-0.8516028,1
27606,-7.6041255,47.879143,2
27616,-45.53514,-44.13289,2
27626,3.5066385,36.047,2
27640,-10.655189,49.79452,2
27653,-27.181293,41.55849,2
27655,24.917606,-0.70182383,1
27671,-43.46926,-1.0880021,0
27683,-58.41194,19.02704,0
27695,45.640827,-26.396431,1
27701,-57.944588,19.171513,0
27707,-20.71684,34.488262,2
27710,-5.7442236,-28.841259,2
27720,-18.073519,-47.11919,2
27726,23.335865,7.0612597,1
27734,8.65518,33.397243,2
27748,-58.98965,-1.3077652,0
27764,-18.770206,52.148804,2
27772,9.917679,38.53513,2
27773,-51.70029,-3.7249386,0
27775,-21.854206,32.785767,2
27829,52.67629,-6.8280106,1
27832,5.46784,-43.705967,2
27839,20.884796,-16.892483,2
27845,13.23647,27.639124,2
27849,2.4802923,45.697136,2
27883,-3.3991823,57.869316,2
27885,66.037155,-2.2742567,1
27889,3.9941795,-46.797146,2
27893,58.472725,7.989905,1
27904,64.93489,4.2239823,1
27918,-8.429815,-52.398315,2
27950,30.430628,-28.513975,1
27958,5.240429,-45.200863,2
27971,-10.253977,48.35139,2
27976,-66.48252,-0.9268416,0
27994,-64.45702,-2.3034978,0
28000,-5.1066885,27.711348,2
28004,38.37635,-1.0658633,1
28015,53.25865,8.447421,1
28017,-22.030012,33.25393,2
28025,-67.424576,14.898477,0
28027,58.767155,-21.995136,1
28034,-15.708738,-21.377226,0
28059,-18.398266,51.878357,2
28063,35.03581,10.607448,1
28082,30.42205,0.27223024,1
28093,25.109571,2.3971424,1
28110,-52.73142,-10.078057,0
28114,-17.355547,-41.981373,2
28116,64.19089,1.6204243,1
28117,-64.38301,14.712524,0
28123,7.6648765,-1.9456482,2
28126,19.800968,-16.247618,2
28152,33.94927,9.471681,1
28162,36.267353,9.413689,1
28164,-48.326912,1.347783,0
28171,37.066296,-24.713257,1
28180,40.723015,47.728363,1
28184,68.984215,4.7737823,1
28191,-19.01446,43.02691,2
28195,31.291603,8.210783,1
28216,70.275925,3.8550234,1
28235,33.207848,11.903591,1
28236,-32.40948,1.8713136,0
28239,-27.507347,42.408386,2
28261,25.66483,0.7662306,1
28268,-2.4631076,47.99963,2
28280,1.77906,-56.393173,2
28285,-59.396545,-2.029808,0
28308,-16.155918,31.419973,2
28318,55.698357,3.8107798,1
28326,-41.44278,0.84037596,0
28351,-1.2202163,-33.709614,2
28363,58.50438,7.7706213,1
28371,57.905315,-4.828993,1
28393,29.772894,3.6508932,1
28414,57.07037,-24.990997,1
28422,24.51779,-8.130729,1
28423,-3.517067,-33.912666,2
28445,-5.207731,56.406403,2
28453,40.44117,-30.475704,1
28469,56.349644,-20.279715,1
28477,-16.762064,-50.852493,2
28513,-5.6422987,54.785347,2
28529,9.44589,-1.6332301,2
28562,33.172367,-25.896832,1
28591,-7.934382,-50.184704,2
28597,-14.766779,-22.167027,0
28613,-43.728474,0.49245656,0
28622,-56.589252,-2.6949537,0
28626,-2.6960013,-56.254948,2
28637,-1.647901,-58.37122,2
28642,-66.1818,11.676425,0
28646,-44.911777,-3.3375509,0
28656,59.280144,-22.435335,1
28666,3.7411792,-45.04866,2
28667,37.090977,52.391327,2
28675,-0.2884403,44.52293,2
28678,-49.17127,22.501287,0
28713,12.149386,-40.13339,2
28726,-13.6162815,29.461243,2
28730,-9.237068,28.842737,2
28737,-51.037678,-0.3948033,0
28738,47.5089,-24.02887,1
28743,-60.83422,0.2787394,0
28751,34.616108,-24.017796,1
28759,-9.66247,31.101683,2
28771,35.532104,-25.134136,1
28778,-36.231926,2.836782,0
28779,-65.40809,12.94125,0
28800,-2.8084056,42.581707,2
28810,-13.765188,26.487072,2
28829,30.01144,-17.011517,1
28847,-19.787737,-43.81503,2
28855,-50.917934,-36.751167,0
28858,-50.18397,-44.52137,2
28876,1.0348473,-47.165287,2
28899,-9.300064,48.246433,2
28907,-39.690464,-16.181946,0
28913,-66.26446,-2.3853111,0
28930,40.226494,-26.132513,1
28944,-2.6180568,-30.36117,2
28951,-7.98026,48.90213,2
28957,52.669456,-22.203333,1
28974,47.29297,-24.337688,1
28988,69.14939,4.582053,1
29002,39.404396,-24.562096,1
29018,15.864756,3.9427392,2
29019,1.3598514,-38.211254,2
29027,-3.6821637,47.405792,2
29034,-30.462538,46.90271,0
29038,-5.528247,-29.341494,2
29052,12.161932,30.656826,1
29057,49.166714,7.597971,1
29064,5.029899,-44.978325,2
29088,31.747831,6.7939224,1
29092,-9.606108,24.45872,2
29096,-26.554325,1.5761518,0
29138,-6.891756,-56.767345,2
29201,-55.454857,3.2028775,0
29203,-7.7105417,-24.462097,2
29207,-21.392233,34.985596,2
29210,-10.462127,-54.559,2
29213,-56.478405,19.320059,0
29220,25.223202,1.0155805,1
29225,-20.454847,49.5734,2
29230,28.13047,16.647503,1
29233,-59.104443,-1.4798975,0
29234,-11.561138,-51.549095,2
29235,31.982473,11.249193,1
29249,-9.159749,-53.27687,2
29259,3.9746723,25.942385,1
29276,32.646667,-0.38588238,1
29309,54.50315,-24.308737,1
29367,-7.741814,25.432426,2
29381,8.908022,32.496212,2
29386,30.353888,7.2370753,1
29404,-15.674404,56.52163,2
29412,65.460625,3.7110987,1
29413,9.377922,25.90698,2
29425,-31.034649,4.334419,2
29427,-7.967916,-52.41347,2
29437,21.396852,0.19560468,2
29445,30.396214,7.531213,1
29452,28.341726,11.888449,1
29463,23.489996,0.21253087,1
29465,40.641033,-25.270376,1
29475,-59.823452,19.643284,0
29485,57.68943,-20.547075,1
29497,45.577076,13.635842,1
29505,-16.90346,38.09234,2
29523,-6.9781337,-26.03128,2
29524,21.740484,1.2608389,1
29546,34.93862,10.8482685,1
29548,61.003803,5.9019356,1
29559,41.60784,46.91899,1
29562,-17.491686,54.755745,2
29563,-42.632206,-9.580403,0
29568,38.878654,-32.9418,1
29575,0.09899116,44.445362,2
29604,-55.393826,-7.155461,0
29610,0.26862696,25.872728,2
29614,27.822464,-0.08689191,1
29627,-52.99619,-38.47117,0
29639,-19.002726,54.89588,2
29645,-46.465836,-44.03904,2
29657,4.26667,-39.389633,2
29663,-46.201164,-1.2181052,0
29680,52.71309,-22.762804,1
29699,4.231231,25.639803,1
29707,-3.9304264,56.18181,2
29713,-6.051424,-57.30996,2
29719,3.5172997,36.144688,2
29721,58.250973,-23.40059,1
29733,38.10551,15.614154,1
29734,-18.663618,-27.539522,2
29736,49.233307,8.096375,1
29761,-18.89261,-27.41702,2
29771,42.153736,9.767756,1
29779,35.287724,-27.126871,1
29781,-52.033855,0.7230495,0
29795,-21.558773,-35.16305,2
29831,-51.40365,-2.6121442,0
29835,46.90402,-26.980606,1
29838,-49.52234,5.8636284,0
29847,18.352913,0.8672166,2
29858,-19.391647,-37.74463,2
29901,-9.682022,53.18282,2
29924,-19.530746,-25.39396,0
29931,-57.05502,-5.290229,0
29934,32.943012,8.735291,1
29943,-43.81723,-17.430353,0
29947,53.41522,-22.87931,1
29955,-14.108514,-44.991646,2
29963,-19.849253,-21.273909,0
29965,34.036602,11.66801,1
29978,68.421555,-1.0002196,1
29982,-47.37242,-2.605006,0
29987,31.073622,5.348187,1
29988,3.1268916,29.683409,2
29989,56.562656,-19.90752,1
29994,58.278164,7.041745,1
29995,-39.3413,1.3799049,0
30004,-3.1270099,56.69777,2
30015,-38.72936,2.0613542,0
30029,44.154842,12.40371,1
30032,-31.108486,2.4127567,0
30053,-52.54907,-5.4267707,0
30059,37.90954,50.819496,2
30071,43.51243,-25.889805,1
30104,-21.756128,-43.135727,2
30113,32.137672,14.322763,1
30114,-28.251114,49.02312,0
30129,46.489502,-26.7578,1
30145,31.03556,5.741502,1
30149,31.023716,5.4454055,1
30164,-2.1751125,-54.695995,2
30188,-10.73899,-55.759842,2
30190,-24.503925,38.404213,2
30222,-27.231585,41.89911,2
30224,-9.012299,-26.053436,2
30230,-4.6369624,-55.29273,2
30232,-54.0307,20.530226,0
30233,-1.2900623,-33.432976,2
30243,-45.12742,-9.089099,0
30246,-60.06349,-2.8038704,0
30261,-5.638354,-30.084799,2
30274,-17.281435,54.8074,2
30293,-60.63272,16.827269,0
30301,10.500567,-3.7349188,2
30305,-4.5655136,24.070942,2
30306,-7.6796117,-31.694153,2
30335,26.39353,10.803809,1
30343,-60.58274,11.577354,0
30376,52.388252,13.676299,1
30411,63.599483,5.6635475,1
30414,27.557405,1.0826803,1
30444,42.91086,-26.83031,1
30458,-48.43973,-0.19966725,0
30469,-48.07929,21.168362,0
30474,-18.209002,-47.06389,2
30494,4.7534037,-45.06649,2
30530,-8.703289,-51.63162,2
30534,-62.640347,15.250035,0
30535,53.071075,-25.881733,1
30556,-6.994682,-29.927206,2
30560,-8.659669,28.779997,2
30601,-63.3039,-1.2378769,0
30609,53.700138,-25.520378,1
30652,6.1256676,-57.98626,1
30660,-58.95906,-5.150962,0
30674,66.265594,1.1433995,1
30677,-5.945031,-56.77293,2
30701,-57.652214,-1.0418077,0
30713,24.350725,-17.794266,1
30717,-25.160652,39.128685,2
30733,-0.13759229,-43.02761,2
30746,61.292107,3.8622262,1
30778,-38.45673,2.9228096,0
30789,-41.807365,-16.101608,0
30802,31.143223,2.1717496,1
30807,31.562357,-3.8060255,1
30833,37.00647,20.594193,1
30846,-21.88486,-34.943897,2
30858,-2.7957025,-57.35765,2
30874,-19.812145,56.34912,2
30880,-18.922207,-39.410576,2
30902,-13.571057,-22.478563,2
30910,38.81846,8.543968,1
30927,-20.963348,-41.86133,2
30931,-12.414956,-52.252293,2
30946,54.91337,16.32814,1
30961,10.598402,29.852266,2
30988,-16.46879,32.356285,2
31013,42.929768,45.51541,1
31015,1.0045075,23.833008,2
31018,52.800156,-22.122593,1
31024,-52.680878,-3.8315384,0
31059,-21.41094,34.60783,2
31060,-1.1575196,43.327404,2
31064,-59.17186,21.458273,0
31073,-13.624264,31.897312,2
31078,-11.92542,-55.086823,2
31092,15.060496,27.718987,2
31097,-7.7094007,30.252302,2
31107,-12.298903,-27.957706,2
31109,-64.54238,-1.8570244,0
31117,-55.10087,19.814686,0
31122,-37.923668,7.9444036,0
31124,-9.72673,53.521393,2
31139,8.419936,-57.30177,1
31160,32.44252,-0.45620558,1
31161,40.144836,49.169178,1
31169,-11.935658,-56.868797,2
31170,67.42331,-0.8175725,1
31178,7.932766,-52.77757,1
31186,-34.636395,2.728578,0
31205,-55.67725,-5.637957,0
31215,-17.89434,32.228756,2
31230,4.255338,25.865896,2
31232,29.52258,3.7287474,1
31233,-36.53808,0.47165546,0
31235,57.077145,-23.45252,1
31236,45.50401,-25.991367,1
31254,-30.756496,41.047405,0
31264,-12.8250675,-26.148071,2
31266,-7.5038075,53.47068,2
31283,-9.612841,-51.90565,2
31287,-55.36516,18.998083,0
31302,-10.717844,31.161703,2
31303,-10.990563,50.377205,2
31307,-20.803276,34.35878,2
31350,-18.127563,-27.68926,2
31356,27.331633,8.340739,1
31360,-36.70493,7.8843346,0
31369,24.209667,-1.5038339,1
31373,25.545681,8.894935,1
31383,50.619164,-22.17129,1
31390,6.4401054,-47.953575,2
31393,-56.53177,-8.341008,0
31405,6.8713713,50.468494,2
31409,57.01956,-22.29834,1
31414,-55.097767,0.051625777,0
31422,0.59916824,-35.320038,2
31429,25.82127,3.3609593,1
31435,35.533188,-25.010178,1
31444,-14.644527,53.79595,2
31468,6.4795156,-50.792233,2
31475,27.690998,8.297235,1
31503,46.059185,-25.998335,1
31508,-67.39267,-2.8189244,0
31514,-4.701884,-35.51593,2
31515,63.457714,5.33744,1
31519,4.9845405,-57.476585,1
31521,-25.404768,39.443943,2
31525,-63.42359,-4.277692,0
31558,26.452412,-0.8291078,1
31574,-46.46635,1.8321728,0
31575,-3.8096905,-33.625122,2
31576,-62.24319,16.262077,0
31580,39.695717,48.44618,1
31584,-36.957,8.01723,0
31598,-20.244621,-37.689262,2
31600,50.24406,12.00919,1
31609,-15.389796,-56.81805,2
31613,-12.19157,-52.295372,2
31627,-44.92242,-42.06827,2
31642,56.99108,-21.231777,1
31647,-16.30682,51.752647,2
31654,-16.530834,-54.527317,2
31663,-10.399553,-58.296074,2
31664,-52.663036,-40.08278,0
31670,17.20383,9.868341,1
31676,-3.1547022,-56.292244,2
31685,-10.879802,-27.299797,0
31691,-13.83092,-47.82201,2
31696,9.877248,-1.4713999,2
31698,8.112043,-1.0542235,2
31707,-14.7645855,-59.4719,2
31713,-2.9966855,45.708164,2
31721,-33.729073,3.5746214,0
31724,23.669573,-1.5775819,2
31729,64.22883,5.504157,1
31739,15.063121,26.020535,1
31753,-46.58157,-0.48319644,0
31758,55.86368,12.269526,1
31759,-63.07171,-2.9889994,0
31760,-49.749256,23.08463,0
31761,-45.040268,22.643702,2
31763,-46.16844,-2.20759,0
31775,-1.0013441,-56.51166,2
31799,-61.161842,-1.3039515,0
31816,-9.396382,-55.84724,2
31839,36.520897,15.444747,1
31849,-1.5561395,28.361681,2
31855,26.802877,-23.197285,1
31891,-12.194526,-57.43008,2
31892,-21.421808,-35.45684,2
31905,0.99923307,-62.9495,1
31971,53.14105,6.9646006,1
31973,-24.337719,38.17978,2
31974,-11.966502,28.98382,2
31979,-60.059837,-2.4998128,0
31984,-55.02284,4.1746087,0
31989,3.2028835,-57.8206,2
31992,-19.168896,-39.2674,2
32010,24.924973,2.0656574,1
32012,50.214516,10.394379,1
32022,36.149345,-23.043367,1
32049,-9.908819,57.046345,2
32055,41.769806,-30.513512,1
32081,-41.942944,1.7136308,0
32088,-61.119213,16.523348,0
32093,12.371592,27.875874,2
32123,1.6094999,-43.519253,2
32163,-17.487947,30.930058,2
32175,-30.436295,43.53006,0
32177,-14.622649,-52.030403,2
32183,54.680576,-21.140978,1
32204,23.128511,6.970449,2
32220,-52.83241,-3.4989793,0
32230,-24.154005,31.335087,2
32261,64.92477,0.07799124,1
32264,48.58418,-8.400345,1
32269,0.9561847,41.489956,2
32299,57.123024,11.712234,1
32312,-60.211136,-1.0003699,0
32334,-50.22879,0.57387197,0
32336,-37.257862,7.816814,0
32380,2.1478124,-35.810387,2
32401,-11.920235,29.196392,2
32413,-51.262318,1.0493461,0
32424,-28.595522,35.927074,2
32430,0.21686809,25.83561,2
32454,65.02613,-6.51274,1
32479,-3.4869869,-56.234264,2
32494,22.319456,10.065162,1
32503,28.140526,-0.26379716,1
32526,6.112105,-40.309166,2
32589,62.582333,5.328947,1
32621,-31.08272,2.6179633,0
32631,15.763805,4.6009197,1
32641,70.43684,-3.5727243,1
32652,-31.3841,44.31701,0
32656,-9.073217,-32.753845,2
32672,-1.5996387,-33.534485,2
32704,33.07913,13.693068,1
32722,56.3376,3.030282,1
32723,1.1626017,27.753515,2
32727,-19.277937,-21.657356,0
32734,-5.8131857,-28.131191,2
32737,11.546134,-2.7143688,2
32742,37.72608,51.676163,2
32743,-26.653517,48.84492,0
32748,-13.545686,-32.72783,2
32751,-43.73331,0.6042458,0
32752,-60.628574,-1.2988365,0
32760,8.548624,-0.32140708,2
32763,4.128585,-39.389732,2
32764,2.1863782,41.1566,2
32769,0.9215884,-43.87817,2
32793,-49.681705,1.0210922,0
32807,-11.672639,-54.241074,2
32827,-10.901719,-60.123623,2
32831,-20.693792,48.994892,2
32837,-31.163578,44.38229,0
32843,-3.66802,25.090395,2
32848,42.476574,-25.306889,1
32854,-68.65995,-0.55483663,0
32858,69.31491,-0.046020865,1
32860,-48.519047,1.5275507,0
32862,-50.96616,-39.735313,0
32873,2.1439404,41.217194,2
32882,-21.600168,-36.515373,2
32887,21.040768,6.7552094,1
32889,-12.38586,-23.482534,2
32890,29.612143,-17.660675,1
32905,37.991802,-23.988098,1
32938,-30.43581,4.667891,0
32968,-39.316338,1.6016655,0
32972,41.67549,-30.142399,1
32983,46.596767,14.749727,1
32985,-1.155659,54.231033,2
32993,38.922413,-24.473417,1
33008,47.46977,-21.633472,1
33010,-12.621092,-50.78415,2
33023,53.10992,8.722419,1
33025,0.48510358,-57.71409,2
33065,70.923,-5.0809355,1
33068,40.073444,10.487132,1
33078,46.476746,9.82889,1
33081,-51.250137,2.9339325,0
33089,11.130978,29.799313,2
33092,37.476513,10.985804,1
33105,-13.257006,51.46839,2
33108,18.253206,11.307042,2
33112,-3.8999662,-58.138126,2
33119,1.9968275,40.2109,2
33127,-21.275412,30.77864,2
33131,-5.5460763,57.75298,2
33143,-20.257946,49.146503,2
33171,9.314101,23.233528,1
33187,-13.696985,30.330708,2
33222,65.47816,1.8392465,1
33239,-7.1204233,48.61949,2
33248,-7.642269,-57.48658,2
33290,-57.006367,17.692865,0
33291,-7.4763274,-57.850887,2
33296,31.23339,6.2482767,1
33297,53.128483,-21.748297,1
33298,-56.708916,0.22437468,0
33308,-67.51963,-3.2262092,0
33310,-60.071686,17.441092,0
33332,0.3317554,27.462187,2
33339,46.636906,18.479553,1
33364,-10.84049,-27.30519,0
33366,58.61083,-23.279488,1
33381,43.001194,-28.316462,1
33394,18.369036,7.079839,1
33396,-38.105576,0.14538613,0
33400,-6.144976,-29.922064,2
33402,57.52755,8.750035,1
33413,16.228695,7.3160114,1
33437,-46.854935,4.4896955,0
33446,40.829166,19.677727,1
33447,-3.5823853,25.674295,2
33461,-2.7266653,28.64152,2
33466,44.962254,10.588683,1
33474,37.194214,-31.451344,1
33481,18.487581,2.872038,1
33499,51.4239,10.743408,1
33533,33.47582,-27.45461,1
33536,68.96994,-3.1317916,1
33540,2.1772447,39.386776,2
33582,0.5582901,-38.049927,2
33583,53.825245,15.739024,1
33594,22.21625,-22.390276,2
33601,-48.90165,20.636477,0
33604,48.15024,-23.716028,1
33618,-18.685232,-23.820482,0
33638,55.64846,6.791041,1
33640,36.360847,-24.151077,1
33653,0.99547136,-41.46021,2
33662,-17.241346,-54.225418,2
33666,-6.862981,54.990646,2
33668,-2.528811,-39.267715,2
33711,0.14495604,-46.618412,2
33714,-18.472353,53.91888,2
33718,58.57216,8.1477375,1
33722,6.7202873,33.558784,2
33723,-3.1822765,25.298803,2
33729,42.3935,12.346545,1
33762,-20.747559,-38.02835,2
33764,15.510462,-0.5275245,1
33777,-10.704993,-57.75373,2
33802,63.11775,0.5827503,1
33807,-1.1257601,26.089914,2
33816,49.504883,-20.176157,1
33827,-20.266392,50.63807,2
33830,49.37349,-19.159372,1
33834,-21.767931,34.547676,2
33841,49.365395,12.298163,1
33848,2.4517124,-36.102596,2
33851,-37.95844,1.3433412,0
33863,-26.977861,40.054943,2
33864,61.08264,3.126496,1
33882,61.309208,2.697657,1
33886,70.742805,1.087898,1
33894,-4.7543125,-58.98771,2
33898,-11.74063,-25.693897,2
33918,-56.481922,-2.6564043,0
33948,-47.38528,-43.321823,2
33954,-26.119457,-33.447647,2
33974,-46.352356,-0.6765979,0
33975,-67.49608,-2.6551561,0
33976,54.82768,8.051824,1
33985,-18.40117,57.200493,0
34035,-17.045593,54.759243,2
34037,-22.268085,38.708214,2
34055,-36.240646,0.6809387,0
34058,4.9097924,28.159138,2
34065,-64.817314,0.15688726,0
34079,-24.974815,38.68855,2
34080,-39.031113,-18.079287,0
34081,-18.827505,32.80456,2
34083,-62.198284,15.868937,0
34092,-45.4567,21.611336,2
34097,-27.059208,38.767635,2
34099,-3.7809472,-57.81493,2
34106,-50.743465,2.6609273,0
34112,-60.98892,-3.8628855,0
34116,-66.07633,-0.86116815,0
34126,-48.409515,-1.701191,0
34135,42.08059,-25.723368,1
34143,5.1214013,-55.21201,2
34153,40.30146,10.498153,1
34166,30.159763,11.5186205,1
34167,-7.793345,25.478186,2
34169,-2.9716806,45.34995,2
34172,36.908447,13.180564,1
34184,8.201063,-58.172657,1
34186,-5.8399076,20.137842,2
34187,-66.1193,-1.741842,0
34216,49.643944,13.811602,1
34226,-57.153706,-4.289978,0
34257,10.137362,22.827997,1
34259,-8.9122715,24.718607,2
34272,-30.029453,3.716809,0
34273,-11.918282,-30.234215,2
34277,65.98639,3.1357028,1
34298,-48.428677,-42.6371,2
34302,52.573486,11.126089,1
34312,46.645023,14.144346,1
34331,36.083176,-27.483854,1
34337,-52.03941,0.8177901,0
34342,3.2404983,-44.612057,2
34354,5.1404524,-46.792534,2
34370,55.576065,-23.987991,1
34402,28.04823,11.805482,1
34411,-6.5052595,-55.41827,2
34420,18.61606,2.2317162,1
34452,11.290008,29.821201,2
34457,-0.2705775,27.027729,2
34475,28.77494,-24.444477,1
34495,-57.477055,-0.6272825,0
34504,-52.50774,22.499989,0
34508,-55.54566,-5.6782722,0
34512,-31.35127,45.726925,0
34515,-35.13828,5.4285393,0
34520,33.492733,12.349673,1
34521,-66.16651,11.596521,0
34526,-20.438677,-21.779373,0
34546,11.869095,29.023191,2
34548,49.547623,-24.433666,1
34558,7.714501,27.383623,2
34566,36.748253,21.536177,1
34573,-55.26228,-3.7605536,0
34581,31.5013,11.131672,1
34600,-2.5044591,50.58295,2
34606,-12.984633,-26.667185,0
34609,-17.385904,-55.291763,2
34627,39.965233,49.434895,1
34630,26.106531,4.57933,1
34635,-55.225998,1.3021797,0
34636,21.399466,5.3646717,1
34646,-1.3279604,-33.444202,2
34654,-18.515257,35.08329,2
34662,-12.704361,-25.988844,2
34679,-7.872556,52.96858,2
34680,41.679157,-25.643293,1
34688,-18.463705,31.705961,2
34707,29.108952,6.434966,1
34713,5.289075,-50.430458,2
34714,-45.887688,-43.470966,2
34717,-3.7913263,-56.18547,2
34718,-13.19497,56.33447,2
34735,-18.08532,-44.054268,2
34742,23.280455,-20.941267,2
34745,-16.617493,-52.358784,2
34750,-18.29191,55.85774,2
34753,7.0011425,-46.560112,1
34754,-23.827467,32.631874,2
34757,-36.775833,6.5069804,0
34780,-30.845797,45.819294,0
34783,25.430428,8.897159,1
34809,41.072968,19.848324,1
34820,70.8778,-3.071271,1
34821,37.10331,18.968494,1
34836,-1.2435123,-58.367958,2
34843,69.00488,5.1421685,1
34844,1.4521391,-47.07271,2
34849,-30.360298,43.093044,0
34862,-22.21624,38.89538,2
34863,3.73282,-37.465008,2
34887,6.5391083,-45.106266,2
34897,-11.182947,-52.29612,2
34915,57.33635,-25.222225,1
34925,-40.705036,-0.5746357,0
34926,28.359404,8.24527,1
34927,-19.01597,-24.444672,0
34935,70.26313,1.7411377,1
34939,7.0262055,-49.475033,2
34946,-4.4061966,54.35933,2
34953,-24.106384,-36.978786,2
34959,0.67959285,25.52604,2
34966,-2.781119,48.373066,2
34971,-22.036816,46.550884,0
34973,-2.4647152,55.444527,2
34996,-2.2055018,-39.60241,2
35001,50.376373,11.782062,1
35005,-13.863737,-54.290882,2
35010,-10.126822,-28.430187,2
35045,69.429405,-5.367847,1
35057,21.738085,-18.286266,1
35063,-13.116504,24.552141,2
35065,-55.046124,-6.9271226,0
35067,37.88236,-31.81335,1
35068,-12.276942,-56.877434,2
35076,22.361866,-22.174047,2
35077,23.881336,1.186543,1
35078,-11.35841,-55.525414,2
35094,7.4380274,-56.02636,1
35099,14.983535,0.5369908,2
35101,67.24565,1.9575944,1
35117,67.43732,-1.0136863,1
35124,58.163403,-24.29798,1
35130,-62.42151,-1.3581096,0
35139,-7.7186885,-31.904469,2
35148,61.856342,0.75827384,1
35161,7.224955,-49.634747,1
35164,-7.387106,-30.855165,2
35171,21.624487,7.603966,1
35172,33.747917,13.670035,1
35181,34.2137,-23.56674,1
35193,35.725197,10.905813,1
35195,11.399532,-1.3223569,2
35212,40.195786,12.368692,1
35225,-16.922022,-20.814686,0
35252,32.871372,15.795718,1
35258,59.534634,-23.151556,1
35262,7.901697,-57.9801,1
35271,36.361954,15.362085,1
35297,-52.465794,20.159882,0
35333,-58.135334,0.15341778,0
35341,37.60517,52.974934,0
35353,-16.395994,-21.714882,0
35388,-47.65285,-43.141968,2
35389,-14.696702,-54.872993,2
35406,-9.893083,-31.501492,2
35418,-6.800479,55.012123,2
35423,-4.6634474,53.834038,2
35456,10.556044,25.433697,2
35463,11.836007,27.561071,2
35504,9.526188,-1.7146996,2
35509,29.397419,7.7895856,1
35511,-9.869599,-56.494457,2
35537,48.961536,11.962785,1
35552,7.661073,31.71488,2
35556,15.612957,27.251839,1
35590,52.54827,11.346998,1
35601,-14.462481,-25.666088,2
35613,17.459528,10.211349,1
35614,-42.82142,1.5360037,0
35623,37.03917,-23.994217,1
35624,32.091927,12.5983095,1
35629,-41.16187,5.440332,0
35632,39.476986,49.274895,1
35633,70.18239,3.0598574,1
35634,-27.075365,32.454483,2
35678,7.5348744,0.07966429,2
35692,1.9168009,23.355742,2
35693,-1.8383697,56.291653,2
35698,-23.70804,-41.587303,2
35709,20.619268,1.9077863,1
35712,-53.123787,18.975235,0
35723,26.799557,-0.8627272,1
35726,30.102608,13.543582,1
35729,-67.329094,-0.001039138,0
35744,43.267307,20.586264,1
35746,39.937523,14.316244,1
35749,14.041562,-0.7541544,1
35752,-6.0839148,-38.05705,2
35772,59.94583,-1.1238059,1
35773,56.941124,16.850084,1
35778,6.478207,-44.494144,2
35783,45.17084,10.584245,1
35784,36.13332,-25.745935,1
35793,-20.208788,-24.106949,0
35795,-6.507759,56.231285,2
35800,-15.422865,-56.890244,2
35804,-58.169456,15.4264145,0
35808,30.096577,16.70672,1
35809,-1.1999073,43.447,2
35813,-36.37499,5.1283264,0
35818,-0.48952445,-58.2198,2
35830,-17.902552,28.20833,2
35833,16.216118,6.3186255,2
35838,3.876945,-50.868732,2
35850,39.3437,-28.17645,1
35863,9.333282,26.950298,1
35867,27.581446,8.987755,1
35869,-20.507105,28.877506,2
35885,-14.5195265,51.77986,2
35889,64.529,5.203911,1
35892,-30.53775,2.820734,2
35897,-14.479221,51.876442,2
35906,25.678314,-0.49343467,1
35908,-31.147396,4.7642937,2
35919,62.02862,7.5841017,1
35930,69.30112,-5.314271,1
35934,24.178335,3.850262,1
35935,-48.397778,22.21021,0
35949,40.303535,-26.175323,1
35954,-52.68368,-38.822014,0
35969,-57.744347,15.681577,0
35977,58.703606,14.078708,1
35986,0.43140784,-38.792126,2
35989,-0.12972999,-60.497234,2
35992,-40.417828,-18.511335,0
36006,-46.52852,2.665533,0
36007,-53.444344,-38.264984,0
36009,-16.318867,51.674015,2
36024,-41.191963,5.2759314,0
36028,22.585066,3.1164176,1
36039,-42.918297,-14.737207,0
36046,19.553326,4.9853835,2
36053,7.3138824,-47.829414,2
36060,-3.2536008,-39.256157,2
36072,-9.775025,-31.218672,2
36080,4.082693,22.173197,2
36081,3.886837,-43.58593,2
36084,56.070576,10.488686,1
36093,21.037016,-18.952562,1
36095,-52.178085,20.26011,0
36097,-16.452705,55.619152,2
36100,49.754303,12.320991,1
36103,-12.039822,-30.059765,2
36119,-65.37383,-1.3797183,0
36127,70.18222,-5.782133,1
36141,-23.536028,37.10352,2
36150,-6.788989,-58.21453,2
36162,-43.032177,1.3419567,0
36184,-41.20449,6.8452487,0
36190,37.634136,18.583431,1
36194,-59.781975,-3.2865381,0
36218,-16.036419,55.608944,2
36252,-19.472162,-25.020103,0
36258,3.1868346,-41.452076,2
36281,-48.59808,-42.488064,2
36284,-14.729992,-22.775465,0
36285,-4.2720385,23.35556,2
36287,62.593636,7.2823753,1
36289,-51.773003,-37.360138,0
36317,29.663574,4.181916,1
36324,-47.87799,21.386057,0
36327,-55.06715,4.272133,0
36330,1.9828652,-40.158535,2
36337,-25.116508,47.510998,0
36365,-52.067818,0.85895646,0
36366,-4.7637424,-33.377964,2
36377,-2.4639056,55.213493,2
36382,-52.611023,-39.05876,0
36386,-28.17293,38.353886,0
36391,10.024855,-0.00030886935,2
36402,70.360405,-5.38357,1
36413,-3.9350193,-41.89404,2
36414,-3.595942,-34.615265,2
36426,2.1271455,-43.97575,2
36433,-40.832375,-18.834291,0
36470,38.53576,-27.001036,1
36481,28.03375,-21.105179,2
36507,-19.35103,-24.097574,0
36518,67.81312,7.5076065,1
36531,54.540768,12.141188,1
36542,-26.97316,40.096035,2
36553,8.101868,-1.0042009,2
36562,-50.35766,-40.269337,0
36567,-56.400906,4.8364563,0
36569,1.4587846,26.267307,2
36571,30.093346,8.8729105,1
36574,25.07057,0.9543221,1
36581,-19.30167,-21.733547,0
36605,-10.761051,-33.32406,2
36630,33.00844,11.744416,1
36652,38.642975,49.244312,2
36657,3.2062118,-47.445457,2
36681,52.36229,11.641673,1
36683,-13.766437,-21.616053,2
36684,17.565659,0.2596938,2
36688,36.37317,-28.104778,1
36694,45.71895,-24.310791,1
36706,-17.772358,-26.747013,0
36717,-68.16728,-0.19490187,0
36733,-4.050408,51.107925,2
36752,46.222046,-28.719496,1
36765,55.136513,-21.396677,1
36778,62.200333,1.7238492,1
36784,18.48003,1.1598015,2
36801,-2.5035574,53.732933,2
36824,17.247433,1.9292828,2
36840,-30.776222,5.577788,0
36847,70.82256,1.3672311,1
36852,-49.640972,-42.66077,0
36862,-57.5103,4.5642157,0
36877,24.71367,2.6786854,1
36881,37.748363,17.909418,1
36919,-48.020683,5.736819,0
36927,-6.3753653,51.43413,2
36934,-40.958717,5.6645017,0
36937,-5.5851274,57.65804,2
36954,37.2738,20.301401,1
36973,0.16006914,27.033346,2
36990,-23.081614,47.572544,0
36993,67.51915,1.2586374,1
36994,42.309013,12.444993,1
37003,-15.841995,-22.635338,0
37004,3.8872826,-46.566,2
37006,-23.87777,-41.096657,2
37015,36.64754,19.176027,1
37045,41.073933,-29.109888,1
37057,-0.77083254,-34.218353,2
37061,-19.627245,-38.95238,2
37073,-3.6626596,56.094334,2
37081,22.751385,-1.6342133,2
37095,-4.5355086,48.498283,2
37096,-10.347952,-29.069136,2
37122,-42.9225,9.201268,0
37125,12.659187,27.080944,2
37134,22.669052,7.271022,1
37149,-20.510006,-39.492416,2
37155,-4.889879,-34.08958,2
37161,-6.3822513,51.69071,2
37162,-40.67242,-0.68716973,0
37171,-10.373344,-58.507664,2
37174,-53.178734,-3.2626708,0
37180,50.68024,-26.64766,1
37192,-4.7521815,26.595352,2
37197,-9.394657,53.55712,2
37207,-5.2011905,46.56438,2
37212,35.682915,12.653153,1
37224,21.98271,5.5986886,1
37230,3.9122808,-49.49093,2
37250,-32.151905,43.076153,0
37277,57.165653,11.664837,1
37280,-0.9625714,-38.878017,2
37290,-13.664812,-30.577263,2
37297,54.621403,14.067613,1
37305,51.394413,-23.456656,1
37316,-21.31486,-37.395683,2
37333,-24.46589,37.272232,2
37341,-47.576893,2.7847772,0
37343,-8.017847,50.897614,2
37354,-37.751328,5.5237784,0
37372,-50.955284,-39.20568,0
37380,37.932602,-28.746058,1
37384,-4.6387873,-38.82388,2
37391,-28.41595,50.576946,2
37403,-9.880723,-29.39416,2
37422,19.193642,6.032172,1
37443,-3.7573073,-32.25593,2
37456,16.51641,7.436422,1
37479,-18.806957,31.291079,2
37481,-8.39453,-31.293346,2
37487,-17.341192,30.524338,2
37508,44.879093,-29.363548,1
37511,-54.446957,-3.4513643,0
37536,-22.032593,46.760998,2
37549,-17.885672,27.834375,2
37561,37.736084,18.727434,1
37570,-43.72199,9.035927,0
37575,-16.105614,-24.061207,2
37586,-2.425134,51.09477,2
37590,-13.327646,-55.828545,2
37607,69.21655,5.7288284,1
37613,37.343117,12.074248,1
37651,63.333843,3.8019176,1
37658,54.807205,13.909652,1
37660,-50.680325,20.075165,0
37665,-31.404558,46.03038,0
37685,37.267044,17.515272,1
37688,3.9680955,-48.35753,2
37697,-56.774277,4.750632,0
37706,-50.821983,-38.11167,0
37713,-46.45006,-43.172405,2
37716,-2.9304366,24.995121,2
37727,34.72725,15.083419,1
37728,-7.5135016,-30.997133,2
37729,-39.8672,-18.210236,0
37732,-22.62441,32.81849,2
37734,-44.684906,-16.653687,0
37740,-3.5212023,-59.28516,2
37749,-13.497549,-56.413887,2
37769,-7.1838174,56.841656,2
37785,18.181873,7.42627,1
37789,0.8617185,41.408916,2
37797,28.939571,11.067843,2
37800,14.887547,0.6453531,2
37807,-6.026135,-30.517103,2
37811,1.3404584,-41.73328,2
37832,-19.104275,-41.745693,2
37853,-12.500556,22.422882,2
37854,2.3749824,-40.743633,2
37860,2.9424899,21.956638,2
37868,4.5353646,25.99763,1
37873,12.524193,26.971783,2
37883,21.545986,-21.109106,2
37885,63.787342,9.138202,1
37902,-1.1501793,44.388542,2
37918,41.354893,45.754246,1
37939,-31.918238,43.444862,0
37941,-7.9474244,51.098034,2
37956,24.120443,1.4211104,1
37957,59.457687,-24.788063,1
37979,-2.602411,-60.045235,2
37986,64.922844,9.877674,1
38003,67.60564,0.74486333,1
38014,-26.61657,38.518898,2
38018,32.851112,-28.788118,1
38026,-0.30038685,22.160223,2
38028,65.39412,0.44526845,1
38036,-44.685116,-16.874254,0
38039,-53.22529,-3.3830767,0
38041,27.392252,0.7500703,1
38047,-49.251354,3.0634573,0
38054,-3.5894678,-30.494707,2
38056,38.455227,14.693828,1
38060,-12.230291,-25.712502,2
38082,-54.185265,23.952532,0
38086,-60.323967,15.852256,0
38106,-41.012783,2.2837644,0
38111,-20.267523,49.05485,2
38117,-2.1067839,-33.459072,2
38148,-11.887551,-23.813957,2
38150,-14.2046995,57.69747,2
38152,21.328793,8.83582,1
38153,15.940444,24.986841,1
38162,-2.2499294,-35.992058,2
38177,-6.3023324,54.37433,2
38187,10.995672,27.273273,2
38189,51.31896,8.182757,1
38190,-54.646984,-3.130771,0
38215,48.49581,17.1955,1
38223,5.8068852,-47.363216,2
38226,-44.01413,9.30989,0
38230,40.98944,22.493454,1
38245,8.603078,-54.939182,1
38248,-51.675716,1.324447,0
38254,-7.8348794,-56.88236,2
38265,36.326157,-28.249844,1
38266,10.3719425,25.83532,1
38269,-5.8764377,-57.53024,2
38292,70.72198,-0.60284775,1
38295,4.7310348,-58.57727,2
38303,-8.664277,21.492079,2
38315,50.525826,15.279842,1
38324,-0.62673163,-36.67542,2
38347,-23.369724,33.913597,2
38354,-30.376812,41.926098,0
38361,23.239317,7.700805,1
38372,50.49632,17.120691,1
38393,-18.784252,33.666515,2
38407,-1.7345917,-58.886463,2
38418,-9.502765,-58.65289,2
38421,-4.853614,-36.848682,2
38434,2.473216,-46.30989,2
38435,-12.128301,54.33907,2
38444,37.821514,-26.200663,1
38461,10.855003,-3.2352736,2
38476,40.540276,14.030938,1
38478,0.9900302,-45.634552,2
38479,7.1051226,-55.01545,1
38481,58.07161,9.186756,1
38485,-40.480392,3.0481198,0
38499,7.8150287,30.860472,2
38505,5.889629,27.608038,2
38508,11.60826,-1.0653319,2
38519,67.71488,4.9904113,1
38520,-59.393963,14.319738,0
38527,-38.508106,-18.527548,0
38529,22.816793,-1.6773894,1
38558,-8.673561,-30.283907,2
38562,-46.65738,2.069469,0
38566,-21.77098,-43.857224,2
38591,63.378273,4.033663,1
38592,40.838448,16.149235,1
38600,-2.350058,-36.181732,2
38608,-15.983246,-25.190624,0
38626,6.5542297,-44.232533,2
38658,-3.0787013,-60.043526,2
38666,3.4830046,-41.086834,2
38671,-8.989127,-28.110529,2
38687,3.652821,-42.085117,2
38689,63.84094,9.141771,1
38697,-22.965635,-37.272953,0
38700,-49.24858,-42.71241,2
38709,46.051216,-29.763111,1
38722,54.860966,-22.286692,1
38726,39.444195,-28.832392,1
38728,16.229326,26.643974,1
38764,-50.67388,16.840824,0
38774,71.99688,-1.0836204,1
38793,-21.78379,30.986387,2
38822,-67.21741,-1.8958238,0
38842,-26.247719,-33.52389,2
38844,32.48456,9.078949,1
38865,-31.311272,4.169455,2
38881,-60.449444,-0.6585022,0
38894,2.2514045,22.279627,2
38904,8.208302,30.880856,2
38909,25.191679,11.168994,1
38911,5.987565,-51.90566,2
38919,7.245468,-0.6774714,2
38920,55.30292,14.78809,1
38924,-6.3959007,29.07897,2
38928,40.228016,21.638025,1
38934,-51.59389,17.430105,0
38935,-12.630886,-24.653336,2
38949,14.611579,-1.3476498,2
39011,-17.908789,-20.918873,0
39016,7.758624,-52.88524,1
39017,-30.003143,3.756207,0
39045,-2.1993835,-37.65632,2
39046,-14.178258,-55.76849,2
39059,5.4816217,-47.6083,2
39064,50.841736,18.422367,1
39070,-12.300935,53.96361,2
39079,-65.96484,-1.6752732,0
39093,-22.112661,-37.3682,2
39096,-57.59483,14.563461,0
39108,0.51456666,20.10876,2
39125,69.90939,7.975777,1
39131,-37.825996,-17.49637,0
39137,12.042951,-1.3848537,1
39149,-55.703968,1.956575,0
39152,11.027307,25.738642,1
39159,71.498055,1.2231089,1
39160,47.182747,18.858475,1
39169,23.414892,-17.873793,1
39176,-28.74248,39.447254,0
39182,-48.394592,5.5654016,0
39183,7.981844,-51.7113,2
39184,60.40458,-23.749073,1
39190,-55.83226,1.7089522,0
39197,40.09062,21.371393,1
39203,-0.028419185,25.862835,2
39204,-15.821703,-27.993376,2
39206,53.005623,12.397518,1
39209,-48.451237,7.6636662,0
39210,-17.551683,29.979548,2
39226,23.13814,13.056013,1
39235,-22.973152,32.368244,2
39240,-45.325943,-44.780052,1
39241,0.18078436,-59.932045,2
39242,-3.3930182,51.43997,2
39261,-38.599224,3.659224,0
39263,-9.222342,57.356968,2
39283,-41.898674,6.107772,0
39291,45.86875,13.117215,1
39295,-4.792369,-60.110554,2
39309,-23.25282,47.392056,2
39313,-67.29178,-0.018777505,0
39320,-4.8615026,53.58397,2
39325,-41.76239,-17.202717,0
39327,40.06254,12.325438,1
39334,-32.308357,3.107846,0
39336,-16.504597,54.37179,2
39353,-58.950573,17.031805,0
39354,-6.3031807,53.152035,2
39360,66.42608,5.4277534,1
39367,7.835449,-53.10966,1
39378,4.744025,23.927248,1
39390,17.016663,6.04531,2
39392,59.92383,15.933442,1
39407,38.28043,-26.140343,1
39417,59.04649,-24.465086,1
39429,12.013513,-1.1181935,2
39434,47.176327,16.581585,1
39455,56.06477,-25.757326,1
39460,-16.392763,30.355217,2
39464,-9.979711,28.473976,2
39465,-61.18363,15.054869,0
39467,-58.253513,0.86367744,0
39475,38.98112,50.143097,2
39495,48.886436,19.55499,1
39499,-59.664783,-0.8332127,0
39522,-44.360508,-15.806255,0
39526,-56.765038,16.98376,0
39543,19.207182,6.410035,1
39554,-48.571392,20.205889,0
39562,-3.4413855,-34.88387,2
39571,-5.7450714,21.827467,2
39573,-46.740845,-0.24120234,0
39575,13.162994,0.66143876,2
39576,-0.5640236,-36.71853,2
39591,21.250729,-17.554258,1
39597,-57.321075,1.4324898,0
39606,5.9294014,24.077518,2
39621,47.01118,18.83074,1
39624,-35.974743,4.3120694,0
39639,38.31951,13.598305,1
39641,40.24355,-28.646622,1
39686,39.67885,14.753163,1
39694,23.166544,-1.6990854,1
39704,-54.983578,2.456985,0
39713,-44.29492,3.1124637,0
39715,-2.3096185,-56.88687,2
39716,-54.717995,18.939936,0
39723,68.555374,6.0604787,1
39728,43.480408,14.293254,1
39741,53.5269,-24.022587,1
39757,-12.952601,-28.422222,2
39759,68.858284,-3.063507,1
39765,27.513708,14.109353,1
39774,-19.121197,28.485342,2
39789,1.5418991,26.063576,2
39804,64.48545,5.5296702,1
39839,-47.17608,21.65405,2
39858,-16.868633,-27.272602,0
39862,-12.824619,-58.08635,2
39883,-7.9921412,-57.68799,2
39887,53.231903,-26.27192,1
39895,-17.799015,29.96868,2
39934,-54.923695,4.5043073,0
39947,-13.278683,57.015926,2
39959,5.1315613,-50.294586,2
39974,8.712321,23.611092,1
39987,13.362225,1.1207429,2
39990,35.26852,-27.260818,1
40048,-38.98457,3.4900303,0
40063,-3.412764,-32.329037,2
40090,-48.277905,-38.024876,0
40103,-20.791412,-45.194725,2
40106,-23.682245,-34.274845,2
40127,-22.467081,33.150017,2
40139,-64.71521,0.3645372,0
40141,-54.908066,-2.7382367,0
40145,-19.491728,32.727543,2
40146,-58.651794,0.50488347,0
40155,55.875988,-22.486712,1
40162,3.3666627,-46.19724,2
40163,18.191467,4.1551023,1
40164,-54.294895,-1.222768,0
40203,-1.0303123,-38.866978,2
40216,-15.936165,-52.254196,2
40240,-23.992893,32.894016,2
40244,-50.42769,1.9536271,0
40248,-63.55481,11.117093,0
40250,-12.262658,-52.956284,2
40251,40.63284,12.098124,1
40252,56.140156,11.185009,1
40257,-22.621584,-41.711113,2
40266,-41.742325,2.4007967,0
40270,47.257965,17.748793,1
40278,-56.4765,18.806973,0
40280,27.12246,2.0743616,1
40286,-43.376747,8.805482,0
40300,-45.930714,-44.417984,2
40303,-7.818445,-59.106434,2
40309,-44.420803,3.1555808,0
40324,-8.402485,24.746546,2
40336,-21.37186,29.738564,2
40338,-13.342414,56.975037,2
40340,-64.78136,10.208691,0
40350,-15.224242,57.744244,2
40358,-57.395184,1.573123,0
40362,26.571383,11.059816,2
40399,-3.598673,-36.55166,2
40409,-25.74427,-33.56403,2
40433,55.182064,15.014211,1
40465,7.1259255,-54.919205,1
40474,-7.3113055,-33.305202,2
40478,9.776114,25.473116,1
40496,-50.434814,21.490547,0
40499,4.1920357,-41.60666,2
40535,26.638664,2.786773,1
40545,68.88358,-3.0698895,1
40550,21.421503,-19.716038,1
40560,-5.796934,22.522741,2
40563,-54.11997,1.2178977,0
40566,-20.842764,-38.08828,2
40574,-15.706246,-57.72299,2
40578,15.6942005,4.657694,1
40615,23.440052,2.3843846,1
40646,11.568615,-2.2428885,2
40648,70.75039,1.7958294,1
40653,39.696777,-31.031567,1
40656,18.622583,-17.412552,2
40672,-65.79021,1.7599096,0
40696,33.04681,16.004465,1
40704,-4.1662836,24.242638,2
40730,28.675873,-24.397762,1
40731,57.057404,-25.763262,1
40755,-54.463017,18.133627,0
40757,33.40334,13.66157,1
40785,40.312958,-28.658978,1
40795,-24.539858,-39.229176,2
40799,-31.98013,45.49245,0
40801,23.028357,-2.7108092,1
40803,33.704758,20.299572,1
40814,38.95883,-30.235027,1
40816,37.878407,-26.607058,1
40819,-1.215424,-59.25734,2
40857,53.01181,-0.9878609,1
40864,54.986084,-25.949127,1
40879,61.83881,4.3452487,1
40888,-50.86951,-37.485313,0
40890,40.58557,17.505186,1
40911,-30.997747,3.5588906,0
40912,-14.510965,-55.164505,2
40918,-34.53099,3.070106,0
40919,-5.504961,-34.4555,2
40921,-21.020313,28.89341,2
40932,-66.5268,-0.64242274,0
40940,17.959414,8.203981,1
40941,46.78258,17.759256,1
40953,-21.461395,30.004236,2
40962,-47.17171,5.0250435,0
40966,1.6507702,-41.117764,2
40979,-53.780804,20.546814,0
40987,-2.2567475,-60.016163,2
41016,-19.19316,-22.011522,0
41019,39.746178,14.381918,1
41033,-57.42368,15.269269,0
41043,6.2136054,-56.765255,1
41049,-36.32836,6.932628,0
41065,3.668291,-40.70587,2
41072,-8.14682,50.29142,2
41084,-46.2709,-41.46474,2
41092,29.08755,16.69588,1
41097,-6.7148685,23.835653,2
41115,-18.95751,31.202343,2
41125,9.557042,26.307724,2
41137,-33.101868,43.02378,0
41148,-3.726285,-62.77708,2
41157,39.079914,16.249342,1
41162,-17.011143,-53.62382,2
41169,-6.100474,25.97094,2
41172,44.808327,10.914697,1
41176,-1.1323195,-40.639355,2
41188,5.8499436,-46.12818,2
41197,33.556465,18.378117,1
41205,35.877316,-29.537039,1
41209,20.271029,8.49191,1
41213,44.348316,-20.940228,1
41226,-28.948093,49.70887,0
41230,23.738705,2.5957444,1
41233,-20.335293,32.02543,2
41234,-21.76566,-38.140213,2
41238,69.31031,3.5703797,1
41242,-53.00703,4.4016085,0
41258,-15.930752,-52.349144,2
41289,-55.007305,18.311182,0
41290,-6.196877,-30.936352,2
41344,68.01212,0.50873584,1
41348,-52.732582,-40.05811,0
41350,-41.23801,2.8204982,0
41351,8.289064,29.655003,2
41364,55.865124,-24.027021,1
41383,47.186905,16.551336,1
41413,-61.16649,1.9394319,0
41431,1.55209,23.450392,2
41440,-55.06069,1.3737444,0
41453,-39.697998,5.2463284,0
41476,-60.737198,12.757409,0
41483,-55.328358,17.087591,0
41484,5.797068,-1.1781456,2
41506,-8.102429,-57.96546,2
41512,-48.28961,-44.00283,2
41522,20.878532,-18.376013,2
41529,-29.45953,40.458855,2
41534,64.220116,3.0335207,1
41538,30.27115,13.960139,1
41546,8.403831,27.193047,2
41553,-13.338545,-26.146606,2
41556,-22.558582,-38.565243,2
41557,-32.250015,4.3180637,0
41560,6.5716195,-0.59025866,2
41564,-66.28917,9.065869,0
41566,-50.3286,-41.91961,0
41575,-12.0541935,-25.585333,2
41577,72.285095,-1.7511247,1
41586,5.8325515,27.39042,2
41598,-13.482114,-24.655163,0
41608,-33.029514,42.995544,0
41612,-25.504759,37.285408,2
41621,21.236895,8.2194605,1
41631,-26.365116,37.451435,2
41642,6.004982,-47.941628,2
41654,-0.46112484,-42.645287,2
41655,-3.5546048,22.226341,2
41661,-21.929934,-39.672,2
41667,-41.539547,4.1897774,0
41681,-41.397873,5.93336,0
41695,-8.348757,-32.612923,2
41697,-8.746886,-28.942966,2
41708,50.27893,13.4015665,1
41725,-7.816041,21.637457,2
41737,2.0501258,-44.721878,2
41744,19.38639,-16.851519,2
41746,-56.487946,0.6711134,0
41753,43.298603,-28.66762,1
41771,50.77418,-22.325565,1
41778,-64.30913,-1.0964185,0
41798,51.804825,11.522236,1
41806,-64.08329,10.605691,0
41807,32.69795,14.927116,1
41827,-17.588167,-55.790707,2
41857,30.15613,11.932344,1
41861,38.351246,-26.524511,1
41864,-21.28925,29.923985,2
41877,0.8879296,-62.7257,1
41881,-5.77236,48.61498,2
41885,8.163198,27.541714,2
41908,-17.15503,-49.14348,2
41920,38.1627,-30.301716,1
41928,20.6082,10.907423,1
41932,-15.40605,-26.62072,2
41935,-15.627189,-21.255995,0
41939,-10.761347,-33.2751,2
41945,-7.28672,55.0258,2
41967,-3.5606074,-60.303703,2
41968,-20.58127,-38.63178,2
41969,58.14869,9.203202,1
41972,52.10242,15.47829,1
41977,-52.339497,1.5110325,0
42004,-44.38617,3.8667817,0
42007,-5.6309905,-31.553167,2
42018,21.279503,3.5974424,2
42024,-19.151064,33.017506,2
42032,-3.6710234,-62.659657,2
42065,-49.00743,-42.748356,0
42069,-16.321318,26.714167,2
42080,29.782059,11.657862,1
42106,-3.7428148,22.047506,2
42120,-13.95318,-56.645504,2
42150,-6.266704,51.077038,2
42161,6.199962,23.628944,2
42165,-40.787956,6.702763,0
42168,-12.643112,-58.11401,2
42170,63.410038,5.3927197,1
42200,-42.34774,3.5214043,0
42224,6.53671,23.799849,1
42237,43.272484,16.422997,1
42240,-21.065304,-40.616653,2
42246,-9.065879,-57.974762,2
42261,-57.280624,14.293511,0
42281,1.2596269,-40.553223,2
42286,-12.23325,54.193195,2
42288,-0.47009265,-61.30486,2
42331,-24.811157,-37.425846,0
42356,22.316587,-32.56109,2
42358,-1.2491239,-42.52777,2
42372,6.311664,-46.626442,2
42387,-22.199965,-38.11774,2
42395,-65.48559,10.571816,0
42409,-5.4751368,49.314926,2
42411,-41.70915,0.35066727,0
42412,52.11516,-23.73007,1
42457,-20.75489,29.732262,2
42458,7.6993146,27.605782,2
42461,8.611834,-53.906544,1
42464,-12.624537,-25.505041,2
42470,53.98183,-25.248533,1
42473,43.22387,16.49651,1
42474,-6.5997005,52.892784,2
42480,-56.946194,-4.631067,0
42485,-49.654873,19.134693,0
42493,-21.257317,-41.61708,2
42507,-16.182537,-22.880827,0
42513,-64.18367,-0.80059856,0
42520,-52.167305,20.11727,0
42525,27.642756,14.381932,1
42538,-13.439769,52.79091,2
42545,-17.3171,-21.66249,0
42546,-24.01289,35.010662,2
42568,64.35182,1.8282825,1
42577,-60.74837,1.6872333,0
42581,-54.403244,-1.1739548,0
42589,-3.63598,20.562414,2
42598,-14.135672,54.197258,2
42632,-8.088786,51.2409,2
42641,-3.7798645,55.963703,2
42647,-44.61608,4.603762,0
42648,5.2075243,-57.81502,2
42653,-58.69482,13.945544,0
42655,-18.058691,31.407503,2
42660,67.695076,7.281789,1
42661,-52.420925,2.5242863,0
42663,65.57936,6.010767,1
42678,-13.442085,55.529373,2
42679,2.3759172,22.340874,2
42682,-8.978079,-32.73123,2
42686,22.395819,6.5662246,1
42702,58.55222,-23.978481,1
42713,51.96057,-26.855976,1
42726,56.716286,-25.832773,1
42732,37.950127,-28.61424,1
42733,39.854996,-30.129574,1
42736,-2.3466978,-38.5481,2
42740,-22.98249,-41.22326,2
42771,-0.328171,-39.722702,2
42787,-7.062772,23.66747,2
42802,-15.849744,-57.72125,2
42815,-13.663397,-56.637726,2
42824,18.997,7.4887934,1
42829,-3.3662417,44.71894,2
42831,-3.1967232,-41.495956,2
42847,-21.486662,29.021318,2
42850,69.24041,0.563936,1
42857,-28.049429,39.971294,2
42872,-6.994601,-32.462456,2
42883,46.93785,19.524347,1
42885,-38.11154,-17.60353,0
42896,-25.690945,38.53969,2
42903,-3.988837,-32.252525,2
42904,-7.957788,-28.494095,2
42925,45.8487,-28.764826,1
42938,9.800827,28.60694,2
42960,-56.165333,-0.0423245,0
42974,40.576897,12.304673,1
42978,-10.782037,54.905437,2
42982,55.77304,12.691481,1
43019,27.175266,3.2394388,1
43042,11.465746,1.0029013,2
43053,22.891714,3.834921,1
43054,8.412766,25.919867,2
43072,39.02786,49.95398,2
43077,58.582806,11.536651,1
43103,38.283283,52.727455,2
43118,-37.437004,4.748354,0
43124,-6.847867,55.145065,2
43143,31.209108,20.054754,1
43150,-66.194016,-0.014406095,0
43154,-11.497516,-31.805357,2
43158,-11.749679,-25.127775,2
43164,8.615995,28.226698,2
43170,-62.636734,0.72968584,0
43177,35.07994,18.591545,1
43187,-54.870758,15.872563,0
43211,-8.582263,-29.51958,2
43224,18.17465,10.963496,2
43227,-16.039366,28.739828,2
43233,-61.815006,-0.13439275,0
43236,-30.958881,4.6701884,2
43246,-25.052189,-40.733654,0
43249,47.228878,14.815144,1
43262,-68.59171,-0.5417471,0
43267,-11.469353,-31.572495,2
43281,-48.459824,7.6741004,0
43297,35.12461,11.553048,1
43307,41.491676,17.149736,1
43357,45.21167,13.706848,1
43374,10.054873,28.533464,2
43382,30.983723,17.491463,1
43383,23.324583,13.368562,1
43400,-15.403147,-24.10351,2
43401,51.207592,-26.606667,1
43408,-23.056885,-40.96976,2
43417,-43.18338,2.1278625,0
43421,-24.484854,-39.18581,2
43431,-43.650635,3.975364,0
43436,-38.586273,8.216167,0
43439,-58.25669,15.157478,0
43471,12.402318,1.8828753,2
43479,29.166677,13.3784275,1
43501,56.99481,16.767012,1
43528,-64.898224,-1.3466641,0
43533,42.792046,20.2639,1
43569,-59.81555,14.256841,0
43584,18.400894,3.0543277,2
43592,9.024282,-55.66976,1
43593,64.66789,1.8594848,1
43605,38.38037,52.510223,2
43609,30.36252,14.41568,1
43614,-15.17995,-23.427137,0
43626,-65.949066,1.3111359,0
43628,47.086548,10.478744,1
43633,-9.472904,-30.312948,2
43648,5.312632,-48.80787,2
43659,57.475155,-26.896559,1
43676,-50.12348,2.1527905,0
43704,38.87146,-30.155434,1
43707,-17.338411,-52.609116,2
43725,-48.90066,20.625984,0
43742,23.420967,1.338576,1
43752,57.08972,15.848442,1
43771,39.331547,-30.310358,1
43780,-20.120039,-21.835474,0
43788,-22.019531,30.901196,2
43832,-15.940566,-23.736147,2
43839,-5.2335935,-58.711884,2
43871,54.437477,-22.497223,1
43882,-5.1243744,-37.551277,2
43903,19.386751,6.286621,1
43905,-2.9057333,24.595867,2
43940,-4.973087,51.011326,2
43953,-15.970126,-24.917934,0
43954,22.325161,-32.58316,1
43957,-6.4507556,49.73862,2
43963,4.833905,23.038778,2
43983,71.05834,5.7796535,1
43986,33.948093,20.167286,1
43998,-16.163242,-42.848503,2
44017,-18.344517,-25.720478,0
44029,-65.77487,-0.61876655,0
44045,-66.25427,9.738375,0
44048,2.4033477,-42.363815,2
44057,-17.454723,-55.800533,2
44062,-6.690165,-59.80039,2
44064,-58.772324,14.776857,0
44066,36.83146,-29.42104,1
44071,-17.162739,55.32222,2
44077,63.560024,4.731723,1
44078,-6.1324296,-37.711906,2
44109,41.57447,14.09619,1
44114,68.44486,1.7051231,1
44115,38.68154,-10.515579,1
44136,42.93426,19.623764,1
44150,-19.142942,29.634819,2
44151,38.952194,-25.274284,1
44158,-4.492827,51.758747,2
44160,-6.8114276,47.420162,2
44190,45.204353,16.678837,1
44191,52.013695,-27.657768,1
44193,-50.6587,3.3217058,0
44204,-7.289314,55.25212,2
44218,-15.657845,28.458214,2
44223,39.123657,21.171581,1
44228,-2.8047104,-61.014767,2
44233,-41.287075,2.8956583,0
44236,-57.50279,4.5936193,0
44239,63.07566,0.45891792,1
44240,36.343853,21.072317,1
44249,18.198227,3.9512844,2
44254,-57.566296,12.673726,0
44261,62.72223,7.7194557,1
44265,9.255148,27.220423,2
44300,19.7756,-18.855227,2
44302,70.80054,-4.3200054,1
44323,61.68133,1.669786,1
44331,6.3830276,-48.77791,1
44334,0.48456308,19.64086,2
44348,56.77281,13.075743,1
44351,27.58351,11.254192,1
44360,-41.93344,-16.413933,0
44364,-51.257305,4.2746243,0
44393,-12.455886,-28.330431,2
44423,-0.7324582,18.344324,2
44427,38.72612,14.893599,1
44428,23.221647,8.602093,1
44441,22.972076,12.551287,1
44450,6.502919,26.859653,2
44454,-50.53484,4.7546973,0
44478,-18.377203,-23.758318,0
44502,-41.800735,4.4434056,0
44503,-60.964325,14.545175,0
44526,-40.448338,3.0522375,0
44536,-4.8239846,51.62181,2
44541,42.56719,45.48877,1
44554,67.32816,-0.09990548,1
44567,20.8174,9.679582,1
44583,-19.528032,-24.86533,0
44585,46.046917,-28.831789,1
44599,-18.10303,28.534428,2
44614,11.854067,-2.0920868,2
44624,-36.76747,5.8501515,0
44647,70.775986,-5.010247,1
44650,-37.921925,3.866518,0
44660,70.6936,3.5400956,1
44669,-52.248367,19.185352,0
44670,-18.296192,-25.106379,0
44681,32.347813,9.19574,1
44683,43.254086,16.494036,1
44706,-8.426001,57.61818,2
44709,-14.140005,57.3857,2
44715,-54.298862,2.6183488,0
44717,-0.54443717,-36.83225,2
44719,0.89706254,19.988535,2
44739,-50.36985,16.69367,0
44748,-20.51389,28.889387,2
44767,-53.985073,-1.2043034,0
44768,39.464264,18.902588,1
44770,27.017622,11.916773,1
44774,-20.114925,28.48892,2
44787,-29.049603,46.961327,0
44789,54.958378,14.724159,1
44794,41.456287,13.209689,1
44799,-14.349868,-53.00927,2
44800,37.751102,52.855286,2
44813,-2.3525407,52.63019,2
44819,19.98019,-17.833513,2
44825,-40.146656,5.5314755,0
44827,-3.7280996,-59.070026,2
44842,63.092167,7.267662,1
44860,-29.717257,47.236736,0
44861,-65.90432,-0.14639534,0
44870,-66.347725,0.3277575,0
44872,39.21278,49.589912,2
44877,-8.630461,-30.353811,2
44879,39.959244,18.895512,1
44900,12.341882,2.4955199,1
44932,-0.18100819,19.415312,2
44933,-31.870975,4.505752,2
44934,71.0187,5.895477,1
44965,44.38615,15.0741,1
45001,-60.68342,1.977868,0
45013,55.11443,14.8075695,1
45016,38.31987,13.471573,1
45024,-5.1212873,49.259377,2
45035,-26.703844,36.75497,2
45038,-8.030431,-34.443146,2
45042,66.2111,4.2656446,1
45060,50.724823,15.223644,1
45069,38.84373,-32.967434,1
45107,19.305265,7.7765307,1
45109,69.10405,4.97266,1
45118,-43.07709,5.695164,0
45126,52.23668,15.512853,1
45127,65.29085,6.3554726,1
45131,28.461365,4.3497543,1
45136,-29.22962,38.789677,0
45144,33.08095,15.576711,1
45148,5.5762687,22.743702,2
45152,-38.5004,5.5953813,0
45158,69.36428,-2.0887413,1
45183,-15.74581,25.501392,2
45184,-4.518753,53.70451,2
45195,-23.25347,-41.006668,2
45199,-19.92057,32.317837,2
45206,-44.96797,19.492266,2
45215,-43.9641,4.021697,0
45216,41.696354,45.70057,1
45217,-28.461658,37.311924,0
45230,-61.557358,14.281215,0
45246,50.792492,18.449102,1
45269,-5.9598756,48.009094,2
45277,66.20969,4.929371,1
45280,-16.205347,28.440208,2
45293,41.059284,12.880373,1
45295,-67.100174,-1.6955498,0
45313,12.868941,25.735262,1
45314,-44.362762,-17.261496,0
45320,-26.379055,34.699707,2
45332,-7.190341,55.86693,2
45333,-44.326977,3.1573107,0
45335,-55.45537,1.1985807,0
45348,57.49531,-26.76299,1
45374,8.9889145,-55.554604,1
45383,36.54903,-28.273365,1
45384,1.411688,20.464401,2
45385,28.982615,4.097356,1
45387,34.760433,12.916732,1
45393,-15.107194,54.935722,2
45406,-20.468777,-22.68419,0
45428,21.67663,5.5652556,1
45431,12.771707,25.746069,2
45439,20.218035,6.602469,2
45443,-40.06746,5.3613734,0
45455,-44.50466,6.809442,0
45486,-18.982882,-51.637367,2
45490,-50.9334,21.167324,0
45503,-5.88742,47.450462,2
45504,38.756245,11.449802,1
45505,23.892359,2.2455266,1
45506,6.5478554,-56.8618,1
45507,19.627018,7.119111,1
45530,51.658005,-24.805035,1
45533,-16.95914,-52.57472,2
45544,52.0557,-24.602854,1
45546,-13.397325,-24.616117,0
45547,-57.08486,-4.5002956,0
45561,-19.814034,26.579926,2
45568,-55.835266,12.799365,0
45577,28.288687,4.473189,1
45589,5.5020013,-49.603565,2
45590,-5.048093,-61.001755,2
45607,67.2621,0.90483886,1
45624,-9.630977,57.36295,2
45642,-3.8692944,23.927217,2
45653,4.9011884,-41.05523,2
45657,-7.408582,21.914259,2
45682,-8.285284,-32.339333,2
45696,-58.61521,2.122696,0
45701,65.99821,5.777428,1
45706,-11.479826,-58.52948,2
45713,36.983177,-31.826223,1
45720,40.038094,14.9121,1
45743,-59.067158,14.368377,0
45757,-25.325542,31.879366,2
45775,-59.169403,0.54613376,0
45782,-6.040367,-35.660374,2
45817,-49.03724,2.7679594,0
45820,-51.515285,19.347187,0
45823,67.015434,6.795644,1
45825,9.052649,25.056591,1
45831,71.38803,2.5206497,1
45848,-52.920055,20.121523,0
45860,-19.163483,31.175283,2
45862,-25.598547,35.059746,2
45890,-14.537865,-59.33549,2
45905,-47.58259,5.920302,0
45907,7.5883193,-53.00263,1
45918,-10.576159,58.373684,2
45924,20.500273,10.88035,1
45935,24.354916,0.8270897,1
45942,-52.226643,-36.512993,0
45966,1.8801388,-46.07764,2
45972,24.714672,0.3804921,1
45977,39.42554,48.8791,1
45985,-20.178564,47.41965,2
45991,-43.573902,8.416172,0
45993,9.0275345,29.10569,2
45994,70.689186,3.33937,1
45996,43.473118,-28.730276,1
45999,-5.245782,-61.052773,2
46000,-7.6180134,-35.479736,2
46012,64.05706,2.002679,1
46013,18.189835,2.687084,2
46020,26.95613,13.375172,1
46026,-15.463965,55.14357,2
46039,63.215576,9.692815,1
46042,51.624382,13.602475,1
46046,-52.192505,3.333961,0
46047,60.02534,-24.99301,1
46055,6.3930364,-48.847427,2
46060,-0.7772105,20.457338,2
46071,20.158094,-17.851734,2
46077,-13.686425,54.245358,2
46092,36.25253,-25.975183,1
46101,28.252531,16.645119,1
46116,-1.1527562,-40.50871,2
46127,-51.136116,20.38831,0
46130,-46.54251,-41.735195,2
46147,-14.447762,-59.276737,2
46150,11.645133,26.985699,2
46151,-56.260918,14.887847,0
46157,-14.739079,-54.711998,2
46161,-5.160153,-34.619606,2
46194,21.083044,-20.723509,1
46198,-3.5393658,53.14539,2
46203,-39.175766,4.9195423,0
46213,-3.549791,-59.246452,2
46224,-2.5790498,50.73016,2
46231,-52.472298,-37.88708,0
46234,-60.915604,15.122251,0
46290,63.638786,9.557056,1
46302,20.235765,-19.783508,2
46306,41.408176,-27.690037,1
46316,-55.0213,17.299263,0
46325,-3.5678396,52.437546,2
46335,-20.033642,47.23623,2
46337,-55.813095,15.153895,0
46354,-54.551582,1.6034929,0
46360,2.9083107,-43.635426,2
46368,-19.871407,-41.680786,2
46374,-4.6865044,21.939062,2
46392,-56.19592,17.390936,0
46394,-65.50824,10.902815,0
46396,68.523476,-0.7821403,1
46403,-13.444306,-58.50355,2
46409,6.346715,-56.750034,1
46419,-48.24647,3.3187742,0
46426,-29.57506,38.20687,2
46428,63.625282,1.262249,1
46443,40.485077,19.42464,1
46449,-46.839,2.5114343,0
46450,28.718435,3.05767,1
46451,41.365616,-28.290293,1
46466,-31.3795,42.174866,0
46477,-40.444145,6.353277,0
46478,-46.691814,6.6720877,0
46483,1.7036163,-47.59634,2
46486,24.136776,4.28439,1
46493,42.056114,45.67704,1
46515,-6.011243,26.010735,2
46528,-26.680964,34.823936,0
46542,-18.253195,57.777817,0
46571,61.725338,9.200203,1
46586,-54.26213,-1.2581496,0
46590,-20.775661,47.698814,2
46599,-48.905716,-43.4041,2
46600,-65.54316,10.148109,0
46609,-13.203896,56.914692,2
46617,44.327045,15.418335,1
46624,-41.729843,-16.99846,0
46639,23.330355,13.369476,1
46641,12.034403,1.530532,2
46645,51.564533,8.2500305,1
46650,38.337692,13.93424,1
46687,1.2490178,20.175457,2
46689,-51.704964,3.890696,0
46726,-23.894598,32.82152,2
46730,4.0546227,-48.35831,2
46733,19.795605,2.3406172,1
46744,-55.223278,-2.4636722,0
46757,-4.62454,49.447544,2
46779,5.908901,-51.567375,1
46788,48.91146,19.542946,1
46792,59.167717,-24.74991,1
46797,71.92164,2.478411,1
46801,36.999325,-29.98935,1
46806,-14.212299,-56.23259,2
46808,-18.958246,-51.66911,2
46818,33.111546,12.438572,1
46822,-11.545201,-58.717476,2
46824,6.643261,26.902143,2
46829,39.794376,49.912006,2
46836,53.519035,-28.13636,1
46839,-24.2704,31.535597,2
46851,66.748886,7.5847235,1
46854,-9.230992,-31.24057,2
46858,-6.3736444,-59.959,2
46864,-52.683083,16.47841,0
46883,-10.897741,56.584938,2
46886,-65.859,10.038474,0
46896,-37.562664,3.852381,0
46901,-51.44253,16.714972,0
46904,-4.260829,19.771677,2
46912,5.2150044,-49.470135,2
46928,62.861282,11.3633585,1
46936,36.976845,19.45617,1
46940,-15.664109,-23.54534,2
46966,14.760068,2.142893,2
46987,8.25695,29.42435,2
46996,-3.9577336,-32.29364,2
47020,67.45744,3.642074,1
47024,-0.023690842,-61.089615,2
47029,-63.934235,10.626549,0
47038,66.140465,2.4345918,1
47044,-44.032047,-17.46853,0
47069,-29.402794,38.479652,2
47071,6.568912,30.465174,2
47084,-0.97151643,-59.28965,2
47113,-58.7995,13.687386,0
47114,-46.23464,5.959458,0
47121,-54.19427,2.510805,0
47128,65.64112,4.32562,1
47134,33.08889,18.234894,1
47167,-53.806828,1.1092545,0
47182,-4.0450635,-38.77641,2
47184,12.322571,4.2988195,2
47193,-8.256352,55.03082,2
47222,-28.808678,50.283012,0
47225,63.090355,11.041738,1
47241,6.1738625,23.410954,2
47252,38.80312,16.17184,1
47267,-13.804209,-23.64187,2
47288,34.633846,-28.703075,1
47289,-45.813164,21.109596,2
47293,-9.133982,-36.486084,2
47299,-32.675602,3.300756,0
47302,0.6461909,-46.44182,2
47303,-36.705997,4.1208344,0
47321,-5.4248543,20.047564,2
47322,-26.535635,37.525146,2
47323,-5.369139,49.629986,2
47338,14.528049,25.85984,1
47339,-47.10196,-42.36534,2
47342,41.402008,14.732422,1
47343,54.39578,-25.113184,1
47353,53.090816,13.047405,1
47361,-1.5205519,53.6265,2
47385,38.620262,-25.208088,1
47388,3.1633396,-41.666225,2
47394,69.96631,8.306348,1
47402,-55.672585,12.793498,0
47410,26.892141,11.557971,2
47416,-58.44431,2.2924943,0
47421,-5.108154,49.337563,2
47429,-23.670185,-41.82567,2
47464,20.163643,3.4507773,1
47491,63.605232,8.465751,1
47498,41.606976,16.491987,1
47514,8.233667,28.035591,2
47523,41.345516,16.001293,1
47562,39.751564,12.30194,1
47577,-21.815208,-43.92795,2
47582,4.6997786,23.301594,2
47583,-40.176838,5.503278,0
47590,-39.059536,6.3721533,0
47605,41.30336,16.344065,1
47631,-65.51242,1.5224522,0
47642,44.07979,-30.247211,1
47644,65.28929,6.6530814,1
47646,20.664297,-19.522427,1
47647,9.868891,-1.2130054,2
47659,66.03666,3.1300292,1
47666,66.82445,9.997831,1
47667,21.527784,-19.899094,1
47671,46.667007,11.294377,1
47672,-46.106064,20.719252,0
47674,49.44684,18.61015,1
47676,-15.202722,54.954163,2
47677,40.60193,10.462803,1
47679,-65.70646,2.141266,0
47684,10.009165,0.29762727,2
47687,-14.624493,-23.387093,0
47711,34.190487,15.273509,1
47713,18.478294,-16.995718,2
47716,-26.903154,-32.516514,0
47736,-64.24551,-0.87224436,0
47746,-18.454891,-22.7412,0
47748,-48.475063,5.0726604,0
47749,-2.9943693,-60.729225,2
47750,-44.85392,6.88367,0
47754,2.072304,22.394325,2
47761,-23.26994,29.98146,2
47773,-14.241348,-55.551384,2
47796,64.61698,8.163003,1
47798,-27.628763,39.929695,2
47806,35.30248,15.227178,1
47815,22.356083,2.9063454,1
47829,-29.42839,40.21787,2
47831,-23.792196,-42.211155,2
47836,-22.509247,31.311947,2
47842,-44.427105,-18.152954,0
47861,30.424828,12.3346195,1
47862,-6.396354,-33.557194,2
47876,45.69424,17.36887,1
47888,10.7935,27.768698,2
47903,23.932205,3.9836547,1
47915,53.55013,-28.22946,1
47944,-18.263582,32.666996,2
47966,46.883167,17.506056,1
47973,-22.83323,-43.883457,2
47983,0.79741454,-59.86034,2
47998,72.35942,-1.7584852,1
48012,-23.614119,-38.10362,2
48020,-12.558989,22.404976,2
48039,-63.717957,0.61989796,0
48040,57.35115,15.526439,1
48049,-10.202159,58.89019,2
48050,-5.806113,-37.146442,2
48054,-4.6066713,49.895176,2
48062,35.412727,15.108386,1
48077,21.323914,3.411533,2
48089,-0.8938028,17.980738,2
48090,-2.8793867,-38.632076,2
48092,-7.1409206,21.948374,2
48106,-43.976166,7.210141,0
48123,37.069046,19.980156,1
48125,22.282576,-32.55938,2
48134,12.974997,4.820252,2
48138,10.008193,27.210026,2
48141,58.476765,12.165977,1
48146,21.617838,-5.6670837,2
48151,8.445886,-54.03222,1
48158,-3.3163044,22.553183,2
48165,-38.49512,5.9349422,0
48169,-11.444103,-52.25874,2
48170,-24.703968,46.993053,0
48189,-0.05325323,-59.01747,2
48199,-8.463824,54.792355,2
48205,6.692709,30.391853,2
48208,-10.397185,-59.834164,2
48211,21.367182,7.676698,1
48216,43.483376,-29.040806,1
48227,64.82945,10.5837965,1
48235,-37.86656,5.699413,0
48238,44.292988,15.359168,1
48239,-7.039074,-35.13455,2
48258,-0.5269942,-38.754833,2
48270,20.249065,6.0892777,1
48292,67.64376,4.884064,1
48293,38.836582,48.44701,1
48305,38.522884,49.34527,2
48307,-6.554219,50.11402,2
48310,-35.920742,4.3406253,0
48314,5.91585,22.770054,2
48321,22.489635,1.6267934,1
48337,-20.088942,48.7938,2
48347,19.259035,4.691565,1
48349,-15.71835,25.450901,2
48370,62.644897,11.602861,1
48387,-16.593578,-22.86448,0
48397,30.384516,14.601043,1
48402,-25.4848,36.520947,2
48407,-24.924322,36.913467,2
48410,-43.147842,3.7794101,0
48411,-16.660526,50.43777,2
48414,-21.99201,-39.632126,2
48439,-42.284634,4.704317,0
48441,-15.831235,-27.653967,0
48444,-10.937511,-61.02957,2
48464,19.899033,7.2978334,1
48466,40.667088,22.225876,1
48491,37.716774,20.194979,1
48509,-53.24713,3.0562432,0
48512,12.438439,4.4380894,2
48519,-32.100163,5.960555,0
48537,-22.832436,-38.597836,2
48562,-20.92624,-41.77336,2
48570,-0.21187727,22.155407,2
48573,-17.746626,-21.534811,0
48583,15.19693,24.888712,1
48603,50.38451,17.19369,1
48609,-57.411636,15.50228,0
48614,-32.131317,43.405907,0
48619,-52.758724,16.364553,0
48646,-20.80174,-45.652546,2
48648,-31.467743,42.220013,0
48650,-18.204542,28.999245,2
48661,-6.095989,-35.797707,2
48667,13.073726,4.9263725,1
48669,3.219963,-42.090412,2
48674,2.89498,19.52255,2
48675,31.552528,20.176731,1
48677,-8.609218,-36.022774,2
48683,-42.987682,9.235744,0
48697,11.636339,26.554543,2
48707,-54.787735,17.90904,0
48723,7.094532,-0.7232925,2
48727,24.534206,10.972392,1
48730,11.906162,22.481468,1
48739,-4.337545,52.444714,2
48744,16.813253,9.266517,2
48747,41.77033,-26.455254,1
48756,-6.5909147,-34.167114,2
48763,37.162663,-28.952452,1
48770,24.092329,10.777131,1
48776,-44.216576,1.4396076,0
48787,-3.4431505,51.605988,2
48791,-50.19444,16.596495,0
48835,15.259613,24.859653,1
48849,-5.249521,-33.061977,2
48853,-18.365295,-43.937798,2
48871,-55.811096,12.763892,0
48889,40.320496,-28.574675,1
48892,-1.2777498,21.6054,2
48897,-4.590084,51.824947,2
48898,14.080836,26.024704,1
48907,-61.747448,13.625056,0
48921,13.96526,2.357203,2
48922,-7.0173807,-35.580257,2
48934,-21.969364,-40.115677,2
48938,-55.204163,-2.1022537,0
48958,-7.2318144,52.852364,2
48965,19.500277,-17.669016,2
48967,-6.14897,52.749992,2
48977,23.123043,-17.938892,1
48986,-38.865307,3.998591,0
48999,-22.261808,28.297777,2
49002,3.492891,23.792366,2
49004,-52.213303,3.4062707,0
49005,49.973434,-24.618881,1
49007,16.617067,9.18147,2
49016,-10.342567,-29.441755,2
49019,-57.626045,12.599217,0
49022,-32.078194,45.02879,0
49025,64.172005,10.866798,1
49027,-50.60554,3.3744903,0
49045,58.13285,-26.074219,1
49077,-23.292522,31.874683,2
49078,-4.286766,19.661613,2
49101,2.9823472,-43.284916,2
49109,-47.368134,6.17115,0
49121,-14.86634,55.86931,2
49136,19.51923,-17.454956,2
49144,-55.235626,17.044533,0
49145,-62.943848,0.621497,0
49147,-2.9793518,23.428947,2
49155,-68.65221,-1.7364868,0
49159,53.778164,-25.368563,1
49160,7.9200325,-0.88183254,2
49194,-46.965134,6.641258,0
49202,-10.782386,56.6049,2
49204,-6.6153626,-36.432377,2
49212,-14.585099,58.10182,2
49217,-56.209465,14.94385,0
49220,-54.7294,17.244549,0
49221,10.26418,1.8325547,2
49222,-1.1485541,21.315596,2
49226,-19.460651,30.140888,2
49240,-1.3200091,-42.446304,2
49243,-16.746672,50.377758,2
49244,-62.644478,1.4582896,0
49254,31.376446,15.115468,1
49266,-9.955353,-34.174496,2
49283,3.9741063,-49.466515,2
49296,38.87823,21.042433,1
49324,-2.080866,24.38211,2
49334,-14.30032,-57.171635,2
49343,20.299538,8.381044,1
49371,-4.364093,-38.62111,2
49376,-55.80635,2.635583,0
49410,23.11375,-20.918522,1
49421,-10.190202,58.8577,2
49429,16.57186,7.705042,1
49433,-11.142316,-59.55025,2
49439,-18.429922,-22.944828,0
49447,-1.8675848,24.443178,2
49462,-54.316547,1.8052768,0
49463,69.528244,-1.46221,1
49470,10.299564,1.6141695,2
49471,7.3798847,28.705513,2
49490,-6.7515125,-59.970966,2
49501,5.7604733,22.121063,1
49502,-10.1075115,-59.474022,2
49533,-10.998923,-30.931429,2
49542,-24.584139,47.217106,0
49543,66.827614,9.941289,1
49545,31.559143,17.705597,1
49561,-40.00208,8.195345,0
49579,-9.278436,-60.769436,2
49582,37.28541,-30.778442,1
49586,-3.5565398,44.40666,2
49614,-38.155792,6.4560027,0
49638,44.00848,-28.04676,1
49645,67.41289,3.6696458,1
49650,-5.4851213,-37.016335,2
49651,29.962915,16.990173,1
49660,-50.536026,3.757735,0
49673,2.913695,-47.441536,2
49696,-51.252827,-38.191994,0
49699,36.2233,19.746574,1
49700,-17.898773,-23.954983,0
49703,38.46457,19.545443,1
49728,-23.309269,29.928967,2
49729,-31.979511,5.8202305,2
49745,19.438272,7.804501,1
49750,67.19548,3.8032503,1
49751,9.634052,27.948502,2
49786,-17.65257,-24.652607,2
49812,69.26026,-1.4874213,1
49814,35.190147,18.664274,1
49820,66.762115,7.401147,1
49828,-21.253466,-40.540264,2
49880,-60.875877,2.9121127,0
49883,32.199127,17.826225,1
49900,-52.239506,3.5674453,0
49909,9.306506,1.4239559,2
49929,36.88367,-29.651281,1
49975,-22.395721,28.223341,2
49988,19.34631,-17.142153,2
49990,1.5463709,18.450594,2
49999,-40.03468,7.42321,0
