SourceIndex,tSNE1,tSNE2,tSNE3,Cluster
24,8.711776,-5.170618,-18.804966,1
26,16.154034,-3.1943867,3.5011082,1
50,-7.3091927,2.5436547,17.114197,0
59,8.494281,-3.5434425,3.1285183,1
70,-14.263216,12.316796,1.9908983,0
74,-8.483322,-0.62504536,-15.553714,2
79,17.359047,-12.32269,-2.7278,1
80,-10.66498,-12.020706,5.5402255,0
110,20.04774,0.09804206,-0.586316,1
137,-9.283399,-1.467849,-16.778196,2
144,5.197597,-13.166397,-0.16623165,1
147,4.4010396,17.29056,-1.440933,2
148,13.658546,4.9501066,0.74175763,1
156,0.050794248,2.2287169,-13.780231,2
193,-1.1605078,19.353918,-2.5928175,2
201,16.394947,2.9254367,-2.0811324,1
215,9.485534,-4.6321797,2.6409814,1
218,-8.889664,0.10862756,-11.885111,2
219,-15.751689,-12.933898,-0.58190286,0
220,2.3600705,18.50434,1.1676259,2
223,-11.891887,12.373717,2.4829462,0
229,-13.228379,17.680454,0.27267912,2
240,-22.030733,-1.789211,1.9710423,0
250,1.0617993,-5.968866,6.995722,2
259,10.027624,-9.372378,2.3251376,1
263,-0.83358085,0.35708633,-13.542663,2
266,-0.74518627,-0.46317345,-10.412869,2
269,1.9663277,0.1892378,12.347976,1
288,10.371564,-5.8319964,7.02879,1
307,1.7418743,-4.9268274,8.458482,2
322,-0.73634756,-3.3861713,-18.69717,2
346,-10.115795,-1.8849295,-15.17903,0
349,2.8031435,14.324924,-0.5252701,2
357,2.0569193,20.245785,-4.124051,2
358,-10.8687725,-11.371817,3.7087886,0
361,2.3837008,23.259775,-7.2513413,2
367,-13.10096,1.5413818,15.708654,0
370,1.6121829,-14.174979,3.602043,2
384,4.5864196,-0.77114844,-14.517848,2
387,10.058304,-4.3312125,4.4666276,1
389,-19.066792,-1.6315572,-1.3565499,0
395,-10.156163,3.831925,16.436417,0
408,-16.619652,-13.780669,-0.083702855,0
413,6.7424617,14.228692,-3.7254803,2
417,2.33808,-2.9919965,7.6628194,2
448,-2.7753093,23.319952,-4.921642,2
449,15.733211,4.5327353,-0.7232703,1
466,16.842167,4.246424,1.1532553,1
491,-11.6719,-2.4952903,-15.19922,0
492,12.962127,-8.764036,0.76552254,1
494,-1.2102908,-5.535805,-21.90009,2
508,-21.132566,-6.72287,4.368193,0
524,-20.24056,-4.7674437,1.3231102,0
555,-1.7214458,15.063913,4.13631,2
558,-9.393322,2.4914305,-12.003118,2
594,-10.850604,-14.12806,7.446251,0
602,8.247077,1.1059463,19.806686,1
605,-1.9027673,21.467817,-1.4505208,2
633,0.16177733,21.95776,-3.6347275,2
646,4.8464103,20.615824,-10.718057,2
675,-17.248163,-8.486549,2.0728092,0
676,4.260207,-15.576493,2.031417,1
679,-10.405247,-12.694876,6.521049,0
691,-3.3349855,2.591304,-11.028384,2
716,-13.499096,5.207638,15.8033905,0
718,1.2184303,-10.469669,5.409732,1
740,5.5726304,19.670204,-9.252266,2
744,11.103784,-1.0471762,1.881489,1
765,-13.505574,-1.3430988,-12.25261,0
773,-8.207873,1.4950342,-12.200954,0
802,-14.371425,12.463465,2.0868173,0
804,-1.3853974,-4.884073,-20.174839,2
814,-19.75338,-9.550553,3.7490566,0
823,-9.564269,-3.9111998,-17.174135,2
850,14.809638,-11.686037,4.728582,1
854,7.2288785,-5.33588,3.4262147,1
857,3.9353528,-3.2629516,-19.189428,2
859,16.798168,0.872227,-2.686655,1
878,23.930183,-1.6091163,0.51510733,1
883,-2.3697145,-4.2683086,4.909397,2
890,-5.1223993,20.697027,-1.7494943,2
921,5.317606,-3.6212933,-17.548021,2
932,-20.49568,-5.376689,2.7230365,0
947,-18.415144,5.2159414,9.523802,0
971,-11.433915,7.521631,14.703908,0
977,6.6442976,-12.72702,-1.9631718,1
996,-16.275373,-13.406178,4.884819,0
999,-0.85301936,-1.9578878,-18.22952,2
1002,-12.286253,-11.514012,6.6052923,0
1003,-3.0691447,1.7380903,-14.199681,2
1022,-11.941004,-14.931786,8.47498,0
1027,-22.319895,-0.296298,1.4794072,0
1046,21.889994,-5.159203,1.7858752,1
1071,12.264916,-1.2013909,4.1016026,1
1074,-21.531609,-3.3135707,3.584699,0
1076,-10.4537325,-0.9101631,-13.791627,0
1097,9.733505,6.139795,0.35822237,1
1102,-19.592869,-10.04649,3.49205,0
1109,14.055926,-0.05779143,3.3501632,1
1111,18.08048,0.98499,-1.202784,1
1116,1.0279785,-5.958797,6.9745774,2
1131,-2.7048333,20.366123,-1.0076151,2
1133,20.809507,-1.5654974,-0.6269065,1
1134,1.8912914,-4.1621647,-17.736,2
1138,5.396877,-2.9002187,-13.809086,2
1142,-1.3709044,15.154854,-1.4502331,2
1152,-11.464982,19.334345,-0.42382443,2
1175,-4.961724,1.4958588,-13.305084,2
1178,-0.51949656,13.898015,2.5993812,2
1205,6.397854,14.326866,-3.6520452,2
1211,-9.796164,18.910322,0.5063631,2
1215,13.284869,7.155658,-0.4413875,1
1231,3.128562,-1.859946,11.785533,2
1244,2.0909317,23.649996,-7.3093734,2
1256,12.127499,1.8677922,2.4161446,1
1261,-2.3419023,-6.982405,-21.59297,2
1264,6.2657013,-10.341851,1.272063,1
1268,-0.99965394,-1.9050158,-18.318884,2
1282,-0.9304066,-1.9632608,-18.28499,2
1355,-9.115637,-13.154986,7.0846,0
1371,8.290059,-10.5148,-1.6154851,1
1398,-2.4044018,0.38991466,-14.565049,2
1418,-12.426029,18.847366,0.07557987,0
1424,-11.854122,-12.015871,5.3479614,0
1425,-10.065041,-13.284436,5.37389,0
1437,2.7903724,2.9163723,20.703249,2
1441,10.343888,-5.5777535,3.9099286,1
1444,-20.43611,-10.579285,7.2834215,0
1451,-10.940491,11.81263,3.4865627,0
1472,-20.137474,-4.7750964,1.2502215,0
1473,-11.818952,-0.34956813,-13.560965,0
1478,-9.691999,13.959944,3.3359027,2
1480,-13.048371,-10.639468,5.632604,0
1489,6.4725356,13.909687,-4.829303,2
1501,-1.7190164,20.965397,-5.9849415,2
1516,1.2204968,-1.605909,-14.466544,2
1524,-10.398268,17.173048,-0.50030875,2
1535,20.492508,-3.1453583,5.6206417,1
1536,25.707466,-1.7729563,0.3068152,1
1561,10.86676,-10.08612,-2.4676366,1
1583,-2.8556569,15.929555,1.5961696,2
1593,15.236477,3.7692945,0.5536574,1
1614,10.525269,5.7798204,0.88878286,1
1622,-2.829248,23.375994,-4.879623,2
1639,-20.03603,-10.675815,7.7493424,0
1655,-22.145054,-1.708971,2.5722797,0
1658,-8.532755,-0.6987762,-15.558757,2
1661,-2.516874,21.654854,-1.3904684,2
1669,-10.160821,1.1244087,15.998708,0
1695,23.971643,-0.23057385,-0.13339168,1
1699,-9.113391,13.808702,3.120089,2
1722,6.9137197,4.245455,-0.7735366,1
1729,-1.0807643,22.00015,-3.501394,2
1730,11.050367,-4.3728886,7.137593,1
1734,7.6984277,-3.111175,2.0780423,1
1740,-11.800322,-12.129129,7.248561,0
1745,-14.42542,13.467574,1.6529807,0
1757,-0.30154207,15.962914,0.76548487,2
1764,11.808078,-10.927185,1.4165146,1
1768,1.4737124,14.935009,2.919152,2
1777,4.5431843,-2.0632472,-14.237931,2
1785,-20.932787,-3.7256622,0.04907014,0
1794,19.820732,-9.805022,0.8984324,1
1801,-4.1961274,20.569035,-2.7979357,2
1807,19.728634,-8.875532,-1.1989502,1
1810,-3.9460135,0.94976693,-9.070628,2
1825,2.4275224,22.852503,-7.105533,2
1841,-8.256938,0.9990278,-12.066109,2
1858,-7.1965694,-0.73207206,16.670956,2
1872,2.724383,-5.2349977,-21.036665,2
1895,3.786043,-2.0631013,-16.04754,2
1908,7.6085896,-1.2182797,2.785685,1
1915,-0.7120622,13.693132,2.6575522,2
1922,8.773256,-6.0078316,-17.559462,1
1930,-1.1203225,-6.1436815,-19.40015,2
1939,-1.5699788,-5.942285,25.832748,2
1944,4.4516983,17.243143,-1.6001546,2
1960,10.0193,-10.374895,4.200498,1
1962,-13.832134,-11.323236,7.4045887,0
1972,12.878124,-12.037199,0.3980136,1
1994,0.98563206,15.155941,-1.3657215,2
1996,-11.903547,6.288357,15.997268,0
2016,20.47675,-5.354025,3.3847601,1
2029,-2.3293607,24.549793,-4.277574,2
2039,6.10644,-14.028525,-0.86536205,1
2040,-22.432898,-1.2458171,0.35267144,0
2053,-7.291153,2.5555341,17.09622,0
2070,0.6883169,1.3037515,-13.751901,2
2077,6.6834784,-4.8440833,-19.363245,2
2079,-1.7004381,17.283909,4.395081,2
2092,0.20992066,-13.68369,1.7191468,2
2097,-0.62260866,15.143321,-1.554417,2
2103,-13.9798765,17.106606,-0.48045012,2
2114,3.896821,-3.5202885,-16.256231,2
2121,4.265141,16.352428,-2.7641826,2
2125,1.987707,-5.3044324,-19.10977,2
2130,3.5280674,-12.668673,0.65359116,1
2137,9.083824,14.440273,-11.719214,1
2144,-2.0074475,-8.921326,22.577862,0
2149,-16.995916,-12.013033,0.5340814,0
2160,-11.472536,13.053839,2.5594022,2
2172,-2.0838497,-6.8017178,26.098534,2
2177,-8.021466,0.27229562,-11.895213,2
2178,7.1236405,16.459663,-4.3579073,2
2182,21.04996,-3.3298612,7.356092,1
2187,6.414846,13.942853,-3.5771747,2
2204,-2.3071928,1.6056209,-10.588916,2
2213,-19.524775,-8.906114,2.2359705,0
2221,-8.873435,14.13466,4.8458743,2
2229,8.231977,-14.814844,-2.4920151,1
2254,-10.633529,-10.048229,2.98564,0
2269,3.3308895,-4.790686,-18.462082,2
2293,-1.2062808,15.912235,2.1586764,2
2296,20.35466,-3.0522547,5.063423,1
2306,20.577253,-10.167419,-1.6178666,1
2314,-23.387877,0.011108768,3.3681347,0
2343,6.5655446,-0.97219914,-17.988432,2
2353,-21.60614,-7.497993,5.496656,0
2354,-9.580088,-2.2193418,-15.894375,2
2358,-0.62986785,21.99561,-3.768082,2
2367,5.343209,-3.4038482,-16.754976,2
2372,-2.638085,2.1497161,-13.02231,2
2373,-3.0134885,0.6732224,-8.183855,2
2385,0.69087374,1.4785397,-13.823193,2
2386,0.19031647,15.154552,-1.3697381,2
2390,4.181321,-2.1164584,-16.260859,2
2406,2.4425173,-6.474126,-21.418074,2
2415,-16.259567,-13.280938,5.2716947,0
2434,-19.797943,-9.454386,4.0995626,0
2443,-18.639648,-11.349228,8.555017,0
2453,9.523094,-3.1476026,1.3908089,1
2472,-21.077885,-6.222264,2.7181478,0
2473,-0.5713252,14.52544,0.32335705,2
2488,-3.8441727,-4.687134,-19.87758,2
2491,18.908045,-2.0943725,2.4531522,1
2509,-9.334664,-13.184078,5.256876,2
2518,-3.4895737,-4.1592054,-18.83378,2
2538,-2.4841168,2.124884,-13.115572,2
2539,-3.0645971,-9.737747,23.147741,0
2549,13.475542,2.6896203,-1.6735482,1
2552,-13.34011,6.137079,14.50463,0
2567,18.334047,2.4684172,1.6696843,1
2569,-11.917273,5.158002,16.334621,0
2597,-1.2292835,-4.860042,-20.339155,2
2603,-0.06620234,-3.5250084,10.244391,2
2604,17.451674,1.503758,-0.21964848,1
2620,-10.755615,11.54309,4.073167,0
2626,13.167031,4.7903914,0.820173,1
2640,14.652112,-2.8012013,-1.0453639,1
2645,4.2775755,-4.9757223,-19.63555,2
2669,10.980095,-3.9305592,6.9187803,1
2670,1.6184615,20.53428,-4.518288,2
2671,-1.6976649,15.376574,1.4751327,2
2676,8.676929,-5.301385,-18.653433,1
2682,2.2574353,-0.479125,11.845678,2
2684,9.8990555,5.454842,-0.18453471,1
2702,9.654297,-11.8528,-1.2451903,1
2712,8.684574,-1.6343215,3.3905606,1
2721,-0.53631467,-14.205822,-3.4377363,2
2739,9.744737,-4.731135,1.1094649,1
2740,7.584307,-2.5966175,-14.457404,2
2741,19.310705,-3.725301,0.93287176,1
2749,-3.6379886,-4.021827,-18.784845,2
2758,0.20233999,-0.52171105,-12.767489,2
2759,2.880008,-2.7529585,7.0406265,1
2768,-9.157111,-3.6600175,-16.135664,2
2775,-1.1741444,-1.4207844,-11.61088,2
2780,8.851807,-5.385,2.7181582,1
2784,-15.537326,-12.708489,-0.30196518,0
2812,-3.0927582,2.0713596,-13.882309,2
2824,10.381893,-4.393454,4.5348225,1
2828,0.20470451,-2.7206566,-16.848055,2
2836,3.2348516,5.1497507,19.394785,2
2839,-9.435192,-2.9205031,-17.137339,2
2843,-11.740172,5.6898103,14.155272,0
2847,15.87305,-11.907717,-2.6552813,1
2906,-20.852303,-7.7638655,3.9057229,0
2911,9.797985,4.0295534,0.9943425,1
2914,15.242022,-1.2049898,1.911933,1
2933,4.168132,13.931203,-2.9370785,2
2937,2.7620466,3.0525017,20.719278,2
2945,5.726447,-9.747802,2.2094507,1
2957,-11.37755,-12.139142,5.59791,0
2959,-15.232156,2.8514013,13.634393,0
2978,2.5322118,-5.7355914,-21.180567,2
2983,-20.815056,-4.535484,2.420487,0
3000,-4.928421,1.1167431,-13.559494,2
3008,-0.9464329,-2.0098917,-11.861606,2
3018,10.29656,-5.9596314,6.9174085,1
3037,-8.3740225,-12.732698,5.720187,0
3042,20.965403,-3.5062747,6.931153,1
3058,7.3761363,-4.1305537,3.6029,1
3069,1.5265962,20.737656,-4.4675393,2
3074,3.652874,13.682051,-2.8848462,2
3079,-20.029531,-10.928935,7.9228106,0
3098,9.547979,4.23885,1.1511598,1
3106,3.2159894,16.199877,1.3533195,2
3109,6.0667434,-3.139827,-13.755233,2
3111,15.979241,-11.884652,-2.667967,1
3124,1.9219409,-1.3549331,-14.799107,2
3133,-0.5176426,-5.192173,22.360107,2
3142,-10.475396,-1.9640242,-15.895715,2
3143,-4.3767643,21.005684,-2.4259608,2
3168,1.9288372,-0.34208912,-16.335745,2
3181,6.9310236,3.6240773,1.2246407,1
3183,21.851452,-3.422003,2.2928042,1
3188,-18.186924,5.5975447,9.072707,0
3217,14.693881,2.3688235,1.5932729,1
3219,-3.3744023,-4.7313414,-18.195873,2
3229,10.93932,-3.1696672,3.813141,1
3249,-2.3412366,21.212273,-0.9209569,2
3258,1.4822204,12.127494,2.753047,2
3264,4.9803753,12.75657,-3.383214,2
3266,7.950819,15.455084,-7.3999853,1
3267,-1.4335423,-5.4906044,-21.753357,2
3278,13.864174,-9.013387,0.28804648,1
3281,2.2528691,-5.8353024,8.996331,2
3293,2.9339046,-3.7795486,-19.718462,2
3306,-11.36987,17.483734,1.2590096,2
3309,-9.722737,13.903695,3.373938,2
3313,14.203609,-0.7019415,-2.7793367,1
3315,4.806657,12.42121,-1.960688,2
3326,-16.916662,-11.188715,8.392368,0
3330,4.539568,-4.6649246,-17.881306,2
3342,0.43157232,14.914078,3.6526616,2
3343,6.0964947,-10.493617,0.2995866,1
3356,-1.6008546,15.533144,2.6176457,2
3361,15.3920355,-2.0788572,5.493345,1
3382,10.668521,-11.034985,-1.3600818,1
3393,0.14501004,-14.178407,-2.3964984,2
3413,-3.9206777,0.91395843,-9.114881,2
3435,2.4033782,15.731856,2.67004,2
3441,-1.9810141,16.397057,4.145497,2
3447,4.8281474,-4.7232604,-19.277409,2
3455,1.7700738,-14.283928,3.4499242,2
3459,7.1059933,14.575678,-3.093727,2
3495,5.733914,-14.675158,-1.3595978,1
3529,-0.7186571,19.5561,-3.0235205,2
3572,-20.154085,-4.669435,1.1577342,0
3573,-12.884168,7.3769016,15.985642,0
3575,3.3492167,-4.630741,-20.719746,2
3601,5.0497127,20.098745,-10.9897375,2
3608,-23.543627,0.32826647,1.1125438,0
3618,8.834413,16.198591,-10.166906,1
3630,1.0993478,-4.3856063,-20.295055,2
3640,18.798944,-8.840339,0.010330197,1
3650,6.7419143,-1.5429361,-17.732384,2
3681,6.3232765,-10.735623,2.313704,1
3696,-15.663084,-8.206269,0.9529752,0
3726,13.75263,-10.02621,-0.3416912,1
3749,-16.73178,-6.7565613,-1.7418863,0
3781,21.388119,-3.9991992,0.6240592,1
3782,6.9029565,-6.0238695,6.1131644,1
3802,-12.417046,-14.20785,2.6567307,0
3803,-23.240713,-1.4554932,1.5970346,0
3811,3.4142547,2.780037,20.000162,2
3814,1.786345,-6.58614,9.907036,2
3831,-12.139995,-11.320554,6.4806356,0
3836,-13.001471,-12.637131,8.649128,0
3847,0.48841,22.204271,-7.7775354,2
3914,-17.670639,-8.825944,3.4209716,0
3939,1.6199789,16.548466,-0.21608081,2
3943,2.4067261,-4.99356,-19.360685,2
3945,-0.2652335,-4.091864,10.994882,2
3949,6.14325,-10.602983,-0.027580775,1
3950,0.7251248,-12.225454,6.566151,2
3970,-14.695903,-13.864685,2.1968222,0
3999,6.1154504,-14.352121,0.7633652,1
4008,-8.367221,-2.877024,-15.98014,2
4021,8.256784,-14.822519,-2.3546844,1
4028,-8.747835,11.007203,3.889704,2
4063,16.419024,4.658236,-0.35888603,1
4068,-13.509148,17.453749,0.47865763,2
4074,6.0657473,-4.1041746,-20.054026,2
4075,6.549055,-4.901943,-19.24896,2
4089,7.457548,-10.667143,-1.5537142,1
4095,-4.025807,0.5322171,-10.01674,2
4100,-3.4975848,-1.1154941,-12.164607,2
4104,19.161413,-10.688305,-1.4246029,1
4111,-1.3878689,23.104725,-6.077731,2
4113,9.05589,1.3946955,1.2407604,1
4128,8.182005,5.4757934,2.6083152,1
4134,2.8199682,14.329138,1.8367566,2
4140,11.399532,-3.7638607,0.86504024,1
4160,-2.0565898,17.908667,2.7033994,2
4162,-0.5938995,16.07328,1.9173862,2
4167,5.518332,-6.211099,6.05387,1
4182,0.46389875,-0.04235413,-10.853692,2
4183,18.134819,-2.3731923,0.87563777,1
4193,-13.720799,17.114807,-0.094805494,0
4201,8.4357195,-5.3875213,4.030232,1
4216,6.5202765,-12.770892,-1.8959956,1
4219,12.500627,-3.201665,-0.49918792,1
4225,-2.0137827,0.74624705,-11.642098,2
4231,1.2957851,13.164849,1.6349564,2
4248,8.058939,-2.812823,-18.53235,1
4251,5.9172277,3.1645296,3.0490952,1
4262,2.4105308,-0.9963819,-15.058255,2
4265,-1.1471713,0.32458702,-14.180718,2
4281,3.506473,14.2403965,-0.9857658,2
4285,-9.264974,-1.4020536,-16.943638,2
4296,12.588753,-1.6606051,3.721075,1
4298,0.19237812,-0.5056509,-12.80178,2
4305,8.360209,3.2223465,1.8389677,1
4312,-0.5881784,-3.6652424,25.14564,1
4321,-16.246984,-13.345055,4.8983984,0
4329,-12.272993,6.521414,16.170477,0
4345,-11.093826,11.565172,3.6325414,0
4350,4.7372055,20.213047,-10.571982,2
4353,-17.129639,-8.5829115,2.0300846,0
4365,-0.31369206,14.504429,0.36553183,2
4370,21.72243,3.2447402,-0.0842135,1
4373,-0.97062314,22.00005,-2.506699,2
4376,5.792964,-4.3386493,-18.00938,2
4395,-10.064893,0.098139,15.472372,0
4406,-23.353354,0.6695009,1.1126254,0
4409,-2.1920414,21.717478,-5.7404194,2
4420,18.668251,0.7822711,-1.4893126,1
4425,-2.4655628,3.114199,-12.904747,2
4438,-17.38777,-12.009057,6.489785,0
4442,6.2790647,-13.740997,-1.2412584,1
4447,6.032478,18.826153,-10.732806,2
4448,5.896264,1.9930305,19.870634,1
4462,-11.917314,7.666464,13.916964,0
4471,-23.85989,-1.9887269,2.6689334,0
4486,16.775038,-1.6443021,2.5337126,1
4501,-3.216685,20.898046,-6.3338294,2
4502,5.062298,-14.017247,2.1819808,1
4507,8.377433,-2.418296,4.0252275,1
4513,-1.0952959,1.6037649,-8.680582,2
4516,-10.441212,19.653896,0.19280148,2
4519,16.013758,-0.8508728,2.549487,1
4533,22.590815,-4.038715,2.2102225,1
4544,3.1985943,-4.190784,-17.09829,2
4562,-17.6326,5.766288,9.109652,0
4568,9.138384,-5.5132656,8.688061,1
4575,-2.3341732,-9.103717,25.042149,0
4581,20.213427,-8.53008,0.5273147,1
4583,-2.6637259,1.1690903,-11.03282,2
4590,-6.946924,-1.680594,-16.467304,2
4603,4.6367445,19.413845,-8.718183,2
4606,3.4525342,5.3566823,19.412169,2
4611,22.29805,1.2603538,1.8010925,1
4617,-10.476122,6.853166,14.1995125,0
4629,2.5714865,17.459206,-0.56574285,2
4656,-19.675577,-8.967146,3.6390533,0
4669,6.4209366,18.22401,-10.860202,1
4670,-0.6807939,22.289131,-4.366669,2
4684,-0.7407746,14.029175,2.4878585,2
4686,4.467457,-5.594493,9.873629,1
4687,14.503147,6.4949193,0.5280422,1
4690,-9.186993,2.4211936,-11.813215,2
4708,-22.165522,-0.28295562,1.4984993,0
4711,3.150145,-1.339287,-16.981201,2
4712,0.71499676,-9.363917,5.538513,2
4715,14.940271,-1.3113091,4.0022388,1
4722,14.988835,-4.165822,-0.80086315,1
4740,2.2713234,-4.162878,-17.815052,2
4741,13.720022,-4.036314,1.8267757,1
4747,7.917076,-9.636869,1.3755832,1
4762,-0.57996535,1.6687185,-8.856197,2
4769,14.127691,-8.9836645,2.6881557,1
4781,4.7446156,-13.036689,2.1036134,1
4784,-2.8009377,-6.953586,-21.84075,2
4787,-7.901184,-13.678988,7.2842607,2
4798,18.901722,-3.8332033,0.9925942,1
4819,9.764642,5.3072357,-1.0516884,1
4823,-1.4148208,-1.4796387,-12.052289,2
4831,8.990266,14.816282,-11.938055,1
4837,-0.1252319,21.77627,-3.3870678,2
4844,1.5374206,-7.185982,8.384666,2
4846,-18.543625,5.571399,9.114066,0
4852,-4.722982,14.376136,2.690484,2
4888,4.1814694,-15.676361,2.0325363,2
4897,14.492729,2.6125693,0.8372958,1
4900,7.4633956,-4.406972,7.0533166,1
4910,-14.147179,-9.81398,6.298573,0
4923,-14.677581,5.2284822,12.879739,0
4939,-14.531674,-12.170087,6.1484036,0
4942,-21.326414,-2.1824672,0.3275757,0
4948,-20.701632,-8.034347,4.510441,0
4953,4.5781655,14.988396,-5.207589,2
4956,-13.274589,13.326631,1.3792081,0
4963,8.937292,13.680965,-10.172736,1
4973,-0.81894207,13.962614,1.821163,2
4989,-1.4006438,-9.531104,21.951006,0
4994,9.056073,-10.828446,-1.4301206,1
5000,-10.377571,-2.4401948,-15.348312,2
5010,23.392252,-0.20521736,-0.1945921,1
5019,-14.306765,-6.122787,-0.99039644,0
5024,-10.278519,4.0638103,16.28278,0
5033,1.521011,13.718212,3.0436895,2
5049,-8.316629,0.91028666,-11.817471,2
5058,-3.043564,13.872343,1.0307183,2
5060,-21.994297,-3.1743658,0.5617288,0
5069,16.152082,-1.4242659,0.103167444,1
5078,-8.291487,1.5039041,-12.31504,2
5090,21.366247,-3.9182773,0.4818344,1
5101,7.744288,13.307798,-9.244402,1
5115,-4.4265423,-0.7489358,-10.713793,2
5116,-6.980831,-4.5365276,-18.65388,2
5126,-0.8097178,16.174511,1.9918985,2
5134,-18.653378,-11.47596,8.579502,0
5135,9.3042555,15.124864,-12.171591,1
5143,-2.4365466,-7.123937,-21.743309,2
5176,-13.305314,-10.221613,5.628697,0
5195,-9.5451765,-4.1173797,-17.127464,2
5200,19.151205,-12.089736,2.3149834,1
5209,12.162175,-4.8658767,0.89025694,1
5231,-1.9687136,1.5311922,-8.7171,2
5234,2.576753,17.632898,-0.41945186,2
5246,-11.212653,-2.5825722,-15.064051,2
5254,-21.36793,-1.554689,1.2692028,0
5274,-9.62085,-0.99334866,-13.922618,0
5282,10.487208,-13.385528,0.38834575,1
5289,0.043094866,-14.188045,-2.5442002,2
5305,-1.0515615,-6.7821274,-21.36342,2
5325,-4.1427155,21.8769,-3.5175338,2
5326,8.225843,-11.496785,0.96942866,1
5330,-2.0130413,-4.672823,25.497494,2
5333,1.182499,-2.0590544,10.273041,2
5341,-18.285831,-9.186193,1.719173,0
5342,3.9825206,-5.6946497,9.637009,1
5352,7.348393,-3.9301713,3.5083447,1
5361,8.40926,2.86392,2.6289144,1
5370,-0.09622165,-5.9637156,-19.601383,2
5378,-11.210425,2.5771797,15.33381,0
5389,-21.367846,-7.032364,5.611983,0
5395,2.352432,22.973883,-7.484129,2
5404,14.201757,1.1480194,-1.723277,1
5411,19.54619,-2.7321465,3.987011,1
5416,-7.627076,-3.1738775,-16.076458,2
5437,-20.78586,-4.64464,-0.38141608,0
5440,-1.577094,1.4145974,-8.6850605,2
5470,1.529154,13.438352,3.1473753,2
5477,-7.052622,-0.48356736,-12.351484,2
5495,10.230819,-4.2211723,1.1226945,1
5498,-0.5449862,-0.29660392,-10.3050785,2
5511,-21.759403,-2.084831,1.9169097,0
5529,22.760185,-3.75379,2.2208824,1
5536,2.0781238,-5.634485,9.223764,2
5546,14.185967,0.8163146,-1.6440898,1
5547,9.704208,3.181535,1.397665,1
5550,10.592456,-4.2093725,2.497656,1
5552,-15.817647,5.2523527,11.695829,0
5562,10.064079,-9.319269,2.3276587,1
5566,-2.9738662,-4.6568,-18.487669,2
5569,-20.91355,-5.5364585,2.6786199,0
5576,-3.8111873,18.240997,-1.508727,2
5581,-0.81978416,2.501714,-13.569107,2
5587,5.1886206,-2.8535385,-12.96117,2
5590,19.068092,-9.829295,-1.0397568,1
5592,10.942562,-10.178674,-2.4171977,1
5600,20.267878,-4.0355425,7.027443,1
5601,17.906036,1.7619072,0.24635194,1
5629,6.433019,1.7266742,19.392675,1
5643,14.68126,-4.0544243,-0.91295266,1
5664,4.5444903,17.10102,-8.92862,2
5674,-18.291618,5.3672957,9.375469,0
5676,-0.93370265,-5.1725173,-18.816763,2
5680,6.3290105,4.2930193,-0.66839075,1
5712,-13.269031,17.932755,-1.1033766,2
5716,15.686734,-1.3432974,-1.372487,1
5724,16.433067,2.766092,-1.8293881,1
5754,-13.510898,6.146164,14.00419,0
5756,2.289132,23.233812,-7.120119,2
5770,-9.581264,-3.8079376,-17.074738,2
5792,-19.217714,-9.026876,2.4631078,0
5806,14.080049,3.3018794,-0.21131271,1
5807,-14.335424,-9.097535,3.846817,0
5821,-6.120584,13.448592,4.615543,2
5826,5.1565256,2.8050196,19.694298,1
5831,8.324474,-3.427834,-18.19763,1
5848,5.599306,2.1569393,19.920168,1
5858,2.9019823,-6.2772064,7.833148,1
5869,-10.334983,19.641993,0.33921093,2
5871,3.862733,-6.6743245,8.813326,1
5877,9.655682,14.955849,-9.897238,1
5881,-12.073747,-2.6222787,-14.563706,0
5885,-0.388458,-2.9201865,-12.181992,2
5900,4.7541175,19.556164,-9.342645,2
5906,-7.91846,-1.8788065,-19.368616,2
5907,2.6019351,-4.20341,-12.867654,2
5910,-5.349208,-0.78742176,-11.066925,2
5973,-20.900627,0.47763088,-0.08910373,0
5985,13.591221,-9.409249,0.89555335,1
5987,-11.303411,4.743652,14.32569,0
5988,1.6785119,13.571816,0.95143294,2
5989,-12.6235485,-12.645634,8.25213,0
6000,-11.467219,-0.65950537,-14.430916,2
6004,3.300153,-1.8660492,11.44672,2
6007,16.315432,3.0138705,-2.265997,1
6008,-0.5684975,-7.451993,21.51532,0
6009,-9.863815,2.8105297,-12.076589,2
6015,0.44995293,14.578475,-0.029819502,2
6028,-12.1069565,12.892865,2.4246454,0
6037,-12.643159,-12.607045,8.417136,0
6040,-2.0432227,0.66928506,-11.746581,2
6041,9.272879,-5.459964,8.546297,1
6044,-2.6667776,-6.3276963,22.315153,0
6052,6.502492,-0.8222885,-18.017385,2
6076,2.3208225,-4.15655,5.233041,1
6090,8.553039,-3.8006995,-15.060012,2
6097,-21.375954,-7.009192,5.5385633,0
6098,12.825248,2.3951247,-2.490841,1
6101,8.368254,16.388039,-11.01159,1
6120,22.906681,-3.5224285,-0.02020648,1
6133,11.609167,-15.850646,-4.143801,1
6137,-18.066046,-11.779602,4.313228,0
6138,4.7935767,20.694555,-10.771253,2
6158,5.473318,-14.545485,1.6407609,1
6161,14.279777,3.0068667,1.7525549,1
6167,-17.146452,-6.803622,0.80908287,0
6186,0.12828493,14.665049,1.1968777,2
6188,9.786812,-0.5191772,2.9714355,1
6192,-0.116806924,18.174294,1.4329338,2
6196,5.9253817,-14.650665,2.7009468,1
6213,-9.625383,11.657817,3.8611023,2
6267,-5.4547586,8.036856,4.2871485,2
6274,-12.154697,-2.1445405,-13.88555,0
6282,-8.684947,18.214712,0.76869774,0
6284,1.2606562,-5.4013104,8.238801,2
6291,1.9592675,-7.0504293,-21.82456,2
6292,-16.35315,-7.8557653,-0.027485218,0
6294,-16.746511,-12.106264,0.16000071,0
6299,19.04444,-11.242574,-1.8602506,1
6305,0.7361057,22.160992,-3.5263915,2
6318,-12.978341,0.35503936,-10.319124,0
6322,-2.5796137,19.859215,-3.5335195,2
6334,17.62355,1.0316257,-0.79071474,1
6344,5.5471115,-2.0177994,-12.377914,2
6350,11.917138,-1.0970339,1.598011,1
6375,8.01621,2.539257,3.5505972,1
6384,-7.327541,13.853351,3.0664124,2
6400,6.365429,13.642279,-5.3471556,2
6403,-19.177898,-6.80636,0.8560684,0
6418,-1.6929421,-5.7049856,-22.51339,2
6426,-14.448749,1.4804127,15.76804,0
6441,24.912764,-1.34664,0.62346524,1
6442,-3.5928578,2.547324,-11.749176,2
6446,-15.965163,-10.5167675,8.205473,0
6450,-23.85765,-1.7914981,2.8140786,0
6452,2.734666,-4.1207395,-17.793867,2
6484,-0.9469181,-5.5510225,25.226933,2
6486,-9.110049,-13.994647,5.6823688,2
6496,8.158182,-5.9816318,-17.70264,2
6507,-20.262539,-9.097135,7.330659,0
6513,-1.050205,-1.705415,-18.26997,2
6516,-14.649954,-11.923698,6.058024,0
6524,8.416135,4.8462043,2.8213956,1
6534,8.962333,4.4600854,1.8073668,1
6536,2.6070294,-5.822898,-19.001337,2
6552,3.247768,-6.072474,-19.148577,2
6554,4.149087,14.213753,-2.8444178,2
6555,8.406303,13.288054,-7.7034135,1
6560,25.129719,0.15529157,-0.2994888,1
6577,18.846718,-3.6721241,2.9998176,1
6591,19.73225,-8.651683,2.247429,1
6599,7.0041585,-2.1816134,-17.239052,2
6610,-23.587067,-1.8896406,1.7548434,0
6636,-14.713434,-13.880187,2.2549722,0
6640,2.6723895,14.854011,-7.015293,2
6646,-10.45118,0.9179499,15.999139,0
6657,11.805756,0.44437099,-3.2655368,1
6658,21.17565,-2.2335162,-2.248604,1
6673,2.4454749,-3.9353185,10.900462,2
6699,10.353452,-13.573248,0.31498194,1
6709,-11.672169,4.2471647,14.5690155,0
6714,-18.615166,-10.636176,6.527067,0
6735,6.3512244,3.2204876,19.83043,1
6776,-3.4462514,2.4612608,-11.999228,2
6781,5.640734,-6.281466,-17.69291,2
6784,-2.3580863,15.053781,5.1414456,2
6798,17.143965,-2.159732,0.008035954,1
6801,4.8859572,-5.9376836,6.121314,2
6812,12.941479,-2.459324,0.8671629,1
6847,9.188692,-3.5175838,-16.759808,1
6856,2.222481,23.362768,-7.0908666,2
6864,6.3663335,15.19494,-2.3541353,2
6888,6.880089,1.0595703,19.545135,1
6901,7.838101,-10.740851,2.59426,1
6915,15.091964,-4.7277145,-0.101700954,1
6917,-20.979845,-8.774857,5.7995653,0
6920,-10.606781,4.92508,16.11538,0
6925,21.81472,-10.740838,-0.14636187,1
6927,9.435164,14.9343195,-9.80885,1
6930,7.328589,1.3066995,0.65392965,1
6943,22.34704,-0.72894067,0.50090814,1
6951,-4.324838,20.526367,-2.8270116,2
6952,-1.7892939,13.348924,0.33775407,2
6954,-23.218422,-1.1164784,3.1742444,0
6969,1.9106026,-4.660379,-19.158827,2
6973,-9.039913,0.34328747,-11.383627,2
6977,-16.44336,5.1453257,10.782904,0
6991,23.062452,-5.3879623,2.1676464,1
6994,-1.4378822,-10.574502,21.006342,0
7000,23.25059,-1.4390961,0.6027241,1
7001,19.896446,2.9530647,0.8464219,1
7016,7.5777526,-5.9903526,8.9339285,1
7021,-11.2311325,-12.930434,6.5641737,0
7031,8.402953,-4.574148,4.7321134,1
7035,-12.553352,-14.293231,3.0575855,0
7049,6.4500823,19.682152,-10.501391,2
7051,-12.162621,-2.9640708,-14.655906,2
7075,5.260096,-5.864339,9.180306,1
7077,7.985057,-3.7394807,-14.476057,2
7085,13.780729,-10.405188,-0.6985335,1
7089,18.211931,-3.5104592,2.3544781,1
7117,2.5901437,-14.7169,3.3631594,1
7122,-2.1517563,22.965822,-6.4304886,2
7124,-6.198153,-5.9255476,-20.012863,2
7128,9.604507,2.0427523,2.102675,1
7136,-16.539713,-13.779586,-0.13187362,0
7145,-1.7515358,-8.433359,22.360743,0
7153,-20.96464,-7.446759,5.5868936,0
7159,-9.78539,0.24308386,-10.968225,0
7167,6.195624,-4.779643,-19.459038,2
7178,0.9082582,-5.736073,12.45274,2
7189,-7.59951,-2.688045,-14.256674,2
7190,-8.162986,14.881941,1.8850228,2
7197,-8.617237,-2.706328,-15.527579,2
7215,-1.5806804,23.065659,-6.2658954,2
7232,5.354661,-14.165445,4.932484,1
7234,21.049397,-3.3771956,6.9764915,1
7236,-7.6367083,11.110454,3.7567604,2
7238,2.781904,13.807542,1.4058886,2
7240,-11.342535,-12.187942,7.257932,0
7252,12.283294,-13.0724945,-1.1999542,1
7278,-5.3880105,20.508497,-2.1699188,2
7282,10.345047,2.9181852,1.7695867,1
7293,-0.24048658,16.099037,-1.8987868,2
7303,-11.298733,2.8855217,15.100546,0
7304,15.308753,1.6157128,4.770247,1
7310,-10.245447,-13.602013,5.831794,0
7322,-0.9204946,-6.470469,-16.166752,2
7342,-0.7590101,23.754622,-6.3463902,2
7350,16.010857,2.3144226,2.5020838,1
7353,-2.9504514,14.103792,2.0445354,2
7356,-12.688899,-14.157158,2.5380487,0
7367,-8.19312,-2.2558346,-19.132751,2
7418,15.896983,-2.919109,3.1209574,1
7424,-2.4245856,21.273146,-4.3370805,2
7436,5.967194,-10.4079685,1.850497,1
7441,15.78798,-0.4892708,2.5555408,1
7455,-14.173926,5.365972,14.232366,0
7487,-15.376087,-12.943543,0.729012,0
7489,-21.382956,-0.2566688,-0.061839364,0
7491,2.4760458,14.816143,-2.3145542,2
7504,-0.65887326,15.294457,-1.5389191,2
7505,-14.389781,-9.842634,3.2155704,0
7509,-12.140309,-13.129636,6.203837,0
7511,-9.041765,0.9427131,16.105024,0
7519,15.3616905,-2.4299176,3.527632,1
7520,-7.196896,-1.6328796,-16.202206,2
7523,-2.3218958,1.1512274,-15.980892,2
7524,-1.3833663,19.200384,-2.433783,2
7533,-12.7342615,0.1695606,-12.018664,0
7547,5.1519656,-14.150988,3.95589,1
7553,-7.943658,0.41035825,-11.595699,2
7554,-6.9718494,-1.5822725,-16.295837,2
7559,-15.639887,-12.957351,0.5840432,0
7574,4.7981524,-2.425991,5.328519,1
7575,2.0389168,-4.4687777,7.5760994,2
7588,3.5597255,19.54318,-9.181099,2
7598,-20.230368,-4.0103216,-0.6241122,0
7602,-2.293948,22.51619,-6.073718,2
7604,21.16956,0.66271883,1.3082219,1
7623,9.460998,14.815977,-9.933334,1
7629,9.342853,-5.2759724,-16.71678,1
7684,-0.06101763,-3.3800662,10.057246,2
7701,2.3656387,-4.1182213,-21.26273,2
7705,0.44401672,-6.655933,7.2664795,2
7710,21.008347,-2.42884,-0.9634848,1
7718,5.898381,-1.6005808,-14.686699,2
7725,14.358054,0.71310437,-1.6733676,1
7729,7.3833137,-2.5578444,-13.883581,2
7748,12.851132,-0.5702343,0.9946836,1
7750,3.716682,-1.6368921,11.460207,1
7755,-0.9778833,-6.841884,-21.245062,2
7762,-0.63739806,21.9952,-4.28087,2
7764,1.6147128,16.127254,-0.86383945,2
7780,-0.44102013,-7.0749855,22.610287,2
7795,19.7573,3.2932262,2.367759,1
7854,6.682353,14.1607485,-4.977454,2
7860,11.967701,-11.353331,-2.7324262,1
7862,12.316693,-1.3993263,4.075126,1
7872,-8.205965,-12.66726,6.045168,2
7881,-0.7111453,22.03609,-4.4874816,2
7884,16.683514,4.555873,1.2753497,1
7886,17.161045,-1.3041908,2.6559439,1
7900,-7.514071,12.944209,3.8153944,2
7918,1.3652588,-6.5876036,10.569445,2
7947,-2.6686358,22.569061,-1.9463631,2
7950,-21.112764,-7.0140805,4.417519,0
7957,-11.112286,-10.817511,2.9856172,0
7959,9.436401,3.6268244,3.327311,1
7985,8.290163,-4.362311,-16.82647,1
7999,19.709166,-8.773303,-1.1578974,1
8004,2.4478133,18.38672,1.0629499,2
8009,21.177687,-3.8628144,0.5725548,1
8010,-21.42532,-0.49486333,0.030361012,0
8011,-1.8033327,-6.2685647,-18.040173,2
8016,4.3387904,-0.46517935,-14.354431,2
8017,9.214853,-6.5346556,-18.486128,1
8021,-23.988117,-0.19483413,1.154347,0
8035,15.774921,-3.994118,3.118527,1
8050,18.559502,-9.170117,1.816381,1
8064,-23.48845,-2.1555781,2.2068279,0
8077,5.1039143,4.021559,20.013525,1
8085,-4.360581,3.403744,-13.463364,2
8116,-8.468479,12.71947,4.3867507,2
8124,2.8109443,2.2857392,20.810286,2
8143,-2.4978209,1.1429889,-15.8612,2
8146,8.966844,-4.199863,1.8885149,1
8153,-11.899299,-14.90302,8.573642,0
8172,-11.058438,11.08201,2.4993694,2
8176,21.338203,-11.55808,2.13792,1
8179,1.2111183,1.5136161,13.314504,2
8188,7.1286225,-4.036838,-17.019672,2
8193,14.292511,-0.7223866,-2.8449082,1
8199,8.105531,-9.362443,1.1904529,1
8211,2.1018362,-5.292517,-19.051525,2
8212,22.679544,-5.1591706,2.2988024,1
8221,12.675805,-0.510045,-2.1498919,1
8224,6.8929377,-6.2182217,5.931709,1
8238,2.7919528,14.009582,-3.0950649,2
8246,22.768501,-3.67582,2.4233308,1
8247,-9.97286,11.63053,3.5802186,2
8254,-12.152311,-0.3180873,-13.37255,0
8261,14.042313,-12.67403,-2.3505046,1
8268,-0.87055635,24.145168,-4.2301087,2
8273,2.1496713,15.826609,-2.4122663,2
8279,15.249446,-3.9298732,3.163722,1
8310,-13.465385,0.7870814,-10.006769,0
8311,11.935911,2.473463,-2.0676203,1
8314,-8.694531,14.559655,4.3591704,2
8320,0.8668602,-5.2175727,10.861238,2
8351,21.468666,-0.20545197,0.53427416,1
8353,-2.866199,19.83606,-3.3715677,2
8367,-7.3267183,14.488097,2.7792113,2
8370,13.1102915,-3.8709724,5.302111,1
8380,-13.817534,15.233578,0.33670285,0
8397,-11.991186,-4.312194,-16.021204,2
8421,22.924444,-0.48067874,0.055164464,1
8425,4.238863,-13.046187,1.2200358,1
8444,13.618273,4.6031456,2.885516,1
8449,-3.545938,21.430077,-3.5471013,2
8453,-4.608193,18.363138,-1.1388502,2
8471,6.245927,-12.854885,-2.0105379,1
8479,-16.569456,-12.012585,-0.23497686,0
8485,6.7951736,-1.4226578,-17.950996,2
8487,4.47319,19.212307,-8.160042,2
8499,1.7654247,-6.3200893,9.820677,2
8501,10.762912,-4.8820577,7.3756304,1
8523,-9.337908,14.602136,1.9661603,2
8534,-6.335793,-0.44966453,-12.923006,2
8546,-16.669102,-7.697458,0.190432,0
8549,6.7650843,1.154639,1.054224,1
8551,8.274522,-12.445274,0.0729844,1
8556,0.98187745,-3.3927603,8.812464,2
8561,-16.030428,-10.011093,3.234051,0
8565,-2.599577,0.31738925,-8.306428,2
8567,-23.932854,-0.79036444,1.1970513,0
8597,12.608881,-1.5986913,3.9075446,1
8598,-1.5141158,-6.454923,-19.35019,2
8599,6.2429876,15.30112,-3.032311,2
8602,-20.976625,-2.887274,2.3074536,0
8605,-12.7581835,17.955841,-1.5039928,2
8608,-2.6778574,-5.8727684,-18.258062,2
8618,11.414915,-11.166666,1.7519126,1
8620,-15.502415,-10.9942465,8.118774,0
8636,-15.617586,-8.234453,0.8144586,0
8637,-0.71982557,14.408154,-2.0876868,2
8642,13.565964,-9.617029,1.371514,1
8657,8.149595,5.3757257,1.1279168,1
8659,-10.697111,0.97450435,15.995321,0
8665,-0.8957713,13.48585,2.484431,2
8666,1.0759768,22.033142,-3.8729994,2
8667,3.0025458,-7.0560718,9.715199,1
8694,-0.797065,24.238817,-4.2159514,2
8708,6.0921636,3.969259,-1.0394014,1
8714,-1.6769739,-10.31,21.255877,0
8719,-8.138898,21.555021,-2.7112696,2
8723,-8.868203,13.439128,5.528458,2
8736,3.2396326,-4.2238913,-16.69062,2
8744,-0.28616256,22.750772,-2.9937005,2
8773,3.4915214,-4.9552073,-19.944376,2
8777,1.6898726,-11.337618,5.1909223,1
8786,-9.423385,18.535427,-0.3559067,2
8798,16.76283,4.9194083,0.041352253,1
8815,4.2007766,15.304412,-7.428103,2
8818,-6.336517,13.416986,4.084569,2
8822,18.544313,-11.193357,-0.57788193,1
8827,20.924511,-8.487428,0.55711406,1
8842,19.64782,-9.778535,-0.14893165,1
8846,-6.4395285,-1.5822438,14.610443,2
8877,-2.2489789,-3.9509115,24.684328,2
8878,2.9396436,-3.5533981,-17.477215,2
8893,9.268094,-6.4646273,-18.442574,1
8896,12.878558,2.9140089,-2.0488038,1
8907,-2.075674,16.738823,1.3278273,2
8910,5.268448,-3.399201,-16.328836,2
8911,2.990346,16.137325,2.0632646,2
8927,15.625961,2.9145927,2.763823,1
8936,-1.0853555,-4.5508175,8.349586,2
8940,0.38833237,14.6046295,0.12436037,2
8954,12.091723,-14.090813,-2.15313,1
8963,1.2046046,-1.9165765,10.286413,2
8972,15.455425,5.2931457,0.090662435,1
8978,-12.393938,10.860219,2.254378,0
8983,-2.705706,-5.4574013,-18.59445,2
8988,-15.477324,-13.187056,0.99309385,0
8993,1.4152998,12.772121,3.1093426,2
8995,4.944104,18.282553,-5.8105445,2
9009,6.201681,18.014727,-10.141156,2
9029,-8.253291,21.283886,-1.568509,2
9040,20.551819,1.2006036,2.0084357,1
9042,-12.859032,-11.835381,4.956351,0
9070,-10.196129,-12.351213,7.868252,0
9075,2.7368817,16.401615,2.1706233,2
9076,-4.295924,15.087769,0.45733362,2
9082,23.423,-3.9629493,0.3001803,1
9083,-4.680306,-3.9143152,-17.863884,2
9123,-14.598825,-9.613174,6.4182825,0
9127,0.990034,14.403865,2.8573892,2
9131,-4.011196,-1.7765448,-12.779169,2
9138,-2.7833998,-2.7487307,-12.79348,2
9155,9.172439,-3.980594,7.0356016,1
9157,-0.8836346,22.899446,-3.9655402,2
9167,8.516693,-1.9443796,3.704768,1
9175,8.220812,-3.190207,1.9706229,1
9188,-16.377232,5.080123,11.057094,0
9192,-16.72194,-12.07533,0.3554133,0
9197,-13.274085,1.6390755,15.551202,0
9198,0.1834966,15.84764,-2.138667,2
9202,8.122707,16.400002,-11.068195,2
9218,-16.495537,5.8197064,12.623101,0
9244,7.0964046,-2.8674645,-13.509811,2
9276,9.74779,-14.257587,-0.82104224,1
9282,-13.566957,17.774996,-2.3365602,2
9283,10.259524,-11.287811,-1.8568962,1
9284,-10.451641,3.1146386,16.215763,0
9292,5.3890095,16.741255,-6.6804233,2
9328,0.60564256,-5.6394844,7.89286,2
9340,-3.3872936,22.297447,-5.1059356,2
9354,6.285455,0.93794805,19.841372,1
9362,1.5614574,-6.707456,-19.614199,2
9363,16.911886,-0.7116504,0.34297776,1
9368,8.000121,16.36209,-10.995565,2
9370,-0.5949241,13.74388,3.4712071,2
9392,10.649405,1.7472658,-0.1683567,1
9413,7.0092545,-3.083953,3.5509224,1
9430,-16.270632,-11.003807,8.240606,0
9431,6.3955317,4.75584,-2.1487916,1
9432,-2.7437716,15.274969,2.2857661,2
9458,-12.324256,-5.4083185,-16.542158,0
9460,2.8841794,17.545286,1.03343,2
9475,-20.839373,-3.278404,2.5529068,0
9476,-22.223213,-1.4505765,3.643781,0
9480,9.397634,1.7931794,2.297913,1
9489,-4.3485065,3.3615122,-13.481673,2
9502,-5.256137,-0.2906199,-9.656825,2
9508,10.519554,-9.717607,-2.7906725,1
9514,-0.47204718,-4.4668865,-19.48422,2
9519,-2.0309455,-0.1639236,-15.81434,2
9529,-11.487392,-8.81115,1.7944623,0
9542,6.9624305,0.9339048,19.82632,1
9555,-9.10749,-13.216991,5.739561,2
9574,1.4834775,20.578775,-5.4275208,2
9586,14.851722,2.2514381,-0.09581662,1
9591,11.1226225,-0.2292886,-1.071244,1
9600,18.394361,-3.8870904,0.815389,1
9608,10.016363,-11.67992,-0.92773086,1
9617,-9.588095,-13.026002,7.880116,0
9635,11.220635,-1.0610551,1.8594537,1
9637,22.76288,1.7146772,1.3382285,1
9653,-1.208818,-5.1904,26.606182,1
9658,-8.45469,18.690313,0.43247703,2
9661,2.0096838,-5.601314,9.111385,2
9670,-10.863875,15.290526,0.6497459,0
9697,-0.44058377,-3.227746,-18.467764,2
9700,-12.153779,13.951644,1.5378067,0
9722,-3.7149203,-6.1049514,-20.076426,2
9725,-11.109858,7.1958365,14.067841,0
9741,15.276614,5.5024567,1.2790279,1
9743,-3.6110392,19.68091,-1.1020299,2
9744,9.887726,5.7241316,0.3652072,1
9748,19.45118,4.0337706,3.6116843,1
9757,-20.181936,-2.5411,3.309431,0
9765,0.62352055,-8.900829,5.5185766,2
9796,-16.641415,-11.95354,0.010442715,0
9806,-1.4915473,-8.906329,22.869326,0
9823,21.76484,-0.39747772,0.4366935,1
9828,5.5434294,19.332636,-10.999912,2
9837,3.1613839,-4.020466,10.569643,2
9842,14.579288,3.0599265,0.7038826,1
9844,11.264516,-10.336772,-0.84538,1
9864,-6.992641,-5.283968,-19.112598,2
9889,6.023284,-5.355873,6.6681643,1
9903,1.9131609,-3.9777784,-18.55942,2
9910,15.230198,-4.466683,2.3088105,1
9913,-9.02295,-3.5466514,-15.7703705,2
9927,-18.536293,-5.2783384,1.1132823,0
9953,18.215706,-8.969219,1.695321,1
9965,-1.9479971,12.858173,1.6727518,2
9968,-7.34085,2.7450998,-10.005287,2
9975,13.2622,4.523488,-1.3776252,1
9981,-7.9579096,-4.4355507,-18.394665,2
9983,-16.656828,-9.934854,3.7043002,0
9985,0.52573216,-4.007562,-12.721618,2
9986,19.036793,-4.520704,3.2491426,1
9993,-7.16265,-0.12506212,15.593419,0
10007,7.391973,-2.5404725,-16.919027,2
10021,3.2827258,-9.1719055,6.377949,1
10045,-0.71761596,21.332035,-4.284704,2
10046,6.4655194,-4.4198766,0.5451148,1
10049,-13.0721245,2.5885446,13.895758,0
10054,-5.710121,3.0258412,-10.066663,2
10068,-1.8331043,14.874515,4.043759,2
10071,-14.87435,6.7012444,10.465638,0
10073,11.678432,-3.8060293,1.2153901,1
10087,8.634316,-4.016145,-13.941491,1
10095,-2.0353458,-7.801546,22.869402,0
10111,7.6407785,-5.989964,9.017843,1
10113,-1.5307311,-0.831804,-10.921411,2
10124,21.765827,-4.6166825,3.9620895,1
10130,-17.555775,-11.901652,6.446596,0
10150,-13.981952,1.4900701,15.695822,0
10165,12.253918,2.8189545,-2.08313,1
10168,-0.44358176,-7.028779,21.900595,0
10170,5.5855584,-4.271707,-13.496331,2
10171,18.65082,0.7995162,-1.4775811,1
10176,-11.60291,12.969239,2.3290322,0
10223,2.2338934,-0.20770231,11.751141,1
10228,14.932088,-4.710908,2.294905,1
10229,1.8999382,-4.162744,8.314052,2
10244,21.832253,-5.2412024,2.4668348,1
10249,13.626832,-2.750122,1.6499356,1
10260,6.4577093,14.372376,-5.289256,2
10289,14.5270605,2.6033704,1.0462937,1
10306,-14.880503,-11.203223,0.027311692,0
10311,13.247847,-11.089124,-1.0856441,1
10313,0.8550185,-5.8985567,10.106637,2
10335,4.850202,-1.9448345,-14.240695,2
10345,-1.843286,-7.481512,22.957561,0
10347,-15.266332,4.6893635,11.398121,0
10357,8.660498,-4.5205474,-16.504126,1
10363,-11.799926,3.7008777,14.925224,0
10365,-3.5159225,-1.1195167,-12.150427,2
10389,-13.365443,-10.264912,4.490609,0
10396,-8.832914,13.522849,2.8381357,2
10401,8.730967,0.17436102,-0.2734623,1
10442,-11.876436,-14.87401,8.448272,0
10462,-18.01218,-7.783636,2.3649728,0
10467,-8.019692,10.857997,3.922335,2
10475,-1.1336958,17.661068,2.7803833,2
10480,17.0637,-1.4849685,2.5460517,1
10490,23.001516,-4.066266,4.227686,1
10511,-8.624511,1.1767982,-11.010807,2
10531,-1.9493057,-5.5737824,-17.212364,2
10549,10.406117,-1.3831173,3.6541038,1
10550,-1.3674784,16.253773,3.104747,2
10561,-20.503572,-5.233389,2.6641624,0
10572,2.0767848,-4.422029,7.800979,2
10576,-18.093811,-8.643453,3.4165018,0
10587,-11.173652,-13.007394,6.427592,0
10613,5.1577,-5.1260366,6.45238,2
10623,-11.963966,5.6173453,14.032376,0
10630,1.1878029,-4.1712213,-17.430912,2
10638,-4.8306904,14.213684,2.8216686,2
10671,12.713025,1.1105146,0.5377465,1
10677,3.6179018,-2.7582257,-13.609398,2
10679,7.8280873,0.9547476,19.44332,1
10680,-11.25586,11.787223,2.8029969,0
10691,18.527018,-10.2563715,-1.3027159,1
10698,0.39460886,-6.4602594,-17.451279,2
10709,8.328425,3.1953473,2.0390747,1
10721,15.130136,-3.1330333,1.3860763,1
10722,-1.6548637,18.830492,-2.0997832,2
10733,3.6489959,-1.524298,-15.489994,2
10745,2.8196685,14.419987,-2.9003565,2
10759,-2.8437018,1.0538942,-14.844335,2
10761,-2.9165382,17.599432,-3.4614868,2
10810,-7.0908527,-2.8981953,-14.308392,2
10817,4.078265,15.861756,-7.9014373,2
10852,-0.17935319,17.233248,1.7589139,2
10899,25.044918,0.17153928,-0.36694935,1
10922,6.9361005,0.684807,-0.069691956,1
10961,-10.813105,10.362615,3.0262735,2
10993,-1.6706214,16.411417,3.9658875,2
10994,-8.378607,-12.50743,7.2927547,0
11007,-22.255157,0.2312073,2.3602738,0
11058,10.672632,-3.906799,2.4923668,1
11059,-10.6164875,17.172535,1.9522815,2
11066,19.258785,-9.050664,-0.72181094,1
11067,-0.33407378,-3.676772,24.926643,2
11090,-21.726473,-1.3890169,3.0716639,0
11106,4.193844,14.14898,-0.92834604,2
11113,5.5022593,13.910659,-6.126802,2
11115,-11.51959,-11.004773,4.318474,0
11124,18.286697,-1.9645418,0.09460694,1
11126,-11.546774,-11.537565,7.4829335,0
11137,-17.795033,-8.21058,3.3303678,0
11151,2.4130857,-0.56210315,-15.067156,2
11173,7.3770924,-5.999257,-17.700382,2
11174,-14.396171,-12.867335,0.6792375,0
11179,10.264247,4.546087,3.7691164,1
11181,-22.287582,0.27728084,2.4329808,0
11186,12.463388,3.403624,-2.3961606,1
11208,0.118237175,-6.11418,7.257115,2
11222,-14.207884,17.270655,-0.6429115,2
11274,4.774581,-4.085711,7.5668273,2
11276,11.227685,0.44273543,-3.28812,1
11295,19.993534,-11.769229,2.4817927,1
11301,3.032091,-9.424217,4.0548944,2
11313,1.7128916,4.9449034,20.508062,2
11326,8.398949,-6.52125,-18.253515,1
11327,21.80488,-3.388521,6.3386188,1
11341,23.081497,1.3177583,1.4375701,1
11348,11.530023,1.967737,2.69838,1
11351,-1.5950276,-6.159708,25.989584,2
11354,0.6333163,22.08575,-7.928328,2
11360,6.313567,15.252189,-7.8112555,2
11381,0.7534541,-0.55854326,-11.307516,2
11383,-0.5529394,-5.51771,-22.11653,2
11388,-20.934992,-2.6442683,1.939287,0
11393,-6.482691,21.128014,0.21686177,2
11409,-9.603059,18.66313,0.6036046,2
11424,2.8498511,5.907221,20.198273,2
11426,22.11107,-4.2282443,2.493085,1
11429,6.1187406,-1.283405,-14.589012,2
11434,-23.40061,0.19818161,3.4163375,0
11435,3.1148982,-1.339344,-17.063578,2
11438,-22.55919,1.4896072,0.05735568,0
11483,1.6072496,13.119148,-0.01402579,2
11487,4.0137577,14.301362,-5.108327,2
11488,4.6318893,3.4846096,19.429665,1
11501,-1.4451363,-11.33964,21.72645,0
11519,-14.551563,5.0419035,13.916573,0
11537,-5.1087627,1.1895812,-10.8621,2
11541,3.3322828,-9.040823,5.7168174,2
11563,-13.902156,10.516485,2.0418088,0
11566,16.094713,1.8366199,2.2390196,1
11572,21.23225,-10.353137,-1.4899154,1
11574,-9.693103,14.013211,1.4431865,0
11581,16.27727,3.3263893,2.8374212,1
11584,-1.7474878,-7.090587,-20.636627,2
11585,-3.9455287,21.04345,-6.215931,2
11590,-2.3112032,-5.8064413,-18.329807,2
11607,8.7259245,6.188853,2.4272811,1
11616,13.262183,7.1737523,-0.49207515,1
11617,21.482685,-2.9382496,2.1215508,1
11619,19.293552,-4.837426,3.3531091,1
11622,9.147993,-12.97156,-2.2073967,1
11634,17.28696,1.2584774,-0.47639948,1
11646,0.53610617,-7.186363,-20.097649,2
11658,-5.8349977,13.448076,5.0532207,2
11662,-5.514485,-3.369736,-17.582052,2
11682,-9.763379,-2.7366998,-15.026613,2
11703,7.17472,1.4963026,19.529987,1
11709,-4.6929836,-6.5793195,-17.770443,2
11712,-8.402836,-2.4658616,-19.00318,2
11717,-12.469529,18.430878,-1.5266666,2
11720,3.010562,-6.897573,9.597808,1
11721,-8.0156145,0.4847658,16.105713,0
11724,5.379593,16.828846,-6.541317,2
11730,-1.816399,13.233324,-0.085037,2
11745,10.115074,-10.825108,4.073516,1
11750,9.118706,14.408833,-11.7628355,1
11759,-6.297681,19.006077,0.0060043866,2
11771,-0.17962241,-5.3008223,9.953541,2
11773,13.3742895,-9.062253,0.7802181,1
11790,-19.769258,-4.20596,-0.9092877,0
11793,12.655425,-0.3469093,-2.5988154,1
11794,-8.895275,0.6381435,-10.202402,2
11797,-0.49921528,19.625977,-3.4273422,2
11799,-2.0343492,-4.007273,-16.873728,2
11816,-2.2551825,-0.53493166,-10.717826,2
11831,-19.838371,-8.179442,6.0583673,0
11836,-6.7149186,20.052988,-0.20822357,2
11841,5.5604095,-1.7236886,-14.599693,2
11845,14.736033,5.324391,1.6039312,1
11851,-11.330182,6.3001676,15.803584,0
11870,-1.6466173,-10.204888,20.833652,0
11883,21.365599,-10.416213,-1.4818071,1
11893,6.389463,15.439925,-3.146786,2
11894,16.473967,-3.7448545,3.044404,1
11909,17.158058,3.6559978,3.514549,1
11911,2.429676,-6.4691224,-21.446028,2
11914,-20.791534,-5.6057644,4.3149633,0
11915,-14.748908,-13.064026,7.064405,0
11918,15.802477,1.3442688,-1.1593775,1
11919,-14.911515,-11.668531,5.81887,0
11929,12.232177,-12.223028,-0.94610035,1
11934,3.7593045,11.55458,-2.1148565,2
11942,9.814289,5.393994,-0.619427,1
11945,-19.194921,-6.675921,0.87037957,0
11947,13.27774,4.4354205,-1.358139,1
11954,-13.892585,-12.957082,-0.060595118,0
11956,-8.335766,14.663835,1.3655283,2
11969,4.2312474,18.55286,-6.2360706,2
11986,-0.9202577,-4.627812,8.062817,2
11987,17.915262,-2.060344,-0.05127709,1
11991,11.352957,-13.510088,-2.3327756,1
12019,13.51513,1.6884614,1.0762954,1
12034,-15.249643,5.5282316,11.647747,0
12035,-2.3205643,21.65425,-5.319547,2
12047,-13.019673,5.642367,15.965573,0
12070,-1.6879021,0.46255818,-7.34662,2
12074,-5.4456205,20.152924,-2.4779627,2
12085,-2.464138,-4.2161884,24.347609,2
12091,-0.73771614,-4.106904,25.162706,2
12105,-16.587557,5.7623935,12.502071,0
12108,5.464533,18.331541,-12.030049,2
12114,-12.573192,-14.466459,3.500069,0
12117,-16.888443,-6.5905013,0.9329036,0
12163,10.712091,-2.411163,4.376899,1
12165,-0.7996812,16.847868,3.1668174,2
12167,8.922002,-6.7440424,-18.340008,1
12176,15.191457,5.309078,0.14477974,1
12178,-6.4339833,19.421661,-0.12387736,2
12185,-12.727086,-0.27335766,-11.821188,0
12190,-3.2344348,0.92132646,-10.969621,2
12193,-11.979481,-4.3733153,-15.977549,2
12194,6.3208766,-6.004955,7.661938,1
12200,12.605081,-3.2092423,-1.4204522,1
12213,-20.408653,-7.427661,6.0084877,0
12231,-18.896734,-4.681862,0.74169487,0
12245,7.532426,-10.021911,3.208409,1
12262,4.353068,20.095037,-12.324191,2
12266,21.14421,2.292147,0.04700396,1
12268,-6.4961452,13.552515,3.1232922,2
12286,4.792943,-7.4976287,-19.541021,1
12302,5.9247813,-10.706955,3.6434865,1
12314,-0.44027323,-4.23975,23.636227,2
12316,2.8201175,-2.210565,-11.670193,2
12326,-2.9071012,0.014830078,-15.4792385,2
12327,9.493056,1.2043067,-2.8249032,1
12336,9.727294,4.0742803,3.733041,1
12346,2.2231755,-3.8871386,5.3125134,1
12358,13.582496,-12.0794525,1.1548737,1
12374,-15.71774,-12.8024645,-0.45787176,0
12379,-21.636208,-1.4668055,3.1495497,0
12380,18.691057,-10.441212,3.584709,1
12388,-12.478541,-14.196306,2.5708826,0
12389,7.3366637,-2.718395,3.8100433,1
12399,15.655737,-2.6428864,3.535058,1
12404,-19.146954,-8.409666,3.6680167,0
12419,1.9321553,13.233064,0.34622386,2
12423,-2.7027493,13.979394,3.6165626,2
12446,-5.5140314,-1.6916837,-17.344961,2
12450,-10.978789,-10.363854,3.0611243,0
12462,-10.270209,-13.068127,7.323488,0
12488,8.994616,-5.0492034,2.544765,1
12490,-14.513582,-8.59718,4.5816193,0
12493,24.681522,-0.31565562,1.2538184,1
12495,-14.049932,6.5713353,12.232114,0
12504,-8.463603,-4.3604465,-18.48915,2
12533,10.953885,-13.416699,-0.70354515,1
12555,1.2597486,-6.909979,-19.973661,2
12580,-8.77165,2.3096447,16.646465,0
12605,4.443773,16.49205,2.1727574,2
12626,-1.9506831,-5.4892464,-16.993338,2
12634,-2.5723312,-2.8944347,-13.196475,2
12639,-3.075257,0.058778808,-11.070077,2
12653,-3.5099323,-5.5862513,-18.01332,2
12707,0.3964635,-3.4843853,-11.956434,2
12709,6.0457954,-10.45012,-0.008263,1
12729,21.000904,2.6466596,0.3449536,1
12755,-14.0630245,-9.323756,5.6015944,0
12781,-13.764662,3.5206656,11.836417,0
12794,6.3053646,-3.5356195,-14.449386,2
12798,-2.808925,21.68339,-3.7894912,2
12801,7.2356324,3.7094376,1.070483,1
12803,11.386049,-12.666105,-1.7682085,1
12807,6.605395,-6.304979,7.4612765,1
12808,-1.5293761,13.045103,-0.13367027,2
12815,11.389568,-12.646908,-0.73602986,1
12818,-6.406619,21.490795,0.56215143,2
12820,12.741235,0.8793894,0.5085183,1
12835,-2.4469988,20.821642,-6.8906865,2
12848,10.51631,1.9212216,2.9813714,1
12854,15.5666065,-2.9984107,3.4215076,1
12870,6.52387,-3.085697,-13.341421,2
12872,-0.44106284,21.524147,-1.0867265,2
12877,4.162012,15.494902,-7.5673637,2
12909,-13.995554,-10.743478,7.716878,0
12923,-19.6866,-10.186311,7.8506317,0
12926,-12.362858,-1.5696361,-12.801621,0
12936,-3.284841,22.006662,-1.4686038,2
12969,12.613646,-11.9234295,2.7363045,1
12989,10.541333,3.957026,1.6049129,1
13002,-21.41302,1.3403133,-0.17409918,0
13005,-4.5552773,0.19551699,-14.315317,2
13023,6.898574,-3.2037356,-13.02654,2
13027,21.053072,-0.9283287,0.79076535,1
13042,-13.654168,-13.871751,2.094997,0
13052,-10.749415,-8.0912285,-0.32590616,0
13078,-12.976915,-7.004144,-0.7195828,0
13117,3.167203,-0.50413996,-12.032842,2
13121,16.55681,-10.593276,0.6790688,1
13141,24.087538,-3.4914145,1.4910883,1
13154,24.28629,-1.0620141,2.187092,1
13158,-14.040165,-9.748799,3.3130045,0
13166,-7.1831045,19.227806,-2.9967144,2
13176,3.1592438,16.248575,-2.87065,2
13178,13.4063425,-8.862134,-2.0004387,1
13186,0.937851,-13.690147,3.2785096,2
13198,23.866993,1.4136422,1.1494831,1
13203,-10.696127,-11.844991,7.7066584,0
13211,18.022806,-3.6156914,3.005244,1
13231,-12.213838,-0.2684687,-13.18989,0
13238,2.0937042,5.4144683,20.805882,2
13271,20.163696,4.134963,2.3287156,1
13275,16.340601,-12.335883,3.0236592,1
13277,-3.0271466,13.779137,1.8326436,2
13278,1.5669438,14.42153,-7.6747527,2
13287,-2.9911542,20.834743,-6.562844,2
13297,0.3026286,-4.4219027,-16.376219,2
13298,18.74612,6.453696,-1.1912488,1
13299,9.26102,-11.051517,-1.4100696,1
13319,8.016293,15.17436,-7.8190255,1
13321,13.844315,-8.451107,0.26783264,1
13325,6.4764123,-3.8275566,4.1258054,1
13332,7.500002,-5.4201627,-20.071976,1
13333,-12.452284,6.7914076,15.932268,0
13337,20.374369,1.2112329,-0.6586541,1
13346,-11.432213,14.3643265,0.41592646,0
13356,1.3082438,-3.8624558,10.745953,2
13364,15.815293,-1.6240445,-1.1595502,1
13378,6.084813,18.620195,-10.6978245,2
13380,7.4941664,-11.115137,2.4307313,1
13407,-16.38239,-7.9710574,3.0741649,0
13408,13.781987,-1.3040638,1.5224675,1
13423,-11.064755,0.14242266,-10.172735,0
13435,-23.567,-2.4717252,2.407385,0
13438,-7.3891544,-0.6562112,16.164507,2
13447,-14.287577,13.641388,0.36868522,0
13449,10.435342,-1.6361709,4.881472,1
13450,-1.5841012,-6.5646467,-18.132627,2
13462,-9.617427,-3.6814666,-14.525447,2
13471,-0.8556707,-6.671811,-17.782818,2
13483,12.233497,-0.5068776,-1.5555964,1
13494,-9.214279,-2.2999167,-12.836965,0
13498,0.35607564,-3.4111042,-11.809676,2
13513,4.721885,-2.5371592,-14.23146,2
13518,3.2496512,-9.162264,6.425199,1
13523,-15.2534,7.388947,12.140429,0
13553,11.115679,7.2498417,1.447799,1
13565,-7.0976067,21.365164,-0.6436123,2
13569,-9.293959,4.8948627,14.896035,0
13570,14.037571,-1.6004373,1.5115653,1
13578,-13.183407,6.413769,15.453611,0
13583,-6.7548995,-0.8485269,-12.393217,2
13586,-19.455788,-8.711809,4.725332,0
13598,2.9691882,-7.566324,10.053134,2
13618,16.30316,-2.6409907,0.95608115,1
13628,2.6854963,5.6440725,19.963303,2
13639,-2.0179205,-8.78488,22.852158,0
13680,-18.26014,5.0741463,9.56925,0
13688,12.7959,-9.917246,0.9708798,1
13691,18.951374,-1.0684872,3.53503,1
13692,-9.663545,15.986251,-0.65498686,2
13696,-19.565481,-7.88784,3.4897804,0
13715,9.605797,3.7614143,4.0701637,1
13722,0.6903475,-4.8414087,10.630992,2
13742,-6.394804,23.302423,-3.548722,2
13753,19.680632,0.23697591,3.2182093,1
13761,-10.998008,10.831528,2.4972112,0
13763,-8.786816,-12.196418,7.113024,0
13787,1.2279451,-4.926373,12.748772,2
13788,1.3549603,16.947971,2.326841,2
13808,0.6350544,1.4098494,11.538306,1
13817,-0.31610882,-2.812786,-12.07219,2
13824,1.9664638,14.205701,-3.7782657,2
13825,0.7025849,-4.4875617,10.34872,2
13827,9.115127,-1.9729373,4.4596844,1
13833,-13.67848,4.1259227,13.489128,0
13834,-2.4726238,21.133856,-4.51135,2
13836,-17.12863,-7.5185456,-0.029912371,0
13839,-4.3843637,21.452932,-4.652941,2
13840,20.065235,-10.12316,1.3434597,1
13849,7.5169387,1.3984284,0.6041751,1
13859,-4.696445,-0.61085045,-10.207065,2
13862,11.190959,-12.904306,-0.773499,1
13873,-16.681404,-10.540247,4.597343,0
13892,22.698872,-0.68748575,0.4104576,1
13896,-3.1724298,0.9225257,-15.762272,2
13905,2.0340648,17.337036,3.3256364,2
13913,-12.146324,-15.319798,8.645407,0
13918,-21.264826,-0.5171323,1.8325622,0
13952,-19.51639,-8.055904,5.8601747,0
13964,-12.384407,-0.14393714,-10.293485,0
13970,10.715045,-8.983778,-0.17922576,1
13973,-23.398016,-2.148262,1.7960476,0
13981,-13.729171,-10.790775,4.5047517,0
13997,-2.6772401,-0.3950721,-8.776876,2
14011,-14.07693,4.8055177,11.265421,0
14018,-17.418032,-8.566626,5.9354763,0
14025,15.943866,2.171896,2.4534671,1
14026,5.110962,19.054697,-9.36877,2
14032,-16.47161,-10.278015,5.7854395,0
14057,-19.412487,-10.294737,7.9926963,0
14069,3.1982427,-9.704441,3.859848,2
14070,-6.8466697,-7.153981,-18.672071,2
14084,0.9372489,-13.577417,3.9489832,2
14088,20.164164,2.268931,-0.64356947,1
14099,1.8896072,4.975818,20.578403,2
14102,5.2250085,-14.291818,4.2687407,1
14143,-6.919655,-2.7978842,-14.114038,2
14144,-4.478755,-0.43129927,-10.085886,2
14159,12.969879,4.3688583,4.150434,1
14171,7.8903666,2.3659968,3.5109522,1
14174,-12.775919,2.6192863,13.3050375,0
14178,7.249752,-5.943767,7.191589,1
14193,-15.625984,-10.499549,8.09901,0
14202,-5.276718,17.92168,-0.5814684,2
14207,-8.048601,-0.5291753,15.237163,0
14215,11.221055,-9.292375,-0.5212925,1
14217,10.818492,5.786959,1.2114189,1
14242,-21.304693,-2.1933346,3.4595425,0
14250,20.759064,-0.24845736,0.05617463,1
14252,-10.274992,-2.5082777,-13.930972,2
14256,23.508978,-3.8146381,0.57312816,1
14258,6.8794794,-1.1439854,3.1619694,1
14264,-10.28259,-2.494323,-12.8197775,0
14268,-16.323586,5.869818,13.804818,0
14269,12.277209,-14.29886,-0.5199416,1
14277,-2.9935725,21.233324,-4.1411967,2
14280,-14.314358,4.8641996,13.23169,0
14285,1.9140093,-5.818359,-17.296604,2
14315,-2.0463681,17.802847,2.723086,2
14332,2.403718,-3.693097,8.7667,2
14338,3.6073291,-1.5223953,-9.196226,2
14349,2.4735808,12.895437,0.26120183,2
14353,1.4795578,-2.0664597,-14.364537,2
14367,-3.522647,21.89453,-4.9920197,2
14380,-12.236221,1.3939111,17.238638,0
14384,-11.786234,-10.893739,7.4490047,0
14389,24.610586,0.015030527,1.2126095,1
14393,7.1041856,16.322691,-4.2108974,2
14421,-1.7026684,16.400677,2.0330057,2
14435,-4.9436345,-5.169886,-16.132923,2
14441,3.303369,19.393906,-9.556546,2
14446,-15.033072,3.515653,13.196001,0
14472,8.528883,-13.285238,0.44404015,1
14491,7.143437,-3.647605,-20.295818,2
14503,-10.838692,17.01485,1.2941641,0
14520,-11.622779,14.483337,-0.007909245,2
14531,-22.40563,1.5240612,0.18075529,0
14533,-14.300874,11.855495,0.70309037,0
14550,5.753718,-14.643234,1.8511615,1
14553,-9.591504,0.90735304,14.625831,0
14554,20.844004,-4.255679,1.9064144,1
14564,-2.029304,0.13478145,-12.731095,2
14575,20.661715,-0.40326962,0.15768747,1
14592,-14.477766,3.510273,11.253743,0
14601,15.537733,6.4748726,1.5054485,1
14604,0.29835525,14.730886,-4.2278104,2
14614,5.3239155,17.935366,-5.6150627,2
14619,4.9891224,-5.883216,-20.021416,2
14634,7.395047,-3.8827267,-14.477946,2
14643,-2.357967,-10.138851,23.17711,0
14654,-0.9933137,14.326617,-4.5605097,2
14658,9.537907,-12.134826,-1.1450124,1
14660,-19.863083,-4.2497654,-0.8476384,0
14664,15.731247,1.6038488,4.744379,1
14678,-3.2899196,15.958119,1.397955,2
14682,2.0496051,22.373472,-4.9527698,2
14683,10.872577,-3.221673,6.4223037,1
14702,0.9954055,13.564967,-6.1546817,2
14720,-2.7204096,18.238098,-3.9261367,2
14722,1.9140955,20.034105,-9.974599,2
14723,20.753231,-11.212367,1.710866,1
14730,-11.93964,2.5384717,14.163909,0
14731,8.794164,-4.3609133,1.7110391,1
14735,0.18809962,-13.643997,1.7020864,2
14738,-8.511433,-12.140649,7.0934615,0
14787,-2.1146789,-5.140891,22.931122,2
14794,1.601583,-11.1442,5.009355,1
14834,-0.1202502,12.132093,-1.279729,2
14837,4.78849,12.058638,-2.4789147,2
14842,7.786458,0.9976651,19.365225,1
14854,-12.440745,19.609158,-2.9992876,2
14857,2.0126832,17.246777,2.998849,2
14862,11.440905,-12.920335,-1.1340585,1
14864,9.641797,12.739556,-8.584643,1
14875,-2.1302903,-6.3639884,-19.38929,2
14883,-7.003946,19.336645,-0.27021283,2
14897,15.204147,-4.2362313,2.2985446,1
14900,9.03081,1.13994,-2.6530583,1
14907,4.007131,14.214432,-4.9589286,2
14908,2.5478077,-12.157606,4.023067,1
14914,-1.9694455,-3.8317103,-16.944101,2
14917,-1.4334004,-8.2280035,23.041887,0
14920,1.1332796,-5.216159,-22.524519,2
14921,-12.815912,-9.560711,3.6275966,0
14945,-16.371923,-9.897437,8.402912,0
14956,-13.195755,-9.446058,3.3339427,0
14968,-13.171263,13.75932,0.497166,0
14971,-7.457408,17.27915,-2.6620903,2
14979,-1.1341056,-0.34983832,-10.036528,2
15000,8.233556,-4.46609,-16.531857,1
15006,5.9699106,-10.534538,2.1790571,1
15012,-21.510942,-0.7746731,-0.051494136,0
15014,-12.8870325,6.565049,12.726084,0
15016,4.6212068,-2.1707132,-11.604457,2
15018,12.439187,8.213835,2.4378347,1
15028,-9.779785,15.878502,-0.6230391,0
15065,-5.9980555,18.683008,0.08050045,2
15093,-4.1545835,-0.48827282,-15.83618,2
15097,-10.272215,20.054304,-1.5535258,2
15107,-3.2996461,22.306057,-1.5478079,2
15117,-15.762753,-7.6504273,-0.5888528,0
15156,6.118474,3.3304396,3.3243406,1
15171,1.2239217,-4.896505,12.751437,2
15172,-0.48186532,-7.663063,-11.865922,2
15191,21.87582,-4.4757686,3.7936516,1
15193,13.606324,1.8784168,1.2589537,1
15201,-6.6850843,-3.4400396,-15.616899,2
15206,0.8823983,-7.1620083,-21.401415,2
15218,5.872667,3.9845123,1.0334221,1
15224,15.466107,-2.144533,5.2631245,1
15228,-16.147131,-7.921979,0.24206726,0
15234,19.977274,-1.9844308,2.433038,1
15235,-2.4965973,-5.6832967,22.781157,2
15240,-19.251448,-8.401153,3.8958094,0
15257,22.403633,1.2862037,3.5664008,1
15286,9.315725,-5.487578,-15.401777,1
15295,-3.7744129,-2.231431,-10.32912,2
15314,0.8396376,-8.515965,4.796094,2
15328,-15.499342,-11.141332,3.6568885,0
15330,1.3932068,1.2929901,12.68683,2
15335,-20.501867,-3.102804,3.7557757,0
15340,-4.5930367,-6.457401,-17.278805,2
15342,8.581855,4.908547,2.9390078,1
15349,1.4638367,-2.0398734,-14.304374,2
15353,-16.509478,-8.672169,3.6921966,0
15358,-8.892351,-4.1425595,-15.718857,2
15359,20.941236,2.1781876,2.857032,1
15368,19.361408,-11.514874,-0.015278492,1
15370,24.4661,-3.5250237,2.9915423,1
15378,-13.511985,-10.732675,7.679839,0
15392,12.461089,1.1240683,3.1902592,1
15394,2.6278503,4.3341637,19.550053,2
15396,9.063708,13.660334,-10.1989765,1
15403,12.857649,-9.654408,2.9538858,1
15405,23.186731,-3.1545327,2.656447,1
15413,10.000186,-11.060761,2.3191307,1
15416,23.660538,-4.2048163,0.14803971,1
15417,8.936835,-7.474844,-18.900314,1
15418,8.637633,-4.7040205,-16.394636,1
15420,15.542399,-5.1439505,0.77470106,1
15430,9.682417,-7.1075554,-17.323446,1
15435,20.759548,-4.4479246,1.8833995,1
15438,-9.32249,11.262476,2.14753,2
15448,-13.955208,16.432394,-0.3519295,0
15449,0.6564569,-4.2575192,-17.035343,2
15451,14.022338,4.4511456,2.452766,1
15463,-1.4265506,-6.4112196,25.99544,2
15474,2.7157986,16.645916,2.4463565,2
15487,1.9857398,-4.780311,5.8615446,2
15488,15.435141,-2.1084666,5.3242273,1
15498,2.1920648,-6.4776936,10.844519,2
15508,-3.5945117,-1.9490787,-12.356836,2
15514,2.1580696,15.940355,-2.4201965,2
15517,3.2328305,20.462637,-7.3474846,2
15518,3.3265665,-0.7365281,-13.522282,2
15520,4.0954785,-13.959386,0.87664795,1
15543,-0.44455814,17.509796,-6.5904617,2
15545,3.9448566,14.206722,-5.186245,2
15546,1.2950444,-7.03393,-19.949148,2
15566,-3.156192,-0.2938654,-14.755883,2
15567,11.806987,-0.3484988,-1.2598895,1
15572,-12.18627,-10.377415,3.9677548,0
15591,5.441344,13.905073,-6.1751084,2
15596,9.334613,-13.387112,-0.86868674,1
15615,15.767859,5.9098597,-0.051730104,1
15630,-5.025781,-4.559874,-14.367543,2
15632,-14.013443,5.9433317,14.273855,0
15636,6.9070096,15.903285,-3.6944797,2
15639,-1.554575,-4.800598,-12.430447,2
15644,3.8365989,-12.774941,1.4525733,2
15659,2.47336,-6.650955,-19.612234,2
15672,25.664902,0.13595307,-0.41273734,1
15680,-14.0334635,6.3611298,12.064022,0
15686,-15.286441,-9.820676,6.4800563,0
15687,9.361057,9.614725,4.949928,1
15688,-1.0427088,-5.516926,25.923216,2
15696,-19.469349,-6.4646897,3.6790445,0
15700,12.207418,-0.67295516,-1.56055,1
15704,11.437106,2.1913836,4.827512,1
15715,-14.997243,-11.276575,5.258554,0
15723,6.8480787,2.447326,20.634653,1
15740,-20.945078,0.77472526,-0.7160272,0
15750,1.6614723,-5.870417,-17.304218,2
15753,-3.4459767,0.53064394,-11.64303,2
15769,13.811256,-1.3576978,4.6656966,1
15773,-17.055561,-10.338206,4.8871536,0
15791,7.788582,-5.5147085,-15.091997,2
15815,-3.5583925,13.541695,3.2976604,2
15819,1.7202715,-8.698646,4.283796,2
15833,13.771167,-3.6181786,7.169847,1
15834,-11.552518,-11.25082,8.833037,0
15838,-7.767821,-1.1449689,16.017096,2
15839,-18.135538,-1.3412493,-0.7462982,0
15844,21.736734,-10.476571,-1.1294743,1
15857,-5.029006,-4.4240723,-14.439103,2
15892,-21.237604,1.4503765,1.6083827,0
15894,9.047751,1.1434801,-2.6425617,1
15900,17.904835,-10.969106,3.3122723,1
15913,22.293518,3.7435951,0.18221658,1
15931,10.016093,-2.0036092,4.4992394,1
15933,13.8668,-13.320218,4.5472903,1
15958,0.8422483,-1.7731991,-12.028401,2
15976,-7.553215,20.776947,-7.3982673,2
15984,-12.616659,-0.055795345,-12.091465,0
15986,-9.760632,5.280343,14.269933,0
15993,-3.1667101,-0.22897686,-9.753207,2
16007,1.6481714,1.1660382,12.496917,1
16011,15.251218,2.6715877,11.661427,1
16020,3.0793815,-0.5708249,-13.238018,2
16022,10.605115,-2.303127,4.4865284,1
16036,0.01358109,17.518324,1.6391364,2
16061,9.633748,2.2841933,-0.50411767,1
16064,10.810647,-3.926959,2.2758563,1
16065,0.031425253,-4.8761106,23.13048,2
16066,11.191077,-3.2291949,6.6820636,1
16070,8.539135,-14.774946,-1.742661,1
16072,-15.132759,5.427398,11.382439,0
16106,-8.053623,-4.115988,-16.628838,2
16114,-14.373598,2.146878,11.326041,0
16119,14.485212,-3.778148,1.7940553,1
16138,-12.91432,2.596069,13.693851,0
16157,18.197063,2.5380495,2.4762914,1
16164,-2.353251,-4.0940094,-16.620775,2
16166,-1.1694802,-8.747899,-19.74941,2
16168,-3.6028175,18.80179,-5.6513996,2
16176,3.564567,14.309844,-6.9160805,2
16180,-0.5232421,-11.635268,21.745878,0
16189,-0.5976335,16.731905,3.363183,2
16206,-9.326342,1.0659328,16.050545,0
16211,13.783893,-10.237008,-0.46111658,1
16235,-2.1765094,20.301579,-8.942474,2
16241,-1.7566615,-7.623514,-19.655588,2
16251,-1.5585961,0.3634706,-10.013039,2
16253,-0.7713233,-2.634102,10.416116,2
16260,1.179159,13.672742,-6.419785,2
16264,3.1734848,-2.4622407,10.501571,1
16270,-13.832611,16.21764,-1.5842601,2
16278,18.57285,-11.289987,3.7618136,1
16303,21.872555,-10.70783,-0.3878319,1
16314,20.8234,1.1382301,3.3731227,1
16321,-12.119723,5.7954025,13.217662,0
16325,13.290912,-3.7007647,6.1118836,1
16336,25.895975,-1.791957,0.32863188,1
16341,-2.9230924,15.12458,2.5064988,2
16362,-12.688591,4.3497953,16.095324,0
16369,12.401237,8.124491,2.8086708,1
16382,1.6470209,-7.9589267,-14.88696,2
16391,5.257381,-14.115226,4.533976,1
16395,-8.098125,17.265053,-2.7528417,2
16403,6.3307347,-6.540947,-17.652523,2
16408,5.9965954,-3.753991,-14.896224,2
16409,-13.51649,-8.790739,2.6960263,0
16427,-6.46311,-7.3248243,-18.360012,2
16435,2.5641713,17.812725,-8.9676695,2
16440,-1.9318033,18.744356,-4.6885853,2
16443,-7.058623,19.0296,-4.1477427,2
16481,5.862906,12.6678095,-5.657287,2
16484,-9.8066435,-1.1031348,-13.808139,2
16518,0.29646364,-6.5745487,-17.496538,2
16536,-0.09866709,12.10963,-1.4167901,2
16544,4.6204667,18.814127,-8.296174,2
16546,-15.290443,-5.180459,-0.38378918,0
16549,10.173622,3.0268722,-0.08346307,1
16554,-8.318366,-0.9729596,14.923427,2
16566,-5.2442203,-6.869516,-17.802704,2
16568,-1.4002998,-11.23669,21.506985,0
16574,7.915024,-2.4043076,1.3844686,1
16581,-5.1130085,-3.686588,-17.762598,2
16589,-4.592229,18.675314,-1.6527945,2
16592,-0.10248647,20.123354,0.95899314,2
16599,-1.2787437,-4.889057,-10.96413,2
16609,3.2035856,20.69336,-7.198261,2
16615,17.527016,-2.1141212,-0.1316497,1
16634,2.6208124,17.637362,-0.45758682,2
16641,20.650887,-2.3114202,3.1780162,1
16655,2.392089,-4.4655833,-12.363624,2
16658,17.300829,1.4521246,-0.5855321,1
16664,1.6554663,-11.353345,4.1935897,1
16668,-3.501118,19.761564,-1.0639743,2
16693,20.079664,-11.678695,2.3772388,1
16700,-15.715546,6.5092416,10.170711,0
16736,-9.129185,2.6047082,-12.891867,2
16742,4.1407685,14.008395,-3.0178566,2
16745,-1.1679771,-6.1692085,21.708828,2
16750,-13.2465925,-9.54252,3.3872018,0
16768,-0.6238445,23.001122,-5.959464,2
16772,0.0016665129,21.157003,0.3765498,2
16789,-17.21568,-6.5783477,0.8393182,0
16792,-17.040827,-9.347311,5.757834,0
16793,-8.687271,17.84288,0.19281131,2
16795,1.9351364,-11.54448,4.2099442,2
16816,11.802328,2.107122,2.4998639,1
16818,-1.2557238,-8.592496,-13.876423,2
16823,18.97791,-1.7840166,2.5461433,1
16856,-0.14135306,-4.6131277,-16.22133,2
16860,5.3148966,18.646067,-9.566793,2
16862,4.661294,-2.3238556,5.435154,1
16880,-3.3814015,-1.5756663,-10.855646,2
16896,11.681275,-2.9804535,0.6590296,1
16927,10.842901,-10.4728365,2.5627515,1
16928,18.119474,-12.583263,-2.1444137,1
16945,9.058394,-0.6947432,3.4406297,1
16976,6.555096,-15.380287,-1.0138103,1
16978,9.981188,-11.143129,2.3367832,1
16993,4.8468447,2.2763386,8.411685,2
16998,6.628869,15.69638,-10.863719,2
17015,-9.806943,5.5624228,14.289665,0
17049,13.466311,-2.2547033,1.2775867,1
17062,-10.912347,4.9941554,13.58734,0
17065,-10.476595,17.193085,2.221648,2
17075,6.2040787,-3.958535,4.2616386,1
17080,1.5516877,19.140867,-8.856804,2
17081,-11.575057,9.501574,2.2258604,0
17092,-13.244867,-8.377269,4.8211546,0
17096,1.817791,10.898866,0.036491133,2
17111,-3.4412773,13.363237,3.3749726,2
17124,-5.4888725,21.391264,-6.154794,2
17141,-14.903522,-11.091163,0.105391674,0
17147,10.950926,1.8907756,-0.098913476,1
17163,-11.556355,3.991858,13.414308,0
17176,-8.858314,18.038815,0.2312255,2
17191,-7.9739017,0.58341557,-9.087907,2
17200,-11.655392,-0.17948188,-9.84677,0
17215,-0.3690063,18.10348,-3.8625345,2
17232,-5.4524407,-5.4094825,-14.1198435,2
17236,13.547428,-13.213685,3.7940435,1
17250,21.234558,-2.29103,2.3821106,1
17261,0.594083,21.90537,-8.259681,2
17281,4.4068127,-5.198378,-19.75524,2
17283,-7.079862,2.701351,-10.273545,2
17293,-17.365015,-5.5957494,-0.26455992,0
17316,-12.122056,-2.328458,-13.9535475,0
17317,0.13589248,-5.4319015,-22.419695,2
17318,-15.038872,-10.929288,4.21143,0
17322,-2.5247548,13.083692,-3.5017364,2
17327,11.500314,2.2465956,4.676211,1
17332,13.995594,4.297478,2.2743335,1
17350,-2.2826343,-9.471087,23.15452,0
17354,10.142478,1.504379,-2.9431329,1
17359,-0.529897,-4.803558,-16.103506,2
17360,-10.542165,-2.6046345,-12.47817,2
17368,-10.15577,20.338696,-3.0253491,2
17371,14.983813,3.2084706,2.808423,1
17373,2.9906054,3.3187034,20.745634,2
17411,21.064589,-2.209794,2.7875316,1
17431,-17.396442,-8.204775,5.909144,0
17445,18.290869,-1.3824427,2.9461784,1
17455,5.243853,-3.9728208,-12.056537,2
17483,17.478607,2.11734,4.307097,1
17491,10.837611,-8.728013,-0.02430411,1
17494,10.741983,-5.154748,3.1508768,1
17502,-17.3559,-10.171684,5.547858,0
17508,3.5171976,-12.482437,5.9160395,1
17528,-16.384445,-9.608306,3.553771,0
17534,-15.916534,-12.803033,-2.310555,0
17540,-2.2561538,-0.15205151,-9.088722,2
17563,-2.0448601,-3.8083334,24.954012,1
17566,-0.010440316,-7.927733,-15.060449,2
17596,10.02655,-11.010481,4.05654,1
17603,-8.189706,20.998114,-3.4704163,2
17618,-15.745535,5.986113,10.197338,0
17621,4.7038374,12.159992,-3.62382,2
17659,-15.75671,-7.279205,3.8647976,0
17662,-15.897314,-9.856137,6.243032,0
17663,-9.675946,0.67752856,14.182504,0
17671,3.253293,20.538404,-7.243935,2
17673,16.8999,0.63029027,4.678729,1
17678,-9.192576,-5.1905384,-17.664637,2
17695,-1.0724256,19.946363,-11.99909,2
17703,-2.6393788,13.92477,3.9138103,2
17706,5.342406,-5.829193,-19.314651,2
17711,-4.1243625,-5.205148,-16.906418,2
17720,-22.330387,0.683892,4.433018,0
17763,-0.26720145,-6.9726925,22.745173,2
17772,7.432178,1.3520812,19.532738,1
17795,10.740257,-2.8190694,5.8285823,1
17810,-19.5452,-6.8927727,6.245283,0
17811,10.300886,-2.7971828,1.78229,1
17814,-10.538671,-4.968273,-17.746424,2
17828,-5.61446,1.2472306,-10.962328,2
17862,20.402103,2.1321113,-0.586589,1
17870,2.5575767,-3.9646971,10.845752,2
17876,18.026714,-1.2578254,3.2583237,1
17908,-7.8300714,12.984448,6.285952,2
17913,-20.743122,0.9041379,0.6522959,0
17917,-7.875905,-0.9195207,15.708182,2
17938,-13.273245,5.5386014,15.8761835,0
17948,1.8975482,13.511437,3.734389,2
17950,-11.265045,17.11616,1.0022527,2
17961,6.0742145,-12.007887,0.66387933,1
17972,7.04579,-1.1900877,3.2239063,1
17978,-6.6426387,22.21143,-7.7742114,2
17980,0.18598135,19.496775,-7.8229117,2
18020,-0.24182545,-6.799715,22.97519,2
18021,10.363874,1.7313558,-0.2924998,1
18053,2.517754,17.749111,3.2075238,2
18068,9.678984,12.785567,-8.62048,1
18074,-1.2896633,-3.0926864,6.0866685,2
18089,6.392775,-10.674912,3.693165,1
18103,20.274857,5.155815,0.8551589,1
18107,22.106413,-0.8421709,1.4498667,1
18145,0.19595072,-7.7657623,-16.903755,2
18159,-8.327115,-2.2942157,-12.803912,2
18162,-0.8144405,-10.916814,21.658419,0
18172,12.154527,3.6801293,-2.4397109,1
18176,13.178126,-9.5581045,2.7160356,1
18192,15.615169,1.6224445,4.775947,1
18194,-0.5476384,11.522042,1.2508783,2
18198,-3.450604,-6.256948,-19.863201,2
18216,0.23803228,-6.279449,-19.74721,2
18217,6.6665716,5.9666867,3.0009325,1
18220,-6.353081,-2.3441129,-11.426203,2
18224,10.248106,-3.8315394,-0.0664939,1
18231,-5.1923847,11.891286,0.70297974,2
18234,12.515729,-3.2360904,-1.5640209,1
18239,10.471527,4.056166,1.4357774,1
18264,-0.7330339,17.768536,-6.583638,2
18267,0.23948608,-8.764456,-18.182493,2
18274,1.5170602,-2.0421147,-14.309753,2
18278,8.000082,-10.677866,2.729984,1
18290,-10.495354,5.5556,16.178911,0
18301,5.3638453,-4.0635753,7.214523,1
18303,-18.386683,-6.2726364,4.8338885,0
18304,-7.3669605,-4.1758327,-15.052448,2
18309,20.495943,-8.558417,0.4836908,1
18313,6.525626,1.7119988,19.231083,1
18329,-10.405389,-2.4617705,-12.890467,0
18333,0.095451616,12.696398,-3.6034377,2
18353,-18.069462,-3.9386466,1.9761566,0
18355,-4.091797,-0.078612395,-15.023127,2
18391,-15.005123,-5.5225797,-0.21506892,0
18420,-5.3287134,-1.737153,-18.029373,2
18423,-4.8555927,21.174288,-6.258727,2
18440,-0.99506056,13.348715,-1.7922783,2
18443,18.967285,-12.539406,-1.8793606,1
18450,6.263539,-0.4024025,-0.7374966,1
18459,-13.154863,10.464135,1.8887635,0
18465,-14.680189,-8.308258,4.1382046,0
18475,-10.690746,0.63247144,-9.323556,0
18477,8.588205,-13.714086,0.16142677,1
18483,-1.5625917,-9.9314785,-18.475517,2
18498,6.3499427,-16.474724,1.71847,1
18521,6.893468,-14.238583,2.625173,1
18523,-2.5205703,-10.949943,21.202255,0
18528,-0.621963,14.067975,-3.2116423,2
18532,-1.3091507,19.23115,-4.78794,2
18543,6.2917347,12.696127,-6.2307863,2
18556,14.659091,-4.049204,5.5490575,1
18567,0.53386,-7.8714743,-16.806063,2
18595,-1.492919,-11.092178,21.82031,0
18598,-7.7506537,-3.993762,-16.698849,2
18600,19.475965,4.1171603,3.8409445,1
18603,6.91451,12.736572,-9.514491,1
18620,-12.859062,-1.6193472,-11.255042,0
18635,-0.015542761,11.0281105,0.5037873,2
18639,-16.0523,6.7300057,12.672445,0
18661,-15.532167,-5.614231,0.9804117,0
18709,0.34745938,16.976171,3.8235397,2
18733,-16.160057,-6.108632,2.2311077,0
18749,-11.983997,14.624128,-0.74869096,2
18765,2.2190588,-2.926042,-9.604093,2
18771,5.7098274,15.150349,-8.696538,2
18776,20.755043,1.3748316,3.1991057,1
18781,2.6953235,-14.866867,3.429642,2
18800,-5.6496572,3.0078087,-9.903266,2
18806,-10.650839,-9.857455,3.1775033,0
18808,0.89206946,-8.872411,4.4315457,2
18811,-19.865793,-7.182477,7.1971254,0
18829,1.7593166,-4.385724,-15.378984,2
18834,3.205037,17.098448,-9.313102,2
18847,-2.6764736,-5.0580873,-15.073806,2
18848,-12.378059,-7.427893,-0.22460513,0
18855,-0.4685939,-7.483656,23.13586,0
18856,6.5981183,4.559881,5.5090003,1
18860,18.379366,-10.885433,-0.374339,1
18864,9.0955715,13.828344,-10.145098,1
18870,13.404283,4.8449583,3.2409596,1
18875,-7.936828,-12.168196,7.1656656,0
18878,13.869759,-9.181712,2.300811,1
18899,-10.64752,-4.294915,-15.01521,2
18909,17.54718,2.1501892,4.384318,1
18920,1.4855595,-3.8838918,-11.483027,2
18946,12.412748,2.754042,2.0892823,1
18958,-9.342777,-1.0370294,-10.217845,2
18961,10.301998,-12.01512,-0.05969547,1
18972,5.6839886,-7.4564185,-17.4795,2
18979,14.676165,5.489245,1.7120016,1
18994,-15.49822,-10.334153,4.921671,0
18997,0.62362105,-3.1574504,9.426955,2
19006,-7.1946797,-8.69216,-17.124754,2
19015,9.779403,-14.083649,-0.5058782,1
19018,3.0499966,-0.36357182,-11.46652,2
19039,11.3994,5.2064238,4.790096,1
19041,23.13524,3.451843,-1.6003513,1
19048,0.95652694,-5.6997805,-12.406562,2
19050,8.090889,-4.3154573,6.9899735,1
19052,-15.216602,4.2357125,12.770124,0
19066,20.196836,-2.4582872,3.8056092,1
19073,1.3202283,-4.4576173,-16.211079,2
19074,9.837839,-7.191736,-17.346607,1
19080,-0.15511295,-9.658924,-13.999272,2
19081,1.1735598,-7.681312,-15.118783,2
19088,-7.870752,2.5962536,-9.467395,0
19094,-2.5537117,-8.44501,-18.61934,2
19102,5.3136516,-10.613089,-11.189915,2
19116,-1.6696267,-7.267636,23.810106,2
19124,-7.783774,-9.215949,4.3130655,0
19131,-4.8352785,-2.6230283,-10.731261,2
19132,3.608681,19.237045,-6.6802926,2
19137,12.666963,4.95973,3.7813673,1
19147,3.9272342,4.5433984,19.030987,2
19148,11.358488,5.065959,5.1006927,1
19162,-1.6037595,-9.527512,23.109573,0
19166,7.1136756,-6.07567,7.7973347,1
19167,-2.1312103,-0.09507772,-9.336023,2
19171,-9.671945,-12.32405,8.622972,0
19199,5.851216,-11.366553,0.7638548,1
19210,6.3370194,-1.8732272,8.549738,1
19225,13.798164,-13.419779,4.095939,1
19230,6.6697288,17.490162,-10.187359,1
19239,-12.42143,-13.525935,6.8278694,0
19245,2.3607302,4.9988527,19.6757,2
19254,6.8865733,-3.5353365,0.6647497,1
19270,-3.521938,22.235466,-1.2787123,2
19301,1.7062957,-3.7769332,-11.139005,2
19305,-12.083198,8.893135,2.0981,0
19323,16.846312,4.7759676,-0.62832886,1
19326,9.234037,-12.794389,-2.3649454,1
19337,-13.311652,16.552698,-3.2667613,2
19342,-9.542183,-10.584365,4.5364738,0
19344,3.876294,-7.151345,8.716989,1
19350,12.650598,0.9634098,3.632963,1
19369,19.557455,-5.2156553,3.621332,1
19377,-10.4103,19.96042,-2.6287313,2
19384,-10.409703,-11.250025,4.918133,0
19386,-1.388943,19.162966,-5.0413647,2
19415,7.482094,14.489003,-2.9047313,2
19419,2.9565432,14.4460745,-4.6340356,2
19433,-10.043157,21.045246,-1.7656047,2
19451,-0.32380483,-5.067206,23.374483,2
19462,7.457369,13.120907,-9.045887,1
19464,-11.334834,-9.782091,4.9741144,0
19487,14.146036,-0.092362605,6.6581874,1
19515,2.9591641,18.427095,-1.5279114,2
19536,8.514036,13.290393,-7.7313976,2
19545,10.337756,-2.1670284,1.1180258,1
19560,-2.7495897,12.991601,-3.847617,2
19567,2.3372767,17.433722,3.082253,2
19568,18.736217,-13.144738,-1.1032,1
19591,16.762096,-0.93172467,2.6805365,1
19600,5.183972,-10.915949,3.8363643,1
19604,-10.9084,4.814231,13.374981,0
19605,-5.6744766,-0.60256094,-9.613635,2
19609,-1.5272768,11.538782,2.007204,2
19656,-6.48795,2.068758,-11.089388,2
19658,-18.27224,-6.439825,5.07711,0
19661,10.946063,0.9747273,6.414833,1
19665,-1.9716078,18.240877,-5.193499,2
19704,-14.093477,-6.148267,-0.5444716,0
19709,6.460958,17.027807,-11.488023,2
19712,2.9167628,19.378082,-11.4158,2
19724,7.1258764,-12.943351,3.290719,1
19736,-11.984186,-5.0369945,-16.122257,2
19753,-7.94043,14.586688,0.7836232,0
19754,-10.998707,-9.605164,4.990711,0
19755,-2.1138434,22.801414,-7.090844,2
19796,-8.88547,12.352266,2.1542656,2
19821,1.9922773,22.362541,-4.9248466,2
19839,-12.590652,-9.725711,8.240789,0
19842,3.8611324,12.994118,-6.219109,2
19850,-0.4055916,-7.655641,-11.967791,2
19857,-12.99979,-13.207865,-1.3125068,0
19862,11.206002,-13.999225,0.42870027,1
19879,13.816023,-1.6232969,1.5406834,1
19880,-15.73121,-12.669916,-1.956676,0
19881,-9.090985,-5.2428403,-15.39896,2
19890,3.9662497,-10.408608,3.805492,1
19893,18.600868,-1.4180828,3.6685424,1
19897,-1.9219499,17.697134,-5.4968886,2
19913,-3.1109624,-2.9667528,-11.901019,2
19920,18.41027,-10.819418,1.7851346,1
19940,15.143207,6.197711,1.487628,1
19968,-6.604479,12.247998,2.9508374,2
19975,-15.991993,-10.154102,6.0960116,0
20009,5.4011397,-4.5655565,6.7360353,1
20045,-18.366512,-5.0373487,1.493353,0
20046,17.645227,7.1420984,2.5000052,1
20056,1.1317443,-3.313856,7.819237,2
20063,-7.638485,-5.2651086,-17.00556,2
20074,-5.4505258,8.203879,3.9509077,2
20090,-3.2972436,13.431269,-0.7531082,2
20097,-2.6474183,1.6606143,-15.703909,2
20102,12.940461,-3.6522257,5.9683843,1
20104,-5.812836,12.079661,-0.7255728,2
20107,-15.661651,-5.528692,0.05420992,0
20110,-15.27065,3.9223657,12.5722275,0
20114,-2.0191236,-0.69110715,-8.768084,2
20123,0.070834555,-0.7893781,-8.409651,2
20128,20.608732,7.2809024,-0.13107736,1
20176,-10.108979,-11.220795,5.262264,0
20178,11.331654,1.7724135,-0.11799577,1
20184,-1.2252516,-11.387854,-18.420328,2
20195,-18.058044,-1.2895768,-0.6937281,0
20200,19.229036,-11.735375,1.3986771,1
20205,3.466821,-9.071339,5.58075,2
20207,-6.9417906,12.9336405,2.6386747,2
20214,-9.039991,1.0443367,14.902981,0
20222,-4.5469537,15.071943,2.5825949,2
20232,-15.330729,5.099289,11.02267,0
20233,4.06171,11.745965,-2.4928732,2
20253,7.8359265,-2.3833456,1.2850602,1
20260,-16.262764,-13.350172,5.6613703,0
20264,16.299047,-10.827563,-0.21632414,1
20267,3.6679776,18.226772,-8.249318,2
20272,-5.517476,18.705906,-2.706861,2
20277,5.854241,-4.152766,3.1651342,1
20281,-15.6228285,4.552271,10.483558,0
20285,-17.038897,4.5304117,9.709735,0
20296,3.7975535,13.501893,-6.272971,2
20327,-0.66477126,-5.2229276,-11.919991,2
20331,-9.025914,-5.401727,-15.557819,2
20344,-20.052362,-3.6561484,5.198283,0
20345,-14.209817,15.161312,-0.45347932,0
20358,-6.1787257,2.9182513,-10.948132,0
20361,10.51399,1.4869376,-3.1185951,1
20363,-10.584809,5.208922,13.351322,0
20368,14.401305,5.3266478,2.06023,1
20393,-15.366372,5.674382,11.057995,0
20424,-8.141727,-10.073723,9.870289,2
20425,-9.970938,17.915363,-1.1575013,2
20437,-8.422721,4.19704,13.8016205,0
20441,24.241125,1.0814478,1.5969245,1
20444,20.625162,-12.105257,2.6771278,1
20449,2.1524136,5.1093063,19.773323,2
20450,-15.308793,-6.707837,1.2895802,0
20453,7.751419,-2.054555,-13.73159,2
20462,3.5592146,18.277952,-6.7456164,2
20469,13.175955,7.2292852,-0.32813892,1
20474,-7.6077676,10.41738,1.5266997,2
20475,-13.236953,-1.9091628,1.8320452,0
20502,8.478622,-3.196993,5.248901,1
20513,-8.470666,0.5795134,-9.635667,0
20515,-2.3737915,-5.6385508,22.733957,2
20516,16.890192,3.7563415,3.1597786,1
20530,14.264845,3.759975,-0.41293302,1
20532,3.0773633,-0.51948375,-12.56916,2
20539,-0.78710955,14.029643,-2.7656996,2
20543,15.017178,-14.174373,0.7040681,1
20555,0.97802335,20.230337,-5.1502852,2
20570,-3.5011888,-0.5519775,-9.179072,2
20575,0.881243,20.915323,-5.3311906,2
20579,-13.411431,11.81759,0.415442,0
20580,-7.8075857,-11.702741,8.6891365,0
20584,-5.500165,20.78484,-6.929878,2
20612,-18.904774,-3.2767165,-1.2483267,0
20615,2.3497162,1.0800296,10.834506,2
20624,7.50522,-6.247466,-8.901825,2
20627,-20.53635,0.046910807,3.7657964,0
20653,14.346129,6.0982866,3.9858482,1
20660,6.3339148,-4.176078,-15.262832,2
20674,-16.28533,5.8438067,9.027874,0
20675,-1.6456578,-6.4465823,25.769085,2
20678,-1.3403474,-8.454553,-17.091482,2
20687,13.694313,-9.839715,1.1204578,1
20726,5.6163883,-5.845979,-19.169075,2
20743,-14.765369,-13.144418,7.2194123,0
20749,-11.048073,0.47362778,-9.469195,0
20753,-10.91478,14.9326725,-0.77976364,2
20761,6.682319,1.0301739,-1.3304224,1
20766,-10.553163,5.969131,15.758005,0
20767,-12.995243,-9.894178,5.9271197,0
20774,-10.398799,-9.60512,7.0429387,0
20779,-9.015874,3.9699001,15.887686,0
20782,6.7337937,-14.832137,1.9118545,1
20793,18.404148,2.2373219,4.195942,1
20801,-8.0182085,-0.47103223,15.1421585,2
20804,8.948598,-4.448418,-16.243563,1
20829,-11.785103,-7.8923063,1.4349369,0
20832,-16.309923,-8.208987,3.707471,0
20844,-11.4863205,-10.818004,8.192514,0
20857,3.612591,-2.6820385,-11.558956,2
20861,-2.5534337,0.035231378,-8.365649,2
20869,2.3888474,-4.4374332,-12.283387,2
20877,18.043427,-11.511519,-1.1596842,1
20892,21.553337,-2.436415,3.5962672,1
20903,-4.009772,21.696836,-8.269282,2
20906,-4.171726,-0.069620706,-14.696476,2
20919,9.9797125,-11.782033,1.3141364,1
20921,-9.1335,18.537195,-0.7649979,2
20978,2.1650538,1.2889041,11.5463085,1
20987,3.3117776,-1.7498815,-11.310809,2
20998,-1.2731059,14.017922,-4.959743,2
21004,4.734311,-2.2507358,5.4487367,1
21014,6.2173667,-15.43983,3.3643858,1
21023,0.2428251,-5.399085,10.1230345,2
21027,-1.9053215,-5.595312,-16.250095,2
21028,4.0686784,-4.9859276,7.8776393,1
21031,-22.966951,1.4587116,3.6019902,0
21046,3.687305,-8.034467,-16.70187,2
21061,1.790721,19.19264,-8.8590975,2
21079,8.617831,-4.070662,-13.654277,1
21081,4.4500732,13.230008,-8.021804,2
21088,-6.4026914,-1.633078,-10.827418,2
21089,3.0719407,11.937566,-0.41808328,2
21130,-8.821332,1.2593902,15.14025,0
21139,22.796858,-3.6886256,3.761289,1
21142,0.6510802,-13.174943,2.7485306,2
21143,-7.5417833,-5.032597,-15.077386,2
21144,2.3380456,14.493872,-5.2765923,2
21148,-18.103336,-6.6348085,8.712914,0
21149,8.08803,-3.849345,4.9443884,1
21183,21.874786,2.4863293,0.11641738,1
21191,-1.8297877,-8.909163,-14.886395,2
21205,4.9175124,-4.838079,6.378172,1
21212,3.178486,16.565395,-9.883404,2
21222,-16.73887,-9.447694,5.7014008,0
21228,0.5469763,-3.1188962,9.397643,2
21244,-5.587232,-0.34835246,-9.46888,2
21275,1.2349184,-7.484431,8.126735,1
21298,6.4806423,-7.5429893,-17.84067,2
21303,2.9201453,20.007671,-11.810361,1
21341,9.279391,-5.424009,-15.405194,1
21355,5.6751676,3.8847334,3.558145,1
21362,4.3136806,-12.084381,2.7491932,1
21368,2.7343063,11.276138,-0.4037342,2
21375,-5.061244,-4.66361,-14.170015,2
21380,12.970218,3.5923493,-2.771614,1
21389,3.8955822,-0.3894856,11.072052,2
21400,-5.028846,14.1136465,2.7529366,2
21410,-14.736898,4.722972,10.7160015,0
21412,-6.151279,-2.6248276,-11.028085,2
21413,-12.558741,15.000353,-1.4889109,2
21420,6.9324083,-4.7401857,-14.021379,2
21426,20.870535,-1.2330993,0.9782113,1
21439,0.29955703,-12.020977,3.906196,2
21451,1.2225908,12.561721,-0.7578743,2
21467,3.3923733,11.302416,0.4088815,2
21469,-0.42448878,13.040564,-2.659806,2
21502,-13.682476,-13.020767,-3.1171162,0
21503,13.41259,-12.035319,1.5568484,1
21508,-1.6809063,-7.288028,22.473068,0
21509,2.063233,-3.3710403,-11.061333,2
21521,-9.534615,-10.640891,4.397708,0
21531,23.83457,-0.7009961,2.4763763,1
21534,12.712981,-3.6762495,6.2640195,1
21564,13.46231,-1.5574348,5.1174893,1
21599,-9.361201,-1.2334923,-9.938942,2
21601,-20.19537,-0.31528878,2.6750207,0
21603,21.114912,2.17866,2.927341,1
21614,-2.558544,-8.7154255,-18.154669,2
21624,0.18308415,-9.523086,-13.556453,2
21625,6.2640023,5.0186663,-2.506079,2
21638,-12.617695,3.971934,15.549324,0
21643,0.7692449,16.674467,4.4459047,2
21648,-17.122898,-6.905467,10.090589,0
21649,-0.5984612,-10.075419,-18.827646,2
21662,13.87487,-11.769756,1.793846,1
21664,13.686298,-0.9247351,-4.371429,1
21677,3.644391,13.7607565,-5.115014,2
21701,-22.266165,2.1382418,0.6812962,0
21712,-20.643652,0.3278753,1.9385029,0
21715,12.504517,-3.267336,-1.6210891,1
21716,12.530106,-0.6715299,8.145785,1
21718,-1.2562128,0.21575886,-6.537888,2
21720,-1.5462546,10.759167,-6.445974,2
21721,14.259828,3.241794,3.960338,1
21743,0.550459,12.627643,-6.506739,2
21755,8.108564,-4.1698556,4.8426223,1
21762,-13.10568,0.2609032,-9.951589,0
21763,-8.138517,10.983896,3.6128695,2
21775,4.111885,18.8717,-12.843142,2
21789,-11.914521,15.527626,-0.40920576,2
21802,0.69484556,16.60658,4.789385,2
21815,-2.3067188,12.647875,-1.3214034,2
21822,-12.733976,-1.7263824,-11.48484,0
21826,-4.3125925,-5.0593934,-16.325787,2
21828,-0.892972,11.540951,-2.3641236,2
21839,-1.0920069,10.807615,-3.83825,2
21856,24.313168,-3.3825274,1.5396531,1
21868,0.7618734,13.20385,-3.06836,2
21869,17.06731,3.5203235,3.5921764,1
21873,21.07344,2.1939619,3.0080643,1
21875,1.8320327,-11.234346,5.296129,1
21880,8.376698,15.083296,-7.531423,1
21894,6.50742,-0.49297523,-14.228546,2
21896,13.890433,0.040382233,6.6045766,1
21898,10.489839,0.86773807,6.544997,1
21910,-8.8252,-6.432234,-16.289732,2
21911,13.902821,-3.8154712,6.446078,1
21915,-8.815112,-4.786021,-13.712487,2
21923,24.449654,3.2963266,0.54816985,1
21924,4.823808,18.714844,-10.082196,2
21927,-18.394964,-6.606971,7.810698,0
21930,-2.412424,22.899347,-2.2450678,2
21933,3.8447425,-3.1024187,-11.634626,2
21939,-9.821753,5.1099825,13.857747,0
21942,6.276774,18.449524,-12.7535,2
21953,-16.260338,-6.27688,2.2851925,0
21963,-11.98425,-5.2159834,-12.762726,2
21977,11.337863,7.7779865,3.1207902,1
21983,1.4657813,-9.278043,-19.248966,2
21995,3.5511734,18.099092,-7.851604,2
21996,-6.3922973,14.726831,-0.29444292,2
22003,-5.7452774,20.015862,-2.4078257,2
22004,-4.129674,-6.2506366,-19.948633,2
22011,-9.665485,-6.6118374,-18.3993,2
22012,-10.284105,15.305671,-0.7129378,2
22017,3.7343378,12.663965,-5.068046,2
22026,3.4070392,-1.6289326,-11.390603,2
22043,-14.246602,-1.6060289,-10.850304,0
22044,-0.8926331,18.571226,-3.6689286,2
22051,4.630449,-2.246592,5.460401,1
22054,-2.7068338,-4.30123,-3.7091885,2
22056,-2.3000693,-9.372748,24.753897,0
22061,3.9446676,-7.45829,-6.8643737,2
22063,0.80763316,-1.6646174,-11.320325,2
22078,-12.412061,1.4275825,17.03126,0
22081,-8.721665,19.288631,-3.9640472,2
22089,-2.849908,-2.4829633,-11.528499,2
22092,7.4303703,-6.937189,-19.929693,2
22103,2.0709398,11.310265,-3.4603648,2
22124,6.4683275,13.896391,-7.063695,2
22140,5.0835724,18.332815,-12.181325,2
22141,15.716246,5.4728136,2.9984915,1
22157,-6.95747,-4.2796984,-14.97691,2
22163,-5.6681404,19.036837,-3.0557752,2
22179,24.004538,-0.8194508,2.2812514,1
22191,20.087662,-5.726691,4.128068,1
22222,11.674039,1.7291617,-0.89401156,1
22225,-6.648216,13.203086,2.9254763,2
22232,12.817318,-4.390901,5.5753326,1
22236,-15.03961,-11.508537,3.9542434,0
22244,-5.9795337,-8.087693,-18.700676,2
22253,-5.68031,19.832453,-3.6667922,2
22254,7.616471,-1.4663198,6.2528706,1
22263,11.11813,5.9520235,4.0996284,1
22287,-6.4781284,-7.744595,-17.558031,2
22310,-1.6772332,19.192978,-5.666901,2
22319,7.350163,-1.6257,4.349263,1
22338,-8.32308,2.7616618,14.705226,0
22342,7.1151075,14.806711,-8.242958,1
22344,17.525194,-12.10766,-0.9182956,1
22356,-1.5658786,-8.02365,-19.294294,2
22358,-9.807524,0.7016097,14.106263,0
22361,9.685895,-3.8196788,-15.588362,1
22363,2.815477,18.963007,-12.628347,2
22372,-1.185204,11.555124,1.6950964,2
22382,19.98179,3.7253304,2.591521,1
22407,-0.71741956,-3.984389,-10.225078,2
22412,-8.790567,0.33793044,14.520085,0
22437,-18.201307,-3.927663,0.11908683,0
22458,-6.4138827,0.50865906,-8.541167,2
22465,8.251122,-1.1461844,6.2344866,1
22478,-7.6646547,20.166914,-1.4976976,2
22483,6.54684,0.8856845,-1.3290972,1
22490,-1.507985,10.794564,-6.4180503,2
22499,19.10755,-12.058598,1.2979596,1
22508,7.350902,5.3520684,1.2922248,1
22509,17.602007,-3.8739755,3.0764284,1
22510,-10.002343,20.45885,-1.8883879,2
22513,-22.829407,1.378354,3.7763953,0
22515,-18.840029,-1.85825,4.179826,0
22525,6.393109,8.93065,4.85097,1
22531,3.4715827,10.931457,-4.3136754,2
22538,-9.978149,3.7885664,14.383297,0
22555,-14.170436,12.452468,0.19399422,0
22561,-10.466278,17.168097,-1.6618224,2
22566,10.868318,-13.926167,0.43238404,1
22577,3.6295662,-1.770796,-9.018271,2
22578,6.411602,12.998958,-6.3362913,2
22579,-5.7088666,-0.27622598,-6.074352,2
22601,-14.9972315,-11.7498455,4.1456995,0
22635,-5.906135,-2.753973,-17.293821,2
22644,-5.387517,-6.5749984,-16.324165,2
22649,-4.520794,10.453869,2.3031063,2
22655,14.098215,-0.6292677,-2.7745233,1
22661,-10.754237,9.264209,1.6855354,2
22668,20.972446,5.786674,1.7157093,1
22672,8.755207,3.9433727,5.0648603,1
22673,-8.08978,11.9135275,0.7208771,2
22681,1.7027056,-11.090325,4.1897,2
22686,3.1216059,16.35546,-9.106884,2
22688,16.519846,-10.601781,0.4326769,1
22727,9.992096,4.0760026,4.092186,1
22743,2.1714063,10.611924,-1.1534945,2
22751,-1.3823569,-10.859938,21.600481,0
22773,0.51070267,-4.232655,-10.683731,2
22777,-5.3572083,-5.868487,-13.910916,2
22779,-5.1193314,0.8863067,-13.596851,2
22780,17.05861,1.8482311,4.640578,1
22794,-12.902403,-13.113092,-1.1893686,0
22798,6.363281,-5.8309817,-13.371849,2
22805,7.6841145,-5.518131,-14.887369,2
22835,7.349205,12.93181,-6.8044963,2
22841,-22.114712,1.8570029,0.58486485,0
22848,2.0093858,11.395593,-3.6595554,2
22857,1.323585,-3.0491438,8.230996,2
22869,9.456967,6.5125866,2.4286306,1
22876,0.29995075,3.9388006,12.004785,2
22893,11.741193,7.8706665,3.2839718,1
22926,18.143206,-3.3125648,3.5893903,1
22945,-19.391088,-8.27177,5.353456,0
22949,-14.732792,4.755716,11.176456,0
22968,7.472476,-1.6990911,4.3695235,1
22984,2.677317,-2.0627897,4.4255676,1
23013,7.0304656,13.157256,-9.4159155,1
23016,0.83750343,-2.2124124,-11.2795315,2
23035,8.050341,13.222935,-8.080536,1
23042,-3.7215543,18.647373,-5.76091,2
23044,-8.07024,14.99962,0.55701256,2
23052,-1.2409577,-1.6207578,-8.835475,2
23053,2.9154022,19.20713,-9.5343685,2
23058,6.6200976,2.0044978,19.845627,1
23070,4.0216928,12.428234,-5.788574,2
23081,3.2511427,14.062931,-6.880737,2
23082,-14.082126,1.6822402,11.427877,0
23113,-16.609726,-9.008553,7.8717036,0
23118,2.561681,17.823679,-9.119571,2
23123,6.022435,-2.3335338,9.446938,1
23135,-0.25875208,16.889389,3.6034691,2
23137,-12.3292675,-10.042476,7.9430113,0
23138,-8.759524,18.725643,-1.0156057,2
23144,-0.5546526,-8.771962,21.096914,0
23148,-15.204391,-5.715745,2.0709991,0
23157,5.9838014,3.4658616,19.954922,1
23164,3.7068803,9.371891,-2.8341956,2
23170,-7.7106996,12.906466,6.1470532,2
23204,-2.8326147,18.300903,-3.9191818,2
23205,0.5821295,12.840089,-6.9190607,2
23212,4.1983423,-9.916806,-17.37656,2
23226,3.0440614,12.919301,-5.830691,2
23234,-6.8446164,0.14788921,15.482738,0
23245,-15.343732,6.5944476,12.31748,0
23247,-7.533067,19.867405,-0.9666255,2
23261,8.935642,5.4933043,7.1177163,1
23265,17.616953,-3.0093496,-0.5909308,1
23270,-10.616926,12.289608,0.35286012,2
23301,0.35318166,3.8562446,11.897576,2
23305,-1.2924824,12.875011,-1.734637,2
23311,-7.4760427,12.739024,2.5164864,2
23345,9.085797,-2.7142415,1.4063511,1
23360,-2.1400034,11.833355,-0.5169858,2
23373,-11.930919,-2.6219807,-11.59951,0
23399,-1.7648338,-0.9073247,8.468531,2
23415,-3.2860467,-6.563504,-15.670043,2
23416,-7.3965364,-8.896452,4.1851773,0
23426,1.2910057,-3.0970805,7.9363008,2
23430,-11.99591,-7.5740542,0.026306866,0
23434,2.0540247,-8.6450615,-14.279097,2
23435,-6.3093934,18.385105,-2.008308,2
23445,-6.887382,-1.8844787,-8.688072,2
23447,-8.888633,-5.406917,-15.431276,2
23458,2.4551628,-3.386039,5.114939,1
23459,-1.6108092,11.545904,1.7700018,2
23476,5.7877665,-11.870063,2.882067,1
23483,-13.974621,-11.023993,3.264969,0
23496,-6.7392783,14.534666,0.71859145,2
23501,-11.219666,2.9992251,13.844885,0
23507,-5.604257,21.879374,-8.891871,2
23509,-10.286605,13.319359,-2.252963,2
23517,6.523497,8.465103,4.0095134,1
23524,7.0625167,4.7710576,8.0525255,1
23527,-4.9593925,-2.8665278,-10.580983,2
23530,9.7947235,5.7069817,4.205702,1
23533,-13.586399,6.6829457,12.208077,0
23537,-12.204158,2.417271,13.891582,0
23551,5.770869,4.781551,0.2262407,1
23558,-8.749185,-5.6985006,-17.587204,2
23576,1.9569695,-8.481016,4.0953803,2
23589,-0.93984705,-4.068293,7.94729,2
23597,-0.7598906,-3.921769,7.674858,2
23600,-9.1938925,-4.245197,-13.764452,2
23601,3.4620178,-12.809397,0.307889,1
23636,-10.441656,6.345256,14.907272,0
23663,-8.430713,1.672955,15.536527,0
23666,-11.728056,13.59077,-0.64021945,2
23679,12.097142,-13.06398,3.354753,1
23731,22.017418,2.0924215,-3.2726626,1
23732,3.2743783,20.090624,-7.598948,2
23736,1.8284254,4.9812617,20.50296,2
23744,4.716325,-10.967093,3.6967578,1
23745,6.143549,-11.645031,2.5117762,1
23749,4.938843,-8.704191,-19.046267,2
23765,-2.4101865,22.755726,-7.4472647,2
23766,-11.270765,-10.518638,8.392294,0
23775,11.042371,5.1733375,1.5019319,1
23801,-7.1898737,-8.7206335,-16.932653,2
23802,24.354477,3.4492812,0.6210974,1
23830,-0.7642081,19.2916,-6.3069077,2
23838,-13.165803,-12.995592,-0.3931303,0
23848,-11.073885,0.7123286,13.653324,0
23850,-3.2007425,13.487196,-1.3264723,2
23875,-4.697185,-5.2240963,-16.181969,2
23876,8.129992,-12.324526,0.16009781,1
23895,-12.214853,14.376253,-1.2106633,2
23900,7.0137935,-5.338094,-10.739488,2
23901,-16.043575,-7.4601393,3.765923,0
23909,4.6285415,-4.4433527,-11.735211,2
23910,-12.024743,-7.762443,6.402313,0
23923,-13.123645,-6.816578,-0.82015437,0
23934,5.7946925,-5.8917446,8.366709,1
23949,-14.149848,0.9470172,12.24572,0
23963,22.37176,1.7468939,-2.9680343,1
23971,-6.4759192,-7.329128,-18.338326,2
23982,5.147065,-8.483441,-16.510403,2
23987,9.671538,-5.558758,-16.599394,1
23990,19.221537,-2.5096695,4.1864467,1
23991,0.7403722,-14.289394,-11.47049,2
24022,-18.32161,4.61474,10.101128,0
24024,7.9109244,14.173569,-12.107365,1
24054,19.640995,4.762707,4.75255,1
24061,-1.3560677,12.526522,-0.41086286,2
24084,-11.160173,-9.573625,-6.55141,0
24112,0.2555549,12.81439,-3.6050298,2
24113,-14.353335,-7.1829896,4.7209444,0
24115,4.519577,-6.108211,5.722051,2
24119,-7.290713,2.9305224,-9.841456,2
24130,22.701351,1.9631002,-2.2044227,1
24135,1.8802402,-3.4963803,5.2348986,1
24144,18.187876,-1.2204745,7.613101,1
24172,-0.7106139,-5.7710342,23.996458,2
24181,-3.5565152,9.923757,0.67221767,2
24196,-8.584742,10.692293,0.8111622,2
24198,8.006299,-1.8307762,0.7465923,1
24204,-7.400028,-6.078062,-14.416602,2
24212,5.257547,16.305609,-12.456696,2
24233,9.768837,-0.93473506,6.6669273,1
24235,-22.128529,1.4372519,4.0915914,0
24252,-6.6363344,11.476766,0.23981199,2
24254,-19.838593,-0.5317218,1.5667439,0
24262,-0.03946814,21.918013,-9.033099,2
24271,20.030798,1.0560355,3.992699,1
24277,8.490886,-1.894894,7.538523,1
24292,4.495262,-4.2633853,-11.456364,2
24304,-1.1054971,-2.1309462,-9.377425,2
24319,-7.829119,18.849314,-3.3036206,2
24322,6.593166,-12.87117,3.7909963,1
24323,-6.299716,0.7299621,-8.431438,2
24333,-12.328671,-7.8386927,-12.712578,2
24335,-0.26349613,7.7573934,-5.6433563,2
24361,-5.448159,-1.0380479,-6.757693,2
24370,-16.603113,-6.3037353,-2.1262197,0
24375,-0.108146645,17.555307,-8.092097,2
24377,8.68584,5.4812675,4.465499,1
24380,11.328776,-0.23372178,4.608617,1
24387,-18.945374,-2.350623,4.0520525,0
24395,15.335356,6.599187,-0.43965268,1
24396,9.771576,9.224619,4.8052278,1
24406,-16.564547,-10.980156,-1.6737405,0
24410,-0.63156486,-9.099573,-19.2969,2
24418,-13.3882,-7.924401,5.7325563,0
24445,-11.573838,2.0900917,13.570857,0
24451,1.0560938,-5.909385,-12.353202,2
24452,5.164277,1.5857798,11.576732,1
24462,11.310013,10.329973,3.630279,1
24496,3.0388808,-0.87825304,4.066318,1
24505,4.8392367,-11.935024,1.0138814,1
24522,-17.932983,-6.42132,5.4802513,0
24528,16.571781,-11.1478815,2.128917,1
24544,6.168244,-14.63153,1.3574104,1
24554,-3.7995534,-8.781848,-8.053094,2
24559,8.389469,-6.1474047,-11.853502,2
24575,-13.28836,-8.153667,6.8324037,0
24596,7.9064717,-6.9704046,-15.108373,1
24601,-0.816223,11.275195,-2.327316,2
24603,-16.889143,-10.200329,5.916177,0
24609,-13.332471,1.5742663,15.5861845,0
24610,-5.595737,16.93335,-4.655156,2
24612,-3.4094188,-0.51663536,-14.580325,2
24643,4.7772593,3.6017764,20.523664,1
24651,0.57456934,3.5937812,11.223306,2
24653,5.598496,-5.236185,-12.52361,2
24654,0.1576128,17.42669,-8.297452,2
24658,14.911661,-3.966672,6.412299,1
24674,15.690241,-1.1555284,8.727673,1
24686,7.286495,11.747475,-5.00255,2
24690,17.70202,-1.111193,5.4887547,1
24717,-13.389063,3.181792,11.679774,0
24722,-0.2304325,19.431948,-7.110929,2
24731,11.511145,3.759454,7.945739,1
24732,3.8954897,18.306162,-13.583906,2
24739,-0.017977972,-10.193245,-6.9866776,2
24763,-8.1544,21.440086,-4.202758,2
24775,-4.8590508,12.059501,0.5183821,2
24778,-0.17273042,-8.119999,-14.903796,2
24781,-10.268532,13.366418,-2.198771,2
24785,2.8870928,18.74687,-9.622819,2
24827,21.306635,-1.6050441,6.8215466,1
24830,-1.9499134,-3.4183524,4.9750276,2
24832,-14.607392,6.2956324,10.778688,0
24834,2.8591356,-8.463496,-18.625652,2
24855,7.9713807,-13.019489,5.4645405,1
24858,-5.5531273,21.901451,-8.875549,2
24862,5.1132846,-2.1797752,-8.853695,2
24865,18.788738,-12.683865,2.0406334,1
24867,-12.120705,5.948323,12.698455,0
24881,6.4337144,-15.47106,3.4166768,1
24891,0.7449524,-14.287525,-11.474621,2
24897,4.552556,18.631645,-12.644752,1
24902,17.181898,6.7932158,-0.4146832,1
24935,-11.913308,-13.81871,1.9547595,0
24936,-5.5252275,-11.615923,-15.7033825,2
24940,1.9759188,-0.60647744,8.627382,1
24946,9.373888,9.605958,5.202218,1
24951,-19.84364,-0.47460654,2.3340116,0
24954,-5.5823293,0.22828053,-6.037938,2
24955,9.231336,13.987831,-7.0567393,1
24958,-5.7521696,16.691973,-4.447296,2
24962,-0.78564,-7.893068,-11.338574,2
24978,-0.47312367,-5.7801433,22.407652,2
24988,-17.72343,-3.1756003,10.371287,0
25007,12.066146,2.7611263,2.5455186,1
25009,22.713089,-1.9472189,5.4818153,1
25010,-18.032795,-3.8991857,0.09455325,0
25015,3.8045635,12.527505,-7.893142,2
25051,-13.936942,10.071908,1.161793,0
25059,3.8932548,2.1543264,21.149536,1
25065,11.284165,10.240356,3.6913836,1
25074,-8.551146,0.09633852,14.701677,0
25085,-11.562653,12.301927,0.42044732,0
25087,3.1372702,12.252887,-0.3595715,2
25090,-2.1426911,-9.80857,23.234419,0
25098,-11.335257,10.608609,1.3639835,0
25101,-13.597585,-6.4550743,1.1524196,0
25104,-3.017174,-3.6540377,-9.550326,2
25109,24.57443,-3.4375029,3.09134,1
25118,0.6223607,-4.8208003,-10.640861,2
25124,5.4497404,-4.9840903,-12.691768,2
25128,15.728059,6.8689704,4.447226,1
25132,-0.9834621,18.408842,-7.147725,2
25134,21.24326,2.5506263,2.7818878,1
25161,4.930909,11.987727,-7.2839575,2
25162,-0.18901302,19.323956,-7.647827,2
25165,-8.685922,-10.275971,6.0697513,0
25170,20.838123,-2.3426754,-3.6644492,1
25181,3.083276,-8.200462,-16.421,2
25192,8.295993,7.5292315,2.721038,1
25194,-6.7168508,18.419281,-9.045326,2
25212,10.973009,-14.61896,-2.520125,1
25222,1.7339456,-1.2247212,9.918483,2
25227,-8.618136,-5.8521595,-17.490952,2
25234,-14.069352,1.205689,11.731931,0
25247,-1.8194005,-5.1401434,-12.111598,2
25250,-3.3065968,-8.841644,-16.096712,2
25251,-18.435276,-4.813403,9.427071,0
25264,4.818122,9.725038,-6.379354,2
25277,-6.406599,23.271198,-3.5714073,2
25289,-10.58951,17.726274,-1.4721013,2
25305,18.885288,-11.353545,3.8947334,1
25308,-4.088973,10.755508,-0.3916123,2
25312,-11.794594,14.1411915,-0.775644,2
25349,18.374374,-0.92972934,7.520593,1
25362,-9.26639,13.119382,1.5413195,2
25364,5.824322,11.586042,-3.7421336,2
25371,-1.4060599,13.686308,-5.3276086,2
25373,-7.362549,19.526474,-5.8621774,2
25388,-13.622479,13.426238,-0.09774884,0
25394,-3.4984076,-7.138656,-5.249361,2
25397,10.373315,-7.4630423,-17.05106,1
25399,-10.547061,-9.616621,6.669724,0
25424,-7.103708,-12.304436,8.46787,0
25438,17.085855,4.847853,-1.0158191,1
25444,-10.378675,-15.207891,3.362911,2
25459,0.13938619,-7.94579,-17.018467,2
25470,8.100787,8.74215,6.4818172,1
25477,-11.529182,-7.9325495,1.4984992,0
25479,11.754165,-14.353013,-1.8702132,1
25482,20.556396,7.2240114,0.03731758,1
25488,-2.7073565,19.787945,-8.586422,2
25494,21.81756,0.9943364,5.410895,1
25514,22.4192,-2.3537297,5.0328426,1
25517,1.2601163,-5.1552973,-11.120471,2
25522,-0.5066495,-7.8305407,3.889057,2
25533,7.7646046,1.1337436,19.405983,1
25553,-14.453147,-8.195199,4.850302,0
25555,6.466609,12.348882,-6.265612,2
25576,6.61519,0.5191703,-0.5003364,1
25602,4.826203,2.4424477,20.21752,1
25633,-6.290235,1.5609468,-7.9210944,2
25653,-14.445257,-8.459406,8.283293,0
25661,21.49393,-2.077737,-2.7172542,1
25662,-13.647429,5.0182285,10.893751,0
25663,24.019941,1.3504374,2.034665,1
25673,-2.5860276,12.9390745,-5.2170506,2
25688,8.1133585,-11.983688,4.1628056,1
25690,-16.508472,-9.486652,9.0926695,0
25692,-16.237343,-4.6237817,1.8570483,0
25720,1.0171307,3.2321146,10.233304,2
25721,19.050793,0.615701,2.0777755,1
25727,22.60137,-1.7525418,3.0675929,1
25731,1.1743975,18.58445,-11.353677,2
25737,19.491135,-11.8473215,-0.024296848,1
25740,3.45938,-11.149514,3.0754724,2
25743,18.29513,-4.776488,4.4435773,1
25744,-4.5703278,14.984604,0.06547233,2
25753,8.765863,3.8047113,5.351678,1
25759,15.89466,0.330215,7.4008465,1
25776,-10.917372,-7.6660256,0.03945463,0
25782,12.141939,-11.594832,-3.3816266,1
25794,17.931313,-2.5046148,-2.0144556,1
25797,4.6405773,-10.942533,3.690975,2
25806,-10.834265,-10.021716,8.394547,0
25809,-10.51699,-15.160263,3.241164,0
25814,-14.974698,-11.788923,-1.568173,0
25817,23.321728,3.7599838,1.1308415,1
25820,18.523426,1.4675244,6.3279514,1
25825,4.13668,19.456306,-12.77588,2
25827,-2.165661,-10.613415,23.35009,0
25829,5.1083345,5.1976504,0.56867564,1
25834,-3.874223,-9.684717,-18.295275,2
25841,6.9668508,15.967256,-11.27452,2
25859,-19.023462,-2.6122258,3.9678917,0
25871,-3.7070289,-2.7871044,-7.0489397,2
25880,7.98164,14.02929,-12.286201,1
25885,4.039424,-4.6711445,-10.960692,2
25907,-5.463565,21.348883,-6.065396,2
25930,22.708471,4.215718,1.7131455,1
25933,-8.89548,-7.0881033,-16.03518,2
25952,12.637968,-0.59329087,8.138593,1
25956,21.40138,-1.9032397,6.6600046,1
25958,2.442011,4.9110336,19.918097,2
25967,-1.417177,-9.051976,-17.439339,2
25985,-11.870727,-8.557602,-12.509297,2
25992,-9.111728,12.398549,0.41017473,2
26002,-2.10901,10.566688,2.034737,2
26010,4.1333437,-7.615285,-16.399302,2
26055,6.0640125,4.632786,-0.30475095,1
26060,-10.603825,-1.3012707,-8.590212,0
26081,-1.5724813,-4.902254,25.638565,2
26116,12.623064,1.5406551,12.123497,1
26141,19.043465,-13.202695,-0.14353175,1
26163,2.9771748,16.66555,-6.531589,2
26203,-14.224231,14.55339,-0.6217752,2
26212,12.186225,-11.792366,-3.9859495,1
26221,6.709127,-8.115343,-16.954567,2
26233,-11.294026,-0.11820104,11.825739,0
26278,-12.945427,0.05526692,-9.7837,0
26279,8.272902,-2.4261835,5.1002016,1
26282,-12.287971,17.720451,-2.521801,2
26286,9.600229,-14.85311,-0.9634516,1
26287,0.064070396,12.47164,-5.744734,2
26294,-6.377948,11.886926,-0.35219565,2
26296,-2.4353774,18.980816,-4.867894,2
26316,1.7683479,-7.7479386,-15.97246,2
26318,1.3462136,-2.1930232,-7.767161,2
26340,7.131976,-5.2373147,-10.351969,2
26347,-12.71597,4.5033584,11.727071,0
26361,-1.7480226,-6.995891,-15.434164,2
26366,-16.748514,-4.9745507,2.3615642,0
26377,-15.233815,-7.722447,6.6372895,0
26379,2.58932,-1.3651621,4.290468,1
26389,4.961316,2.7662268,6.1450343,1
26392,-6.507445,18.782738,-4.5061135,2
26397,1.9787354,19.895239,-10.016576,2
26399,-4.25573,10.825284,-0.7356732,2
26425,5.1245775,-3.936348,-10.987102,2
26453,-1.0898937,-4.4682875,25.398287,2
26457,10.859875,6.0833387,4.09725,1
26471,-6.551671,-4.541,-15.093533,2
26479,-8.062048,13.931667,0.428685,2
26513,-1.2100352,-8.186801,-10.437831,2
26519,7.4452376,-6.746378,7.21321,1
26525,3.726422,3.3184376,20.062181,2
26527,1.7179674,5.268775,20.133797,2
26528,10.340867,-13.272344,2.8383913,1
26544,4.746952,11.458823,-3.9274287,2
26561,-12.108862,-9.082157,-12.463378,2
26619,-1.4354266,-5.3195143,-10.579784,2
26622,-13.756586,-6.5049114,1.2170358,0
26628,18.562683,5.8154483,6.207695,1
26632,-5.1872673,-2.2120578,-8.13519,2
26646,-13.341885,6.5275745,10.2378,0
26647,-9.174399,4.1942406,14.048382,0
26648,-1.2639439,-6.811004,25.76936,2
26651,0.027393384,12.260215,-4.968442,2
26652,5.3575935,-15.0295315,1.4550128,1
26653,-20.006397,-0.54422235,3.8520086,0
26661,15.58104,-1.4720405,7.439684,1
26668,1.1826607,18.117168,-11.4050665,2
26695,7.9639034,-1.1361344,10.175356,1
26700,13.289993,-13.586827,3.386672,1
26703,9.618813,-1.2179471,6.7024846,1
26710,-3.339828,-4.3862057,-3.7315369,2
26723,15.527408,-0.94622207,9.198234,1
26728,5.207305,15.855182,-14.181323,2
26733,-8.1680975,2.9721298,14.989402,0
26744,-10.08144,-6.412671,-15.5704775,2
26750,-10.354933,17.333918,-1.6542575,2
26753,11.786699,-18.246777,0.88443005,1
26756,2.7345757,-3.011151,-9.539048,2
26769,-12.9350395,0.040936004,-9.812481,0
26775,3.7101572,-1.7440888,-8.454938,2
26784,3.6807778,12.888061,-7.0610185,2
26785,23.6953,-0.20947821,3.0291846,1
26787,2.470848,11.105493,-0.44750902,2
26789,14.356419,-12.817769,1.157491,1
26795,6.465683,8.82601,4.8332024,1
26796,3.5775652,4.035401,21.5993,2
26805,-14.770177,-8.127729,9.046735,0
26814,-14.519525,-7.710346,6.0361423,0
26831,-6.204941,-1.4751154,14.448421,2
26853,4.616595,15.859474,-12.890734,2
26856,-2.4071186,-9.6280775,-17.577562,2
26875,-12.459183,9.286792,1.3708624,0
26888,3.5377414,9.259354,-3.030322,2
26898,0.16658598,12.712825,-3.6710265,2
26909,-7.393319,-11.592617,7.307854,2
26910,-12.057103,-12.355637,-1.2495718,0
26913,-11.248495,0.079294935,-9.716766,0
26919,6.5713506,-10.855621,-18.562735,2
26932,-3.6906483,-10.32606,-17.946398,2
26933,17.977993,2.891342,6.202374,1
26954,24.95121,1.2924452,1.5421185,1
26956,-11.268824,9.283452,1.9187688,2
26957,6.9202557,-6.206634,-9.649713,2
26958,-4.8216915,10.258967,0.134843,2
26961,-2.9746046,12.895216,-4.079137,2
26975,5.09381,12.850896,-9.338384,1
26976,-13.521863,12.101064,0.09572024,0
26979,-16.731573,-8.738092,7.9135365,0
26983,-8.991749,10.719866,1.7388592,2
27073,8.107902,-8.570945,-13.074002,1
27074,7.8510523,-1.968858,1.0220252,1
27089,-17.928303,-5.114674,1.9767072,0
27140,2.949083,11.110011,-5.4040065,2
27146,-10.420818,3.6034317,13.507322,0
27151,-1.1157227,-3.7907896,26.121317,1
27159,-0.103340715,-4.5147223,25.360518,2
27164,-16.547354,-6.1758385,-2.2689931,0
27181,-5.773624,-1.213486,-6.7152863,0
27193,6.3727193,-11.401226,1.4022385,1
27196,2.2141223,-9.053534,-19.477165,2
27197,19.67657,4.383601,4.4240007,1
27211,25.73161,-2.9061499,3.8700802,1
27220,13.567167,-0.26991972,7.908352,1
27228,-14.808255,-6.397158,4.6367216,0
27242,14.005583,-13.431619,-2.0723994,1
27246,-8.215606,3.3880746,15.248407,0
27256,7.164415,2.5020297,20.56595,1
27266,-7.66372,18.088556,-3.4150345,2
27268,9.367074,5.3085446,4.8822613,1
27282,-21.531347,0.71559286,4.8469844,0
27289,15.195311,2.6357677,11.572782,1
27290,0.58320624,-5.9619627,23.013458,2
27291,-9.85784,-9.826967,4.240754,0
27293,6.9483004,14.508566,-8.458055,2
27297,-8.494363,-4.8940835,-13.161944,2
27302,-18.120182,4.675244,7.4308467,0
27310,5.3522615,-7.895816,-8.732204,2
27331,-0.047601715,10.705298,-1.2345763,2
27332,-18.981062,-6.073588,7.950674,0
27356,1.2678055,18.029861,-11.578419,2
27384,-20.244715,1.0278122,4.044574,0
27392,-9.144162,0.6622802,14.103234,0
27399,-10.35207,9.133229,1.7014513,2
27402,3.955356,11.387755,-5.3726068,2
27411,16.371572,1.2945963,7.178767,1
27418,-2.5357,10.807105,-2.8341165,2
27428,3.2207053,-1.0923668,-11.486025,2
27429,12.511435,-13.597308,3.1856878,1
27475,-14.005739,12.188098,-0.6159913,0
27488,0.91340286,12.929367,-7.5895333,2
27507,12.48278,-15.673468,-1.4791577,1
27512,13.451178,-13.408064,3.2989125,1
27522,11.466398,4.994343,4.8563137,1
27524,6.5764933,5.1310263,5.59458,1
27531,-6.2996225,18.65497,-4.574028,2
27542,-5.484582,-6.040846,-13.420526,2
27560,0.60894847,-13.062411,2.5038686,2
27565,8.333583,-1.5613118,5.518038,1
27582,9.102414,-0.07926735,4.1383824,1
27606,-4.181293,17.319944,-5.5894284,2
27616,-1.0713611,-4.566971,25.45715,2
27626,5.162046,14.873201,-8.853441,2
27640,-5.9081125,19.612246,-4.729563,2
27653,-10.217865,10.054422,0.88642323,2
27655,6.410617,-1.0691701,6.6181436,1
27671,-13.620486,-6.717467,1.2905229,0
27683,-12.996938,2.755097,11.790983,0
27695,13.931267,-14.933068,-0.85172176,1
27701,-12.125651,3.696209,12.323583,0
27707,-4.2144012,9.791912,1.1199461,2
27710,-4.023185,-2.8092155,-10.333591,2
27720,-6.055226,-8.918787,-18.451471,2
27726,4.7723374,2.79234,6.0402765,1
27734,2.7814367,19.40123,-11.511145,2
27748,-18.554214,-1.2491794,5.600646,0
27764,-9.759794,17.303589,-2.3498158,2
27772,2.8570826,16.79122,-9.787656,2
27773,-16.381817,-5.4673386,2.4309983,0
27775,-5.603164,8.898824,-0.36621603,2
27829,16.81936,-1.8761894,10.813382,1
27832,3.177529,-5.8686614,-11.717437,2
27839,1.2495961,-8.932676,3.7455091,2
27845,5.4416533,15.953104,-14.249289,2
27849,-3.5028527,17.700296,-12.007185,2
27883,-6.761358,22.130764,-7.75525,2
27885,24.657162,0.23840228,1.695671,1
27889,3.714586,-8.175923,-11.981772,2
27893,20.42764,6.3585696,2.9998357,1
27904,22.533854,1.7267009,4.152949,1
27918,-0.07202435,-10.314555,-18.423292,2
27950,5.833636,-14.366678,5.7588706,1
27958,5.0977387,-5.877461,-10.814279,2
27971,-5.478026,18.440207,-2.892074,2
27976,-20.359417,1.5461715,3.9363313,0
27994,-22.555923,1.2221793,4.693348,0
28000,-0.092061594,12.420639,-5.50573,2
28004,12.259288,3.8723643,-4.577891,1
28015,18.04907,3.1959317,6.235415,1
28017,-5.726865,9.040647,-0.23417072,2
28025,-18.045198,4.5154834,10.370477,0
28027,18.509054,-12.65653,-1.4561659,1
28034,-11.271961,-1.0523217,-8.762948,0
28059,-9.813088,16.95752,-2.4417336,2
28063,8.822122,7.19579,4.929698,1
28082,12.188101,-0.6954929,8.459728,1
28093,7.4193482,-1.2680706,8.818433,1
28110,-19.321466,-6.6813273,6.2437687,0
28114,-2.2679837,-7.1489286,-14.402185,2
28116,22.565502,-2.421394,-2.7152498,1
28117,-15.780997,5.830408,9.05236,0
28123,-2.2576675,-3.845672,4.860906,2
28126,0.74638444,-7.842102,4.1632423,2
28152,5.866443,3.2989328,6.2442894,1
28162,9.802262,5.916943,4.5297666,1
28164,-15.794679,-7.0660553,7.9944434,0
28171,8.59391,-14.47469,1.3190988,1
28180,5.708784,3.0192204,19.652966,1
28184,23.880716,4.4184985,2.5758653,1
28191,-6.7039323,10.843466,2.7266335,2
28195,7.54516,5.729586,4.238221,1
28216,24.90943,4.246621,1.4413432,1
28235,8.889234,4.6498084,7.524462,1
28236,-8.726659,-10.410195,6.321968,0
28239,-10.887967,10.464951,1.2683324,2
28261,6.897849,1.3117971,7.2067204,1
28268,-3.4555488,17.026913,-6.413391,2
28280,5.6000896,-7.6663527,-17.398693,2
28285,-19.017136,-1.6691059,4.911183,0
28308,-2.7573996,10.824145,-0.57637906,2
28318,18.69103,6.532705,-1.1321527,1
28326,-11.128588,-7.895512,2.5122082,0
28351,0.40924153,-3.534192,-6.032607,2
28363,20.440836,6.2894826,2.6447735,1
28371,19.42469,-2.2347407,4.774149,1
28393,9.870357,0.7267511,6.9185944,1
28414,19.499512,-14.269459,2.1767979,1
28422,7.5265784,-6.174091,7.137483,1
28423,-1.4575078,-3.5003138,-8.595935,2
28445,-7.606358,19.940422,-7.6536484,2
28453,12.260582,-15.612641,3.0656781,1
28469,20.268646,-12.401911,2.675745,1
28477,2.2347875,-11.083326,-10.361376,2
28513,-6.768376,19.116894,-7.2736444,2
28529,-0.8522104,-2.9244323,5.685596,2
28562,7.2689633,-15.263547,0.34416658,1
28591,0.25875336,-8.2731085,-20.174809,2
28597,-10.163858,-2.3538787,-9.127835,0
28613,-12.45425,-6.1294165,2.7550287,0
28622,-16.439873,-1.4038413,2.7731025,0
28626,3.176908,-8.713733,-18.548014,2
28637,4.1012645,-10.179221,-17.06544,2
28642,-17.3665,5.364702,7.568614,0
28646,-14.450287,-7.7081423,6.2101445,0
28656,18.681124,-13.336607,-0.9769941,1
28666,5.360202,-7.2135854,-10.069115,2
28667,2.0945134,5.660712,20.418335,2
28675,-1.5403861,18.248121,-7.626283,2
28678,-8.922773,-0.07212416,14.001519,0
28713,3.90874,-8.3775425,-7.3374248,2
28726,-0.90996796,10.115907,-1.8737789,2
28730,-3.1355882,12.739459,-4.221462,2
28737,-18.24787,-6.3600235,7.6016555,0
28738,13.957613,-14.045388,4.3167715,1
28743,-16.943792,-0.1747066,4.6016235,0
28751,9.183172,-15.463876,2.226697,1
28759,-0.4101408,12.469846,-2.8517458,2
28771,10.341731,-14.781611,-3.6603534,1
28778,-11.802227,-9.678084,7.340663,0
28779,-16.57655,5.7810435,8.242985,0
28800,0.08442779,21.412743,0.43201572,2
28810,2.2226596,9.662376,-0.28596973,2
28829,2.9114091,-13.090248,-0.80197686,1
28847,-7.4388933,-7.0866337,-16.52067,2
28855,-2.9542954,-10.611866,22.67291,0
28858,-2.150292,-5.367343,22.77677,2
28876,3.1452603,-10.002302,-9.960431,2
28899,-4.5981355,18.103298,-3.2130675,2
28907,-12.926505,-13.013675,-0.14843865,0
28913,-20.04823,1.0866195,2.7560782,0
28930,11.560265,-15.718232,-3.475238,1
28944,-3.588472,-5.5592003,-4.6683125,2
28951,-4.8613386,18.231342,-5.328694,2
28957,16.504116,-12.316486,2.260955,1
28974,13.72313,-14.4345,4.318061,1
28988,23.90105,4.3263927,2.1239548,1
29002,9.601835,-15.428042,-0.21754621,1
29018,-0.31246382,3.6659582,4.379831,2
29019,1.1458033,-10.654422,-6.9520664,2
29027,-3.9036927,13.306894,-9.066365,2
29034,-14.120558,11.752984,0.34028077,0
29038,-4.741637,-3.4074817,-9.658231,2
29052,3.7436314,17.383734,-13.663678,1
29057,16.670364,4.743987,2.86598,1
29064,4.7236786,-5.9095144,-10.693753,2
29088,6.587368,5.279284,5.8003345,1
29092,1.4190717,9.044303,-3.1952395,2
29096,-10.7187805,-15.104078,3.0592265,0
29138,1.5420425,-10.497378,-16.646448,2
29201,-19.526983,-4.018804,9.179709,0
29203,-6.4083867,-3.2621179,-10.111124,2
29207,-4.8548813,9.609779,0.90960056,2
29210,-1.5955716,-8.434758,-14.058797,2
29213,-12.148244,2.0907395,12.218843,0
29220,6.7104516,0.046410855,7.1744165,1
29225,-10.587084,15.5643835,-2.3664129,2
29230,9.356164,11.169783,6.003471,1
29233,-18.95407,-1.1607456,5.489868,0
29234,-2.4159048,-9.743409,-17.27095,2
29235,7.4886374,5.4597645,7.345918,1
29249,0.17934772,-9.39128,-16.723148,2
29259,5.044728,12.437282,-8.365658,1
29276,9.353126,0.02824454,4.8063073,1
29309,18.048634,-13.4621725,0.60508746,1
29367,2.8300862,10.065507,-3.9990323,2
29381,3.0134203,18.854332,-12.665965,2
29386,6.562649,5.781638,4.0881934,1
29404,-11.839797,16.826666,-5.0991306,2
29412,23.074066,1.6898038,3.9556289,1
29413,2.9122221,15.7184925,-10.818518,2
29425,-7.66942,-9.971027,8.541364,2
29427,0.13812822,-9.557822,-18.139826,2
29437,5.012158,-2.6558316,8.154856,2
29445,6.487762,5.5000124,4.1769958,1
29452,6.0315228,5.1087775,8.245029,1
29463,5.1827545,-0.96137327,7.4051313,1
29465,11.138144,-14.796087,-2.6034904,1
29475,-13.877683,1.1722399,11.643075,0
29485,19.244328,-11.53785,0.8438597,1
29497,16.80354,6.1202064,6.853184,1
29505,-4.6956587,14.855049,-0.25279182,2
29523,-6.2393336,0.17155913,-8.549683,2
29524,6.296513,-1.7045996,8.587151,1
29546,8.52027,7.4709754,4.961395,1
29548,20.797789,1.2821212,3.9021149,1
29559,6.290388,1.8112266,20.67107,1
29562,-13.270937,16.414948,-3.5670652,2
29563,-16.577545,-9.129902,9.379418,0
29568,9.42916,-18.339838,3.3163488,1
29575,-1.227631,18.431967,-7.577609,2
29604,-17.637835,-3.5177987,-0.70809585,0
29610,4.591109,10.416275,-6.5272365,2
29614,8.005476,-1.4715883,6.87889,1
29627,-0.96043473,-10.351326,21.21008,0
29639,-11.775757,19.049728,-3.1000702,2
29645,0.044291865,-4.9566855,25.574419,2
29657,3.932141,-2.042799,-7.612819,2
29663,-14.082815,-5.8628135,4.914782,0
29680,16.742311,-12.746922,2.615989,1
29699,5.0717907,12.47948,-8.698617,1
29707,-6.672266,20.385809,-8.568465,2
29713,2.0206568,-10.723517,-16.484356,2
29719,5.19918,14.903999,-8.918162,2
29721,20.233465,-13.499413,-0.743193,1
29733,11.828179,4.9432673,7.1577773,1
29734,-11.18613,-5.6462264,-11.383799,2
29736,16.294697,-0.6151002,12.310075,1
29761,-11.457978,-5.5629525,-11.4628935,2
29771,12.4661,7.795075,0.3297295,1
29779,8.437407,-12.572679,3.8982577,1
29781,-17.158745,-4.905774,5.8944516,0
29795,-8.618319,-4.946246,-13.239048,2
29831,-19.913153,-7.936323,9.268754,0
29835,13.410276,-14.910336,1.1031495,1
29838,-20.219484,-6.115629,9.164111,0
29847,2.1760075,-0.81562716,9.55504,2
29858,-8.83039,-5.8965187,-15.234509,2
29901,-8.257637,21.47601,-4.5654535,2
29924,-11.288808,-3.505343,-10.895565,0
29931,-15.674318,-1.4145029,-0.18889388,0
29934,9.374701,5.174317,4.9399395,1
29943,-15.474177,-10.666843,-3.1136367,0
29947,16.744633,-12.877988,1.0934317,1
29955,-3.720374,-6.7378235,-15.658984,2
29963,-14.07199,-3.1705208,-9.296599,0
29965,9.323994,5.315311,8.313435,1
29978,25.7433,-0.12794402,2.690034,1
29982,-14.145304,-4.9755583,2.7975178,0
29987,7.270565,7.157688,5.2868342,1
29988,6.5394197,11.821002,-6.2019763,2
29989,20.59858,-12.185879,2.6203876,1
29994,21.153023,5.8344173,2.124743,1
29995,-12.096814,-7.8203955,5.2229385,0
30004,-6.2107525,20.957212,-8.795496,2
30015,-11.6187315,-7.823383,5.975955,0
30029,17.664362,7.863162,5.352888,1
30032,-7.169347,-10.807202,6.8623533,0
30053,-15.92568,-3.9495335,0.4474077,0
30059,3.2302873,4.486141,19.327414,2
30071,12.260981,-14.842001,-0.28009427,1
30104,-9.626254,-6.480828,-11.163299,2
30113,5.032167,2.4481165,8.445053,1
30114,-13.821121,13.588611,-0.6459574,0
30129,14.577589,-14.92104,0.37947524,1
30145,6.907407,6.400297,5.5062094,1
30149,6.9342065,6.7019,5.7468057,1
30164,2.0307732,-9.076843,-14.079645,2
30188,-0.76483345,-10.20252,-13.651969,2
30190,-7.5420046,11.380131,-0.049867515,2
30222,-10.317349,10.423742,1.2571822,2
30224,-5.5487576,0.35414532,-6.0305667,2
30230,0.8122318,-8.682157,-20.69808,2
30232,-9.368782,5.2790523,11.865421,0
30233,0.089954115,-3.1888723,-6.196827,2
30243,-17.020742,-8.31341,7.9390793,0
30246,-19.59379,-1.4842494,4.3690267,0
30261,-4.2699876,-3.9919617,-9.285449,2
30274,-13.159122,16.518015,-3.7592225,2
30293,-13.039931,6.3946404,10.416742,0
30301,-1.9584614,-0.7955409,8.861656,2
30305,-1.2998745,9.817967,-6.934334,2
30306,-3.342181,-2.9495661,-6.851828,2
30335,4.28277,4.7653446,8.715731,1
30343,-13.6858015,2.6768591,7.0519185,0
30376,15.520139,-1.6566004,7.396146,1
30411,22.068697,1.8848274,6.3306537,1
30414,9.030126,-2.3308346,8.1108465,1
30444,11.76761,-15.736062,0.282832,1
30458,-14.5175085,-8.170737,8.432937,0
30469,-7.012687,0.81656533,14.027823,0
30474,-6.088396,-9.02389,-18.42317,2
30494,4.565612,-6.2623706,-10.403535,2
30530,-0.3598735,-10.7125435,-18.205484,2
30534,-14.469188,4.3412166,9.160178,0
30535,15.685303,-14.350146,0.43463284,1
30556,-4.5872207,-3.1613176,-8.275642,2
30560,-2.8456233,12.884247,-4.8322296,2
30601,-21.788382,0.39839453,5.4047217,0
30609,16.50288,-14.436536,0.74868125,1
30652,7.7708125,-8.104126,-17.44574,1
30660,-18.74697,0.62818944,1.1206478,0
30674,23.876925,2.6654336,2.9362745,1
30677,0.7784204,-10.411068,-15.9196615,2
30701,-16.65378,-1.4437113,8.808149,0
30713,3.2218106,-8.760558,3.2344012,1
30717,-8.702953,11.5662,0.042025127,2
30733,3.7252321,-7.432441,-6.9223657,2
30746,19.816755,2.6781247,5.288394,1
30778,-12.0209675,-7.1974983,6.7956667,0
30789,-14.193008,-11.269632,-1.9410763,0
30802,6.0956073,-0.99583024,-0.7688168,1
30807,7.2062383,-1.9586374,1.4682889,1
30833,11.51144,1.6490062,12.0215435,1
30846,-8.803666,-4.6422133,-12.616381,2
30858,2.8118522,-8.824562,-16.382706,2
30874,-10.499858,19.760828,-2.7388222,2
30880,-7.414129,-6.25663,-14.348353,2
30902,-8.952361,-1.9492607,-8.782869,2
30910,12.277979,7.527043,3.550956,1
30927,-7.093743,-8.593071,-11.852585,2
30931,-2.62778,-9.252664,-16.095842,2
30946,17.59582,-3.1978335,-3.4545166,1
30961,4.1029587,17.246952,-11.767812,2
30988,-3.8031409,10.876501,-0.94427454,2
31013,7.721727,1.3737547,19.347586,1
31015,1.849232,13.534872,-8.661704,2
31018,16.50611,-12.168836,2.0471175,1
31024,-16.029345,-4.6347113,1.9924957,0
31059,-4.541251,9.266787,1.7545099,2
31060,-2.8721628,19.392324,-8.670301,2
31064,-12.217766,6.0240245,12.374614,0
31073,-0.10883752,10.870765,0.380488,2
31078,-2.2001605,-10.145459,-14.396704,2
31092,6.8166795,14.695759,-11.665716,2
31097,1.3048126,12.7176285,-4.3275776,2
31107,-6.970701,-1.1185582,-5.021083,2
31109,-22.01567,1.3764337,4.751577,0
31117,-10.995267,1.3757398,12.60944,0
31122,-12.211147,-8.614045,9.075583,0
31124,-8.30896,21.44615,-4.776676,2
31139,9.290269,-7.771697,-17.011559,1
31160,9.212259,0.13778907,4.602305,1
31161,4.4005647,3.252321,19.837278,1
31169,-1.151083,-11.690803,-14.709194,2
31170,24.44656,-0.041098773,3.657455,1
31178,8.56017,-7.2620397,-13.508348,1
31186,-10.340722,-9.636436,7.9672523,0
31205,-13.678134,-2.485987,1.2644392,0
31215,-5.2478595,9.826331,-4.1754065,2
31230,5.2859993,12.118263,-8.496524,2
31232,8.548304,0.21712469,7.433717,1
31233,-7.5644617,-8.824153,4.171847,0
31235,18.136606,-14.289419,0.44115746,1
31236,13.797628,-14.634292,-0.49643928,1
31254,-11.999677,8.186216,0.38671586,0
31264,-7.755347,-2.4822774,-7.8601236,2
31266,-6.790611,18.82265,-6.4421177,2
31283,-0.8883489,-10.444076,-19.102312,2
31287,-12.412351,1.1297541,11.578444,0
31302,-2.1463566,11.759248,-0.61345255,2
31303,-6.446259,18.920305,-4.785458,2
31307,-4.417377,9.669955,0.6232815,2
31350,-10.57665,-6.2052736,-11.086417,2
31356,5.1281986,4.360309,4.0124173,1
31360,-11.440906,-8.669658,10.109815,0
31369,5.6578135,1.6995673,10.5822735,1
31373,3.399611,5.4595785,2.794959,1
31383,14.882914,-11.643673,1.8269092,1
31390,5.9613285,-6.6966753,-12.25169,2
31393,-18.75214,-3.1995173,-1.3760153,0
31405,-2.5102193,20.512568,-7.5875196,2
31409,17.069532,-12.550835,-0.6793018,1
31414,-17.356646,-2.828766,5.759571,0
31422,4.494649,-0.3281302,-10.561811,2
31429,7.920619,-2.196269,10.258758,1
31435,10.3494835,-14.858064,-3.8407464,1
31444,-10.808168,14.401429,-6.659638,2
31468,7.412547,-7.216085,-11.561307,2
31475,5.4559307,4.6287513,3.9749885,1
31503,14.286839,-14.589329,-0.2084683,1
31508,-20.698359,2.5423732,2.2996764,0
31514,-1.4953026,-6.3171034,-4.7704973,2
31515,22.660465,1.4533337,7.105116,1
31519,7.168394,-8.367704,-16.642242,1
31521,-9.349019,11.929843,0.050406948,2
31525,-19.60608,0.35916206,1.6311568,0
31558,6.12243,0.0997073,4.705789,1
31574,-16.90724,-6.7817154,10.222871,0
31575,-1.861513,-3.9194424,-8.682973,2
31576,-13.706845,5.0794506,9.95464,0
31580,5.098993,3.601717,20.519405,1
31584,-11.666895,-8.546336,10.127832,0
31598,-9.396389,-6.2027774,-14.89853,2
31600,15.240434,-0.09532033,9.657062,1
31609,-3.3287592,-13.135923,-13.326467,2
31613,-2.5243473,-9.330638,-16.196922,2
31627,-1.1663781,-6.34884,26.575216,2
31642,18.794523,-11.174065,1.5632408,1
31647,-8.808639,16.678692,-3.0526135,2
31654,-4.873116,-11.785463,-15.383996,2
31663,-0.8352932,-12.721277,-17.296759,2
31664,-0.3074992,-9.052152,21.167881,0
31670,2.282303,5.3513026,9.164321,1
31676,3.1585393,-9.447562,-18.702343,2
31685,-6.381955,-1.8734123,-7.061548,0
31691,-2.7462862,-5.0386796,-14.893151,2
31696,-0.5993333,-2.881915,5.795673,2
31698,-2.0973315,-2.8379743,4.809585,2
31707,-1.0702814,-11.363165,-12.229317,2
31713,-2.9635184,17.850914,-9.541038,2
31721,-9.237007,-9.576085,8.404984,0
31724,5.48145,1.6584336,10.595549,2
31729,22.488316,2.1260464,6.0194163,1
31739,7.092665,15.066317,-13.842713,1
31753,-13.784726,-5.0823193,4.824183,0
31758,18.15951,-1.928143,7.3604746,1
31759,-18.635342,0.5511765,2.8296387,0
31760,-8.568889,1.2438701,14.434241,0
31761,-6.246358,-1.4410112,14.45322,2
31763,-14.639439,-6.3916535,4.6425095,0
31775,3.8745477,-8.366509,-16.714113,2
31799,-18.32081,-0.6771772,4.201307,0
31816,0.14310722,-9.847294,-13.64931,2
31839,11.03541,7.7449603,8.868314,1
31849,4.319933,11.152178,-4.395633,2
31855,6.649789,-11.487643,5.9425554,1
31891,-1.108761,-12.080122,-14.638723,2
31892,-8.597259,-5.349148,-13.124399,2
31905,6.0981407,-12.0242195,-15.16514,1
31971,17.777225,2.0747638,5.7695704,1
31973,-7.8177447,10.79277,0.4564454,2
31974,-0.6731317,10.3026495,-3.384082,2
31979,-19.624722,-1.5285175,4.979033,0
31984,-18.350674,-4.0799913,9.590734,0
31989,6.3068967,-8.8385105,-17.209589,2
31992,-7.6063204,-6.4799137,-14.391578,2
32010,7.168438,-0.999812,8.286521,1
32012,13.512289,-0.22091918,8.037527,1
32022,7.72682,-12.347452,0.19314106,1
32049,-4.025797,18.33066,-12.252559,2
32055,11.152829,-18.20196,2.7441466,1
32081,-10.836394,-6.463887,2.6918993,0
32088,-13.509782,6.344495,10.05172,0
32093,5.0758395,15.372938,-13.015096,2
32123,4.9323587,-7.3980217,-8.015234,2
32163,-1.920522,9.745103,-1.2794665,2
32175,-13.126042,9.230521,1.1634569,0
32177,-3.5305152,-9.874576,-14.758938,2
32183,17.857372,-11.418192,3.1522787,1
32204,4.7734036,2.5386775,5.9978004,2
32220,-16.182327,-4.4555626,2.332261,0
32230,-6.0824547,6.5286283,0.119829856,2
32261,21.188557,-1.2276554,3.1954615,1
32264,15.88964,-5.5682364,0.8036473,1
32269,-2.292694,19.83189,-11.113388,2
32299,20.124914,-1.1836689,-4.307446,1
32312,-17.196072,-1.469102,4.4904833,0
32334,-17.06743,-5.856204,7.6589537,0
32336,-11.574161,-7.989561,10.062824,0
32380,0.021806134,-4.737269,-9.842332,2
32401,-0.7663413,10.550217,-3.336257,2
32413,-16.159399,-4.844801,5.49114,0
32424,-8.617832,8.966067,2.1213584,2
32430,4.8172283,10.418335,-6.545015,2
32454,23.659082,-2.3341901,3.825141,1
32479,3.1568098,-9.681102,-18.860895,2
32494,4.5923276,6.456729,5.9679174,1
32503,7.9167705,-1.07801,6.5849385,1
32526,4.0113072,-1.1507927,-10.96816,2
32589,22.00757,1.0404462,5.2104425,1
32621,-7.2784467,-10.71493,7.1256466,0
32631,-0.17250863,2.6512797,4.2392397,1
32641,26.527832,-2.3047132,4.5569263,1
32652,-14.175438,9.662159,0.9302612,0
32656,-3.9773655,-1.8548069,-5.581058,2
32672,0.03919213,-3.5535293,-6.1100574,2
32704,7.577148,6.7876787,7.931602,1
32722,17.6904,6.767005,-0.6629237,1
32723,2.4089172,12.00162,-7.4080834,2
32727,-13.5869255,-2.8318639,-9.002778,0
32734,-4.779805,-3.6115727,-11.028375,2
32737,-1.9404067,-2.3301623,8.074683,2
32742,2.3954186,4.9845266,19.641481,2
32743,-12.843622,13.855048,-1.4929326,0
32748,-6.3501267,-5.273945,-11.813056,2
32751,-12.488587,-5.9890537,2.7277935,0
32752,-17.831984,-1.0789433,4.4318633,0
32760,-1.9573702,-1.966581,4.89429,2
32763,3.9482388,-2.0856159,-7.515366,2
32764,-2.504552,19.06621,-12.087606,2
32769,4.2082367,-8.2813635,-7.9530025,2
32793,-16.432884,-6.028698,7.574362,0
32807,-1.8608459,-9.694676,-15.128571,2
32827,-0.10390271,-14.047839,-15.89329,2
32831,-11.150478,14.920045,-2.5974798,2
32837,-13.950553,9.875564,0.9062607,0
32843,-0.25803652,10.817063,-6.5737195,2
32848,11.512497,-14.68387,0.7672311,1
32854,-19.765327,3.8418357,4.103024,0
32858,26.957777,-0.233498,2.167717,1
32860,-15.720338,-6.786039,7.8697844,0
32862,-0.82161105,-8.890549,23.075487,0
32873,-2.2275236,19.299665,-11.85992,2
32882,-9.417082,-6.164592,-13.813807,2
32887,2.958185,4.5335836,4.776179,1
32889,-8.440237,-4.1995025,-7.2215295,2
32890,3.1981554,-12.8731365,-0.086195834,1
32905,8.176315,-15.649543,-0.47081274,1
32938,-8.127723,-10.331253,9.137044,0
32968,-11.871605,-7.6577754,5.2825103,0
32972,11.018213,-18.0182,2.5620325,1
32983,18.576506,6.640665,5.9108963,1
32985,-5.8371143,19.19085,-9.762947,2
32993,8.981011,-15.587343,-0.43280208,1
33008,12.005596,-12.464605,4.699574,1
33010,-3.6865742,-10.026138,-17.745592,2
33023,18.023663,3.469852,6.2992053,1
33025,5.3133655,-8.662901,-16.209955,2
33065,26.298262,-2.3773634,6.269255,1
33068,9.998167,-1.5531389,10.2665,1
33078,15.990223,5.888866,3.890926,1
33081,-15.322435,-3.3489661,5.8286505,0
33089,4.3576927,16.643824,-10.886526,2
33092,10.302002,8.614767,5.1305776,1
33105,-8.28719,18.863733,-3.1943734,2
33108,0.07829169,1.7390559,10.009731,2
33112,2.526098,-9.704673,-15.666014,2
33119,-1.961609,17.509512,-12.16279,2
33127,-4.359391,7.7836814,-0.7743032,2
33131,-8.60503,19.896463,-8.332651,2
33143,-10.613208,15.262596,-2.9232845,2
33171,6.6755085,11.017041,-9.095862,1
33187,0.017670223,10.428612,-1.1447381,2
33222,22.58596,-1.0928469,-2.5212135,1
33239,-4.5816274,18.234509,-5.595986,2
33248,0.9967867,-11.3997755,-17.306614,2
33290,-11.247909,3.4245534,11.25853,0
33291,0.96549314,-11.6814575,-17.210268,2
33296,6.6653996,5.984719,5.6025186,1
33297,16.6383,-11.72928,2.2514741,1
33298,-17.492058,-1.9482119,7.0443745,0
33308,-20.982656,1.9332654,2.1094692,0
33310,-13.524319,2.3654022,10.081675,0
33332,3.1264908,11.298341,-6.219877,2
33339,16.39548,9.712239,7.2957196,1
33364,-6.351205,-1.8227708,-6.99464,0
33366,19.319485,-13.386677,0.15527068,1
33381,11.891844,-16.811451,-0.50433064,1
33394,2.216504,2.2637184,7.7957706,1
33396,-8.421533,-5.208552,5.9197745,0
33400,-4.0763516,-4.508096,-9.090108,2
33402,18.63891,7.225065,2.939613,1
33413,2.5042014,2.7404916,10.0660925,1
33437,-13.153625,-2.6602747,7.179297,0
33446,13.464564,2.0155728,8.615283,1
33447,0.13664278,11.865285,-6.9340386,2
33461,5.069656,10.915985,-2.9376984,2
33466,15.006628,6.2709355,4.451398,1
33474,8.870098,-16.037716,4.1642356,1
33481,2.3517432,0.6607282,8.356075,1
33499,16.428814,-0.7131284,6.494298,1
33533,7.8933015,-11.512546,5.026591,1
33536,25.054636,-1.8977404,4.1072006,1
33540,-1.0567477,16.108435,-12.738903,2
33582,0.3445788,-10.2261505,-7.287859,2
33583,10.573025,-2.0642114,10.660045,1
33594,0.83379143,-11.893075,2.044947,2
33601,-7.0635166,1.631133,13.517305,0
33604,14.06526,-13.679017,3.196769,1
33618,-11.856651,-3.8527524,-9.083895,0
33638,20.355251,7.5139403,1.2404337,1
33640,8.297885,-13.221659,1.6498572,1
33653,2.452532,-6.401976,-9.17076,2
33662,-5.4978056,-11.199383,-15.735968,2
33666,-7.74744,17.661716,-7.731413,2
33668,1.0236583,-7.943167,-7.0023813,2
33711,2.3399348,-10.697095,-10.312667,2
33714,-12.245822,17.722622,-2.9644456,2
33718,20.36772,6.434478,3.1177104,1
33722,0.23963699,17.20441,-8.452406,2
33723,0.27303752,11.228199,-6.8480954,2
33729,14.368402,9.176806,4.511376,1
33762,-9.108607,-7.7940135,-15.168702,2
33764,2.5563529,-2.4320283,3.6692345,1
33777,-1.1690453,-12.363335,-17.293472,2
33802,23.280972,-0.525018,-4.328123,1
33807,3.9489803,9.715419,-5.1794004,2
33816,13.136972,-10.539081,4.030087,1
33827,-10.632197,16.396639,-3.8272479,2
33830,12.971566,-10.089522,3.5976536,1
33834,-4.7308908,8.990451,1.747657,2
33841,15.345102,0.055162407,10.702128,1
33848,0.3969781,-4.857085,-10.0141945,2
33851,-10.827836,-8.76184,5.2251287,0
33863,-10.312908,11.093759,-0.49601895,2
33864,23.043257,3.1754997,-1.7083223,1
33882,22.928143,2.7759306,-1.911935,1
33886,26.641285,2.1453476,2.5543966,1
33894,3.7995732,-11.904112,-17.30109,2
33898,-7.420752,-4.117144,-8.562959,2
33918,-16.424625,-1.4889091,2.8153574,0
33948,-0.98317814,-5.3693447,24.208258,2
33954,-10.541374,-9.076207,-7.0882664,2
33974,-13.776491,-5.4254436,4.919664,0
33975,-20.589733,2.2617922,2.3898447,0
33976,18.309162,3.1411736,7.8500237,1
33985,-9.89421,18.02495,-3.363227,0
34035,-12.796653,15.873149,-3.8053935,2
34037,-6.9803543,14.371698,-0.11268652,2
34055,-7.1215887,-8.790257,4.1499796,0
34058,3.015479,17.401592,-6.8472714,2
34065,-20.927528,1.9750977,5.1391635,0
34079,-9.040292,11.582688,-0.8092244,2
34080,-12.102693,-12.73865,-1.8425219,0
34081,-4.867361,9.217661,-2.6249125,2
34083,-13.991398,4.340095,9.529632,0
34092,-5.736092,0.039025847,15.222412,2
34097,-9.215941,9.366724,0.41242713,2
34099,2.3679368,-9.323175,-16.047634,2
34106,-15.116228,-4.170527,6.1341753,0
34112,-19.834843,-3.5363045,5.6696033,0
34116,-20.013313,1.3176503,4.17722,0
34126,-17.184555,-7.506572,6.197007,0
34135,11.107969,-15.181794,0.62468207,1
34143,7.36616,-7.156066,-19.944338,2
34153,11.98901,8.683331,4.341449,1
34166,7.3731837,3.8343103,8.69323,1
34167,2.7405028,10.130229,-4.08834,2
34169,-2.674745,17.850855,-9.736237,2
34172,11.85645,5.152259,5.8445096,1
34184,10.434277,-7.666625,-16.7086,1
34186,0.5188261,7.310773,-7.8800526,2
34187,-19.585936,1.3504456,3.256164,0
34216,15.179083,-2.2907732,9.81927,1
34226,-14.582915,-0.95209,0.48071706,0
34257,7.3469305,11.338247,-7.599508,1
34259,1.5897723,9.393043,-3.9388149,2
34272,-7.304556,-11.045156,8.7864485,0
34273,-5.947057,-6.9398236,-7.3908405,2
34277,23.640665,2.662037,4.1783996,1
34298,-0.8455882,-6.036976,23.44976,2
34302,16.16341,0.7166414,7.467311,1
34312,18.20592,5.9843836,6.4312215,1
34331,9.14751,-12.583226,3.1230557,1
34337,-17.110144,-4.8592386,5.883291,0
34342,5.758229,-7.494173,-9.464158,2
34354,4.655953,-6.8170176,-11.580881,2
34370,18.63628,-13.536327,2.3646083,1
34402,5.84499,4.974358,8.495665,1
34411,1.9375681,-6.8709774,-14.842098,2
34420,2.06606,-0.12905028,8.60097,1
34452,4.5033784,16.696796,-11.1735735,2
34457,3.287259,10.96328,-6.120719,2
34475,7.0197716,-12.418934,4.854482,1
34495,-18.213318,-2.3986359,6.2752976,0
34504,-8.386569,3.387462,13.7632265,0
34508,-13.558704,-2.6280644,1.3991661,0
34512,-14.794021,10.621472,0.3340551,0
34515,-9.358202,-7.7237525,9.50865,0
34520,9.099808,4.0951843,7.0431666,1
34521,-17.378857,5.406155,7.446905,0
34526,-13.584064,-4.2631254,-9.696072,0
34546,4.9994636,16.53004,-12.78545,2
34548,14.711723,-15.132692,3.204619,1
34558,0.47333622,15.539374,-12.539944,2
34566,12.721085,2.5183914,12.29264,1
34573,-17.506388,-2.9260168,2.5802054,0
34581,7.0234528,5.0443134,7.320729,1
34600,-5.8196015,13.966398,-7.4787483,2
34606,-7.6153316,-2.2219028,-7.177934,0
34609,-5.79487,-12.2966385,-15.634754,2
34627,4.183004,3.2285872,20.027374,1
34630,10.592547,0.9305446,12.407977,1
34635,-19.036093,-3.474869,7.40685,0
34636,2.8937356,0.1292102,4.5156627,1
34646,0.058592256,-3.1818483,-6.156388,2
34654,-5.4098477,12.072376,-1.243638,2
34662,-7.67258,-2.4723082,-8.019966,2
34679,-6.562592,18.786316,-6.124539,2
34680,10.26053,-15.585606,0.021475298,1
34688,-5.4776263,10.27523,-2.4562752,2
34707,4.6350904,6.7618103,3.4974594,1
34713,4.962429,-9.54765,-11.542273,2
34714,-1.4670054,-5.176958,25.388334,2
34717,3.1544833,-9.881133,-19.147947,2
34718,-10.330433,16.024837,-5.3166246,2
34735,-5.927866,-7.314178,-16.022217,2
34742,1.9489677,-10.94938,2.6208458,2
34745,-4.3737516,-10.9717,-13.393915,2
34750,-13.881448,14.974061,-3.1129591,2
34753,7.9225054,-5.95997,-10.725263,1
34754,-7.1103888,7.2627125,-0.6286561,2
34757,-11.2555,-8.898942,8.828416,0
34780,-14.96825,10.863412,0.030239765,0
34783,3.3435366,5.434847,2.8571057,1
34809,13.767018,2.0287383,8.401271,1
34820,26.983416,-2.0997288,4.3689694,1
34821,11.329973,2.706852,10.61269,1
34836,4.358488,-9.819338,-16.66601,2
34843,23.830574,4.66948,2.616239,1
34844,3.2615128,-9.47309,-10.182167,2
34849,-12.695767,9.1963415,0.9818038,0
34862,-7.041395,13.894399,0.23513335,2
34863,1.8179629,-2.8852613,-9.051439,2
34887,4.48593,-6.0641546,-12.930786,2
34897,-1.79484,-9.886308,-17.061563,2
34915,19.749964,-14.47453,2.1299672,1
34925,-10.533635,-7.4013658,-0.02833223,0
34926,5.937382,4.898063,4.0175076,1
34927,-11.448437,-3.5447335,-9.753424,0
34935,25.73096,2.346665,1.8715726,1
34939,6.42084,-6.9175153,-13.191149,2
34946,-5.5014696,19.327442,-7.6619625,2
34953,-11.55358,-7.3983345,-12.570763,2
34959,5.2314196,10.483779,-6.885007,2
34966,-3.411085,16.755728,-6.417099,2
34971,-10.254786,13.170212,-2.340798,0
34973,-7.624789,21.327536,-9.786316,2
34996,1.340527,-8.21007,-6.9312696,2
35001,15.124836,0.07960773,9.499784,1
35005,-2.7207303,-12.448611,-16.617538,2
35010,-6.0162606,-3.2321386,-7.7364683,2
35045,24.948896,-2.4475675,6.245049,1
35057,1.6156532,-8.492996,2.4269087,1
35063,3.3515587,8.052085,-2.7454753,2
35065,-17.23293,-3.509988,-0.80055887,0
35067,10.64047,-11.922503,4.1745825,1
35068,-1.4335872,-12.105487,-15.1702,2
35076,1.0022874,-11.736601,2.1171882,2
35077,5.635482,-0.19042897,7.220822,1
35078,-1.3630047,-10.260537,-14.233177,2
35094,8.664161,-7.355226,-15.632062,1
35099,2.120392,-1.1223427,4.4292703,2
35101,22.533615,0.763151,4.898772,1
35117,24.292881,-0.23514396,3.6375327,1
35124,19.776285,-13.983732,0.91356015,1
35130,-17.713497,-2.2113562,2.7314157,0
35139,-3.538118,-3.6765063,-6.446128,2
35148,23.513515,1.4877207,-2.1665568,1
35161,6.5654097,-6.890506,-13.34998,1
35164,-4.124657,-3.2129476,-7.51849,2
35171,2.7460883,2.575814,5.0132055,1
35172,6.8884525,7.0956225,6.957238,1
35181,4.2888827,-11.337047,0.46219265,1
35193,9.270527,7.3992662,5.043594,1
35195,-2.740241,-2.205465,6.866655,2
35212,12.373381,9.757952,6.2086883,1
35225,-11.716418,-0.44647664,-7.4372983,0
35252,8.063468,8.959933,8.934271,1
35258,18.396818,-14.4888735,-1.0509709,1
35262,10.265132,-7.807225,-16.406984,1
35271,10.975864,7.786,8.727727,1
35297,-9.216395,2.6922915,12.258488,0
35333,-18.317839,-1.1879331,6.8388743,0
35341,1.3449024,5.320643,20.390789,0
35353,-11.746204,-1.1850561,-8.578887,0
35388,-0.8116983,-5.572268,24.047213,2
35389,-3.5388093,-12.141982,-15.555669,2
35406,-4.72974,-6.0290713,-7.0956464,2
35418,-7.7539334,17.848566,-7.6187425,2
35423,-4.9816933,18.54016,-7.628983,2
35456,3.758034,14.383629,-11.588473,2
35463,4.6188607,15.216655,-12.995489,2
35504,-1.2034843,-2.9050267,5.931441,2
35509,5.671926,5.6770444,3.9480278,1
35511,0.22011647,-10.718462,-14.078136,2
35537,16.479717,-0.9278519,10.630744,1
35552,1.9926792,18.171566,-13.146706,2
35556,7.3515205,14.228031,-12.086905,1
35590,16.006905,0.5176417,7.642205,1
35601,-8.393613,-1.2811416,-7.739116,2
35613,2.2101636,5.6598215,9.250728,1
35614,-11.265131,-6.654838,3.1413739,0
35623,8.462536,-13.831257,1.1077374,1
35624,8.474729,3.0539813,6.9834666,1
35629,-12.566602,-5.569463,7.041917,0
35632,4.349674,3.4443636,20.8039,1
35633,25.125494,3.7212305,1.2939419,1
35634,-5.364899,8.210707,3.7428205,2
35678,-2.1720028,-1.9680562,3.9214044,2
35692,2.1806858,12.797323,-9.483587,2
35693,-5.6701527,20.75522,-7.617013,2
35698,-9.112269,-8.310784,-10.385308,2
35709,5.9065785,-2.4115193,9.67983,1
35712,-9.190464,2.2934134,11.241797,0
35723,6.3350306,0.17727654,4.5016317,1
35726,8.764038,5.4987764,9.255086,1
35729,-20.816122,2.7810013,4.492179,0
35744,14.793527,1.9332287,11.103683,1
35746,12.808851,7.5904403,7.557422,1
35749,0.86543506,-2.1823301,4.816138,1
35752,-1.6472573,-7.4341717,-9.2535095,2
35772,21.310268,-1.3719586,6.90749,1
35773,15.356928,8.638224,2.7246718,1
35778,4.0596027,-5.791222,-12.6238575,2
35783,15.39542,6.7658153,4.6217346,1
35784,7.623616,-15.161089,1.9898764,1
35793,-11.922684,-2.3305182,-10.215129,0
35795,-8.828366,18.039112,-8.376761,2
35800,-3.321825,-13.05054,-13.266777,2
35804,-11.460601,4.504176,9.6858015,0
35808,10.342428,10.2614155,7.4880333,1
35809,-3.0971317,19.31855,-8.573429,2
35813,-9.98875,-7.909707,8.633687,0
35818,4.7560306,-9.33686,-16.148186,2
35830,-1.6793218,8.855764,-2.3363101,2
35833,0.8962514,2.8249667,9.389931,2
35838,4.698293,-10.63207,-12.804166,2
35850,9.538126,-16.361532,2.2938585,1
35863,2.58153,16.613985,-12.885245,1
35867,4.923458,4.922751,4.1196833,1
35869,-2.8050346,7.340526,-1.5875442,2
35885,-8.532484,17.095673,-4.4331183,2
35889,22.418026,2.2483778,5.4561615,1
35892,-7.1531377,-10.987184,7.595371,2
35897,-8.657098,17.20943,-4.3928056,2
35906,5.613921,0.3085688,5.253393,1
35908,-8.152531,-9.668002,8.932116,2
35919,19.810205,5.409748,5.396718,1
35930,24.7964,-2.459841,6.209899,1
35934,7.3429694,-0.28751725,10.239089,1
35935,-8.975269,-1.1693736,13.638885,0
35949,11.555635,-15.632882,-2.879477,1
35954,-0.48066622,-10.181961,21.625626,0
35969,-11.149854,4.283678,9.913319,0
35977,14.807557,5.488336,6.889749,1
35986,0.77014625,-9.615461,-7.77905,2
35989,5.731934,-11.2228985,-17.454863,2
35992,-13.099656,-13.032627,-2.7501519,0
36006,-15.93027,-6.325312,10.454993,0
36007,-1.1952629,-10.68484,20.908314,0
36009,-8.820613,16.62715,-3.1322994,2
36024,-12.62083,-5.64106,6.797632,0
36028,6.0957017,-0.11836951,9.245758,1
36039,-16.129847,-12.817514,-2.9041736,0
36046,-0.24293351,2.4454918,6.8173523,2
36053,5.645419,-5.964732,-12.902383,2
36060,1.343146,-7.1719456,-7.077678,2
36072,-4.7321095,-5.7495127,-6.695948,2
36080,3.6225634,10.7584715,-11.024925,2
36081,6.5885954,-6.02888,-9.414306,2
36084,17.628345,-1.0438182,5.5973744,1
36093,0.7836248,-9.142679,1.5348523,1
36095,-8.914689,2.638308,12.499162,0
36097,-12.945465,16.174778,-4.737334,2
36100,15.381239,-0.25973955,10.207876,1
36103,-6.0372076,-6.996297,-7.487261,2
36119,-18.850475,0.9190054,3.5510852,0
36127,25.324944,-1.7674419,6.83276,1
36141,-6.957416,10.731598,0.3930845,2
36150,2.9003718,-12.200063,-15.288903,2
36162,-11.696076,-6.5821595,3.306009,0
36184,-12.518544,-5.008452,8.988368,0
36190,11.78444,3.518749,10.568734,1
36194,-20.14972,-1.7055322,5.2531977,0
36218,-12.569914,16.018518,-4.9649715,2
36252,-11.418271,-3.4357986,-10.574639,0
36258,3.9652498,-4.4867473,-7.947139,2
36281,-0.83205587,-6.225215,23.376984,2
36284,-9.988355,-2.8021443,-8.520471,0
36285,-1.4554131,9.821323,-8.042382,2
36287,21.11577,4.9148564,5.015992,1
36289,-1.6331023,-11.064708,22.815203,0
36317,9.096982,0.7124641,7.2854056,1
36324,-7.1734486,0.24717192,13.863094,0
36327,-18.28183,-3.8858387,9.614375,0
36330,2.8980846,-5.1674156,-10.099939,2
36337,-12.713341,12.489408,-1.8601525,0
36365,-16.917624,-4.628165,5.769078,0
36366,-2.6604552,-5.668597,-9.852025,2
36377,-7.668832,21.31757,-9.878374,2
36382,-0.5672093,-9.885208,21.590237,0
36386,-7.4912834,14.536386,-0.45441,0
36391,-1.7551986,-1.1846607,6.1473966,2
36402,25.72857,-2.0952137,6.4782667,1
36413,-0.2585788,-11.912604,-7.764992,2
36414,-0.9569841,-3.62917,-8.278206,2
36426,5.3255696,-7.583773,-8.506909,2
36433,-13.3822565,-13.112741,-3.17261,0
36470,9.09897,-17.32351,1.2758495,1
36481,4.114165,-11.80887,2.9008865,2
36507,-11.750674,-3.227877,-9.800873,0
36518,22.820124,5.3653226,4.571427,1
36531,18.054829,-0.7790595,7.8165283,1
36542,-10.269126,10.988948,-0.39054546,2
36553,-2.0775926,-2.79223,4.772225,2
36562,-1.0375426,-8.1900015,23.096191,0
36567,-17.351994,-2.5898032,9.961396,0
36569,3.7142162,11.322112,-7.2837567,2
36571,6.893229,8.154193,4.7729917,1
36574,6.528652,0.22420362,7.0720973,1
36581,-13.476038,-2.878112,-9.043974,0
36605,-1.3629299,-0.9668618,-5.7783957,2
36630,8.71904,4.816931,7.7927656,1
36652,4.067793,3.892002,21.57766,2
36657,4.3477726,-8.630483,-11.131988,2
36681,15.988324,0.35115087,7.819095,1
36683,-9.367743,-1.0225111,-8.68115,2
36684,1.3726156,-1.7534727,8.574055,2
36688,9.106608,-13.781677,3.5518613,1
36694,12.741979,-14.665765,2.626076,1
36706,-9.828274,-5.9032125,-10.759581,0
36717,-20.325943,3.5237348,4.3184977,0
36733,-4.2862277,16.753044,-7.2692533,2
36752,14.0608635,-16.982918,1.3947479,1
36765,18.322052,-11.550692,3.7670922,1
36778,22.46646,1.0289267,-3.2472787,1
36784,2.3287714,-0.73528486,9.2304125,2
36801,-5.427579,19.994333,-9.677314,2
36824,1.419258,-0.71082234,8.092278,2
36840,-8.939777,-10.072584,9.418152,0
36847,26.598158,2.4061122,2.5836117,1
36852,0.37404752,-6.4307704,22.58556,0
36862,-16.456547,-1.7200245,9.423155,0
36877,7.3691616,-0.34006763,8.8989935,1
36881,11.782139,3.5431488,9.653816,1
36919,-11.823796,-2.1992714,6.2309422,0
36927,-7.1909223,14.0678835,-9.249678,2
36934,-12.621277,-5.464343,7.560525,0
36937,-8.522854,19.828714,-8.292256,2
36954,11.670183,1.8040496,11.559153,1
36973,3.2605617,11.101883,-6.346634,2
36990,-11.831379,13.439406,-2.6809595,0
36993,24.224445,1.4708382,3.7251215,1
36994,14.336832,9.156881,4.5833387,1
37003,-10.524791,-1.5594981,-8.058021,0
37004,3.495428,-8.133975,-12.17745,2
37006,-9.636948,-7.9513397,-10.553454,2
37015,11.04032,2.3160574,10.792957,1
37045,7.9622645,-15.324381,2.213965,1
37057,0.99319917,-3.7826982,-5.846739,2
37061,-7.9534373,-6.735382,-14.265151,2
37073,-6.3961754,20.349176,-8.836647,2
37081,4.759495,1.0737076,10.845797,2
37095,-4.2828455,14.173685,-9.209216,2
37096,-6.3024364,-4.3111796,-7.578678,2
37122,-11.477161,-1.7233937,2.780918,0
37125,5.151005,15.007388,-13.463293,2
37134,4.045586,2.3813035,5.417706,1
37149,-10.021277,-6.9767275,-17.35513,2
37155,-2.1751099,-4.7076154,-8.2815695,2
37161,-7.2294164,14.2010565,-9.005789,2
37162,-10.560772,-7.5367637,-0.07261981,0
37171,-0.67099285,-12.824979,-17.160286,2
37174,-15.80684,-4.0780115,2.404098,0
37180,15.483608,-15.951874,0.44240722,1
37192,-0.6455405,12.685319,-7.084502,2
37197,-8.362862,21.578209,-5.069632,2
37207,-4.5135775,15.121583,-12.132816,2
37212,9.983781,3.5057862,5.7244935,1
37224,3.2940493,0.64064217,4.6144643,1
37230,6.6986413,-8.2285385,-10.114699,2
37250,-13.288104,9.111126,-0.32897413,0
37277,20.441706,-1.4424924,-4.1356697,1
37280,-0.13268636,-8.982553,-9.04947,2
37290,-13.018249,-7.323569,-13.304177,2
37297,18.631714,-1.2903612,9.378949,1
37305,15.439558,-13.498063,3.5123258,1
37316,-9.625521,-8.271712,-15.540785,2
37333,-7.5581517,10.129022,-0.157091,2
37341,-15.348258,-5.8413672,9.123819,0
37343,-6.0476813,16.060907,-5.989527,2
37354,-10.672311,-7.184708,8.155357,0
37372,-1.1112647,-9.208688,23.073408,0
37380,11.170397,-13.248938,3.9456415,1
37384,0.62715656,-5.8943176,-8.095787,2
37391,-14.734772,14.58016,-1.4052261,2
37403,-5.9753747,-4.1360636,-7.869923,2
37422,1.075361,1.3119682,5.7219834,1
37443,-1.5148752,-4.948185,-4.2625456,2
37456,2.613343,2.7976494,9.890015,1
37479,-5.7752275,10.707267,-2.3909574,2
37481,-4.252822,-3.7720141,-6.4447827,2
37487,-2.2007854,9.501784,-1.1174176,2
37508,13.010282,-17.719477,0.6877345,1
37511,-16.173738,-2.93713,1.6406518,0
37536,-10.432629,13.107208,-2.6442308,2
37549,-1.4574084,8.789301,-2.5350084,2
37561,11.877539,3.3519201,10.543265,1
37570,-12.410234,-1.8635457,2.5431268,0
37575,-10.1061,-1.7227635,-7.0737824,2
37586,-5.435533,14.139748,-6.773864,2
37590,-2.1637464,-12.438752,-15.565821,2
37607,24.045673,5.1166167,2.901387,1
37613,10.526055,7.982886,5.656799,1
37651,23.602297,0.37343737,7.965387,1
37658,18.731287,-1.2226989,9.295273,1
37660,-9.492694,0.762528,12.184409,0
37665,-14.921384,10.773855,0.5301459,0
37685,11.418147,3.226085,9.189433,1
37688,7.516896,-9.193162,-10.510818,2
37697,-16.869856,-2.3281217,9.775987,0
37706,-1.8120797,-9.968327,23.203459,0
37713,-2.5513415,-5.48166,24.72044,2
37716,0.47960308,10.820573,-6.7804728,2
37727,9.442623,8.481213,7.3820105,1
37728,-4.061113,-3.2134569,-7.3347964,2
37729,-12.738287,-12.934248,-2.2927413,0
37732,-5.9380555,8.378072,-0.4174811,2
37734,-16.59956,-10.406539,-2.8017876,0
37740,3.3113637,-10.606121,-15.374308,2
37749,-2.312701,-13.343693,-14.586736,2
37769,-9.599048,16.757519,-7.975884,2
37785,2.3057287,2.4319382,7.9447308,1
37789,-2.6542737,20.188091,-11.269629,2
37797,6.4674954,4.089118,10.245482,2
37800,1.9427562,-1.3434671,4.4883738,2
37807,-4.7137923,-4.0694265,-8.888239,2
37811,3.0802722,-6.649431,-9.601968,2
37832,-6.108311,-7.239232,-12.416982,2
37853,0.3838239,6.4568563,-3.3789644,2
37854,3.3715231,-5.1008787,-10.018693,2
37860,2.7932801,10.573862,-10.784896,2
37868,5.7334924,11.692216,-8.32975,1
37873,4.680507,15.264412,-14.157913,2
37883,0.8978236,-10.745025,1.0806421,2
37885,20.893408,3.551093,7.103339,1
37902,-2.702401,18.193117,-8.098195,2
37918,7.3833365,2.447707,20.491861,1
37939,-13.169836,9.827634,-0.57473814,0
37941,-5.922298,16.143543,-6.1529946,2
37956,6.2520003,-0.11300615,7.586822,1
37957,19.737427,-15.214722,-0.11149811,1
37979,4.055936,-10.597942,-14.59767,2
37986,22.350864,4.0638885,7.537781,1
38003,24.614016,1.4342543,2.7081792,1
38014,-8.870271,9.61316,0.2673356,2
38018,7.349444,-15.483385,4.1976485,1
38026,1.2297221,9.402561,-10.487566,2
38028,21.629622,-0.2654714,4.007228,1
38036,-16.477325,-10.351844,-3.0030313,0
38039,-15.878929,-4.105014,2.1796324,0
38041,8.389757,-1.8527112,7.71846,1
38047,-14.651232,-5.397456,7.8900886,0
38054,-3.91588,-4.7579746,-4.2213345,2
38056,11.796275,6.6914473,7.536884,1
38060,-7.3790574,-3.4041445,-8.252601,2
38082,-8.481694,5.025451,15.454306,0
38086,-12.650665,7.1455636,9.451658,0
38106,-9.355715,-6.864882,3.121798,0
38111,-11.112865,15.071396,-3.5151334,2
38117,-0.421994,-3.78051,-6.2015452,2
38148,-7.8786955,-4.5479636,-7.0658636,2
38150,-11.247286,17.733582,-5.503333,2
38152,2.6328855,4.427824,5.854782,1
38153,7.530987,14.594223,-14.359037,1
38162,-1.1927742,-9.595025,-6.353928,2
38177,-6.7550426,18.64459,-7.196244,2
38187,3.667898,15.866497,-12.56575,2
38189,15.845111,3.1343665,6.3088083,1
38190,-15.828059,-2.8057177,2.2431056,0
38215,18.336788,8.704158,7.667645,1
38223,5.5822425,-6.700404,-11.525846,2
38226,-12.613486,-1.6750041,2.4760756,0
38230,13.025338,-1.1594101,11.399164,1
38245,9.576536,-7.0596466,-14.3789625,1
38248,-16.67654,-4.822479,6.403076,0
38254,0.78217715,-10.923423,-16.855001,2
38265,9.075727,-13.913965,3.6801069,1
38266,3.566197,15.12241,-11.675874,1
38269,2.167464,-10.822739,-16.296701,2
38292,26.110415,1.1682653,4.824221,1
38295,6.890921,-9.131681,-15.779927,2
38303,-0.76482695,7.884016,-5.5292883,2
38315,15.827299,1.8959585,9.766754,1
38324,0.9897218,-7.219875,-9.801716,2
38347,-6.7359505,8.228675,0.581564,2
38354,-11.680114,11.154183,-0.624174,0
38361,4.2745237,2.994567,5.6931725,1
38372,16.660599,4.4576106,8.638586,1
38393,-5.836563,9.085024,-2.7856896,2
38407,4.3025684,-10.562764,-16.860611,2
38418,0.20148182,-12.488706,-17.137157,2
38421,-1.3781753,-6.4318666,-8.611146,2
38434,3.8141787,-7.6571784,-10.187939,2
38435,-9.726717,19.440641,-6.251984,2
38444,8.442479,-17.86541,0.4128679,1
38461,-1.8685135,-0.966835,8.411308,2
38476,13.053225,7.382241,6.5300665,1
38478,1.7006608,-8.381899,-11.120806,2
38479,7.8659596,-7.3248715,-14.935605,1
38481,19.407177,7.3403373,3.486233,1
38485,-8.518264,-5.88859,2.2525117,0
38499,1.1455423,17.959364,-12.616816,2
38505,-0.14764485,15.336961,-10.129124,2
38508,-3.1127026,-2.055317,6.9678316,2
38519,25.221558,2.4843514,5.339104,1
38520,-12.3355055,5.029741,8.700795,0
38527,-11.325216,-12.899458,-1.8021444,0
38529,4.8175445,1.0945036,10.899357,1
38558,-5.2204423,-2.89335,-6.8358035,2
38562,-16.741299,-6.573843,10.262839,0
38566,-8.507154,-6.291429,-11.612969,2
38591,23.470337,0.41229305,7.8304324,1
38592,12.962299,5.327421,6.579675,1
38600,-1.2400117,-9.45343,-6.3529606,2
38608,-9.561501,-1.2293174,-6.240251,0
38626,3.688403,-5.6106486,-12.729191,2
38658,3.710875,-11.623085,-15.056976,2
38666,4.1669903,-4.376353,-9.088706,2
38671,-6.942789,-3.4396822,-5.600942,2
38687,4.7719913,-4.6518755,-7.766853,2
38689,20.781218,3.5624783,7.136976,1
38697,-10.486251,-8.237682,-13.97874,0
38700,0.21913192,-6.31299,22.908316,2
38709,13.843409,-18.126087,1.1303189,1
38722,18.10037,-12.738971,4.196169,1
38726,9.8876505,-16.209387,2.6796148,1
38728,7.8005943,13.736348,-12.643082,1
38764,-8.759822,0.6426125,9.309384,0
38774,26.783758,1.0026474,5.606993,1
38793,-5.080001,7.665773,-2.1022623,2
38822,-19.49156,1.9065967,2.063018,0
38842,-10.498646,-9.178691,-7.105646,2
38844,9.203352,5.0718827,5.5239244,1
38865,-7.421603,-9.878486,8.058663,2
38881,-17.362143,-1.1028668,4.6015143,0
38894,2.433514,11.019608,-10.154075,2
38904,1.2343161,18.050415,-12.316594,2
38909,4.28516,5.2056646,7.275142,1
38911,7.6834373,-8.85,-12.984632,2
38919,-2.472818,-2.794921,4.108997,2
38920,19.036535,-0.118669346,9.74577,1
38924,-1.4862707,13.495356,-5.585498,2
38928,12.529454,-0.23822679,11.095802,1
38934,-9.108655,1.8399484,8.625265,0
38935,-8.030759,-3.9041471,-9.431196,2
38949,0.9876583,-2.7533145,5.6854773,2
39011,-13.067945,-1.7984257,-7.511395,0
39016,8.729157,-7.377455,-13.360544,1
39017,-7.2919602,-11.059982,8.865251,0
39045,-1.0187372,-8.627737,-8.729341,2
39046,-2.998441,-13.1129875,-15.187045,2
39059,4.8655753,-7.2835813,-12.30621,2
39064,17.687456,6.071754,9.051244,1
39070,-9.368776,19.024628,-5.6397896,2
39079,-19.477942,1.1674162,3.3254168,0
39093,-10.013963,-7.8816013,-14.473215,2
39096,-10.671424,5.0481925,8.990921,0
39108,-0.0038007435,11.833963,-10.421285,2
39125,25.04363,4.0338016,7.0239496,1
39131,-11.496348,-11.773139,-1.0128304,0
39137,-2.3345172,-1.0507302,7.530314,1
39149,-19.618605,-3.5839467,6.698042,0
39152,4.1805587,14.778968,-11.864613,1
39159,27.262962,2.5891209,2.657946,1
39160,16.95492,9.699585,7.9073167,1
39169,3.2015128,-8.299652,2.041445,1
39176,-10.020048,8.734172,0.50930667,0
39182,-11.566817,-2.1234314,6.3584957,0
39183,8.477577,-6.5274153,-12.137888,2
39184,20.551872,-13.641913,0.30939326,1
39190,-19.437622,-3.1166053,7.536584,0
39197,12.550965,0.079592295,10.927904,1
39203,4.248773,10.344479,-6.525225,2
39204,-9.07401,-6.227485,-8.999217,2
39206,16.989761,-0.20482354,8.271394,1
39209,-13.08038,-0.9440856,5.59216,0
39210,-2.4183285,8.806076,-0.062160473,2
39226,3.2388873,1.6201406,2.999002,1
39235,-5.835748,7.8834596,-0.25589558,2
39240,-0.9190964,-3.9113326,25.76459,1
39241,5.719735,-10.50794,-17.165785,2
39242,-6.0407276,15.170642,-7.874942,2
39261,-11.687956,-6.8796587,6.789703,0
39263,-4.2537217,19.491476,-11.861101,2
39283,-12.8927,-4.3519006,7.673919,0
39291,17.372318,5.6401253,7.131941,1
39295,2.0365088,-10.292009,-14.123209,2
39309,-11.9938965,13.16566,-3.0304706,2
39313,-20.870014,2.7424202,4.4416933,0
39320,-5.0738654,18.119997,-7.5723968,2
39325,-12.746414,-10.69571,-2.0587153,0
39327,12.299569,9.551169,6.0662665,1
39334,-7.848788,-9.607083,6.8100533,0
39336,-11.676504,15.435195,-4.027515,2
39353,-13.114809,3.3078132,10.197397,0
39354,-6.8182855,17.80343,-9.0474615,2
39360,23.565592,2.844135,5.5207806,1
39367,8.848105,-7.31764,-13.544061,1
39378,4.560929,11.89021,-9.765861,1
39390,0.6055818,1.9881837,8.972929,2
39392,17.114988,8.044788,-0.08872329,1
39407,8.890494,-16.75756,0.45814264,1
39417,19.550797,-14.84897,0.09558942,1
39429,-2.3990061,-1.0391881,7.2250066,2
39434,17.460133,8.155382,6.58638,1
39455,18.69658,-15.453355,1.9661888,1
39460,-2.9467857,9.840526,-1.1355472,2
39464,-4.017746,12.780865,-4.0494056,2
39465,-13.417595,6.0649447,9.111583,0
39467,-18.913568,-1.0009147,7.274873,0
39475,3.4955041,3.9645116,20.706663,2
39495,17.32051,8.434492,9.562579,1
39499,-16.660807,-1.926277,4.8582397,0
39522,-16.758703,-10.682937,-1.8236,0
39526,-10.905881,3.4801633,10.643882,0
39543,1.1820198,1.5070239,6.178482,1
39554,-6.91741,0.89234084,13.047227,0
39562,-0.65982103,-3.6978116,-8.326592,2
39571,2.4050293,8.489149,-6.4905324,2
39573,-13.765134,-4.74679,4.7846212,0
39575,0.2609715,-1.7862319,7.6459823,2
39576,0.58380824,-7.341449,-9.653713,2
39591,1.094546,-9.375814,3.1196108,1
39597,-19.580843,-1.9439981,7.7097573,0
39606,5.07992,12.507005,-10.5411215,2
39621,16.831396,9.794493,7.741777,1
39624,-9.212509,-7.7967644,7.386865,0
39639,11.780425,6.7697697,6.3425403,1
39641,10.668147,-16.27425,2.1238322,1
39686,12.622288,7.4893937,7.9984326,1
39694,5.1309357,1.397573,10.916619,1
39704,-18.233744,-3.2352269,8.334205,0
39713,-9.56797,-5.366849,5.5536356,0
39715,2.1122618,-8.710915,-17.806713,2
39716,-11.947347,0.90575933,11.559533,0
39723,23.58671,5.112487,3.469808,1
39728,14.136887,7.7068024,7.83674,1
39741,17.249537,-13.492861,2.185346,1
39757,-7.6311193,-1.7929709,-5.306365,2
39759,24.769163,-1.7220105,4.439343,1
39765,6.1656694,6.834541,9.420888,1
39774,-1.9898064,8.008281,-0.75361955,2
39789,3.965623,11.284968,-7.364621,2
39804,22.26325,2.3631368,5.6207075,1
39839,-7.226391,-0.762819,13.540149,2
39858,-9.227794,-4.3399334,-11.751834,0
39862,-0.8465952,-12.546522,-14.028795,2
39883,0.97240645,-11.633634,-17.92475,2
39887,16.099272,-13.984021,-0.208295,1
39895,-2.3955336,8.6845,-0.14270669,2
39934,-18.01376,-3.8496106,9.773983,0
39947,-10.165844,16.75264,-5.259727,2
39959,5.1821766,-9.347758,-12.064117,2
39974,6.1616554,10.643303,-9.136816,1
39987,0.7152985,-1.8990861,7.2633147,2
39990,8.648415,-12.923407,4.699851,1
40048,-11.1101265,-7.072783,6.343148,0
40063,-1.1590441,-4.766449,-4.0338044,2
40090,-2.2019522,-9.106382,25.102356,0
40103,-7.467784,-9.156391,-15.585849,2
40106,-11.989314,-7.052963,-15.099965,2
40127,-6.3087816,8.896555,-0.6847251,2
40139,-20.822327,1.9830053,5.346802,0
40141,-15.467487,-2.759086,2.8809757,0
40145,-4.303672,9.675195,-2.0737624,2
40146,-18.710445,-0.69237334,6.8818946,0
40155,18.517817,-13.161311,4.1331034,1
40162,2.8875515,-8.1528635,-11.790998,2
40163,-0.34183052,0.89895767,7.6787477,1
40164,-16.944715,-3.7521367,3.6426651,0
40203,-0.18734476,-8.931651,-9.079826,2
40216,-3.9672182,-10.346498,-13.637595,2
40240,-7.5831285,7.590541,-0.6085998,2
40244,-15.390793,-4.8439302,6.023733,0
40248,-15.160653,3.4722133,7.291793,0
40250,-4.159089,-10.074423,-16.734852,2
40251,12.689331,9.382908,5.765975,1
40252,17.632036,-1.2009537,6.1210036,1
40257,-8.119124,-8.489512,-11.043193,2
40266,-10.372683,-6.4262557,3.2203763,0
40270,16.5317,8.525104,7.695171,1
40278,-12.069972,2.173548,11.697425,0
40280,9.418259,-1.3687038,9.183792,1
40286,-11.925097,-2.0039077,2.990557,0
40300,-0.57214147,-4.3639812,25.692827,2
40303,0.077472426,-11.611635,-19.661217,2
40309,-9.638352,-5.2832203,5.548234,0
40324,2.0166967,9.519402,-4.173879,2
40336,-3.8287199,7.1280475,-1.0133133,2
40338,-10.386393,16.776407,-5.3466616,2
40340,-16.519482,3.8810637,6.5318947,0
40350,-11.3646,17.849676,-4.5474935,2
40358,-19.818962,-1.9638926,7.654281,0
40362,4.591428,4.7020044,8.804897,2
40399,-0.741453,-5.462799,-7.0605655,2
40409,-10.222387,-8.898156,-7.2066817,2
40433,18.89597,-0.16149354,9.668805,1
40465,7.9302683,-7.47229,-14.830013,1
40474,-2.3603885,-3.6010363,-6.567424,2
40478,3.0826943,15.207034,-11.193175,1
40496,-8.721109,1.228091,13.29115,0
40499,4.9972634,-4.230783,-8.348417,2
40535,9.500499,-1.2874559,10.010015,1
40545,24.879782,-1.7165966,4.322451,1
40550,0.8894762,-9.709334,0.9863229,1
40560,2.432645,8.564485,-5.1150618,2
40563,-19.223507,-4.634359,7.6764593,0
40566,-10.45701,-6.7747717,-14.581062,2
40574,-2.8687253,-12.077002,-12.8555975,2
40578,-0.18823285,2.5750358,4.2067413,1
40615,7.7249227,0.25443578,8.098804,1
40646,-2.1059954,-2.5621984,7.743304,2
40648,26.12267,2.6825325,2.3837779,1
40653,11.947814,-15.995573,4.423887,1
40656,-0.17693862,-8.171343,3.0054915,2
40672,-19.182512,1.963919,6.0367594,0
40696,8.237145,9.022172,8.910839,1
40704,-0.8473757,10.120313,-6.967316,2
40730,6.827345,-12.491507,4.83068,1
40731,19.544756,-15.254252,2.3013692,1
40755,-11.054587,0.6114651,11.153091,0
40757,7.5938706,6.8443036,7.7675867,1
40785,10.834013,-16.300304,2.1054385,1
40795,-7.4114223,-7.5669427,-9.022167,2
40799,-14.39933,10.446448,-0.31019562,0
40801,5.0689692,1.6468675,11.947784,1
40803,8.42331,2.4803555,9.857009,1
40814,11.076823,-15.485513,4.211248,1
40816,8.773157,-16.72421,1.1152456,1
40819,4.7542152,-10.3408985,-15.7704315,2
40857,17.91267,-2.6370277,-2.2933881,1
40864,17.585217,-15.562838,0.7563062,1
40879,20.171711,2.5828102,5.8280983,1
40888,-1.9870077,-10.539536,23.435574,0
40890,10.603827,-1.3801396,9.90128,1
40911,-6.7911253,-10.4194975,8.264321,0
40912,-3.2336683,-12.492091,-15.482856,2
40918,-9.882964,-9.375092,7.7874303,0
40919,-2.2891507,-5.0185876,-7.1693487,2
40921,-3.154865,7.02044,-1.8649433,2
40932,-19.989292,1.8624634,4.1521993,0
40940,2.8991656,2.915905,8.181218,1
40941,16.413013,8.863652,7.325778,1
40953,-4.0497637,7.2550216,-0.82851446,2
40962,-12.903618,-2.351644,6.6696267,0
40966,2.7874305,-5.91597,-9.215335,2
40979,-9.172804,5.185499,11.7991085,0
40987,4.288007,-10.419534,-14.671701,2
41016,-13.225142,-2.9633303,-9.04829,0
41019,12.775358,7.388655,7.4449153,1
41033,-10.674367,4.593917,9.581185,0
41043,8.510863,-8.705053,-16.338589,1
41049,-10.924809,-8.940556,9.270617,0
41065,4.178794,-3.8833947,-9.330581,2
41072,-7.3160086,15.416285,-5.2457104,2
41084,-1.076565,-7.0966687,25.526337,2
41092,10.426707,10.916024,6.864504,1
41097,2.4747064,10.311161,-5.9768343,2
41115,-6.337045,10.497386,-2.3404012,2
41125,2.764925,15.496447,-11.885293,2
41137,-13.721217,8.580365,-0.9643102,0
41148,3.2986972,-11.986176,-19.553305,2
41157,11.739169,5.2616053,8.201561,1
41162,-5.103546,-11.244182,-14.501533,2
41169,-1.5170562,13.043497,-8.084064,2
41172,15.043492,6.9293003,4.8526006,1
41176,0.21634029,-9.634272,-10.262267,2
41188,5.7493615,-4.542008,-8.532814,2
41197,9.83062,4.4357643,11.998203,1
41205,9.876713,-14.909483,5.533668,1
41209,1.7704798,3.5050268,5.775489,1
41213,12.232406,-11.743818,-3.9616015,1
41226,-14.570711,13.519318,-1.4619343,0
41230,6.3631167,0.7477878,8.633255,1
41233,-4.3574624,9.497318,-1.333445,2
41234,-9.402058,-7.7994423,-14.327352,2
41238,21.66233,5.839392,2.183858,1
41242,-15.895984,-3.3329418,8.848596,0
41258,-3.8227293,-10.5301695,-13.499157,2
41289,-11.08703,1.4907262,11.371483,0
41290,-4.8799458,-4.2314634,-8.553823,2
41344,25.123968,1.4415236,2.5208516,1
41348,0.009720384,-9.252112,21.36664,0
41350,-9.575544,-6.312821,3.0954158,0
41351,0.99771154,16.942993,-11.242602,2
41364,18.397747,-14.003167,3.025748,1
41383,17.492975,8.226153,6.594129,1
41413,-16.406544,0.59868866,5.1779714,0
41431,2.0500653,13.179485,-9.253369,2
41440,-18.77072,-3.5453522,7.6003876,0
41453,-11.408515,-6.1294336,7.656645,0
41476,-14.012164,3.3003316,7.753827,0
41483,-11.679263,1.779654,10.14635,0
41484,-0.5434768,-5.9388814,3.512557,2
41506,1.1424199,-11.899015,-18.156311,2
41512,0.29349485,-5.0666704,23.548746,2
41522,0.51667225,-8.981873,1.9707804,2
41529,-10.789699,9.052525,-0.06128109,2
41534,23.23057,-1.3126719,5.6591444,1
41538,9.04081,5.67704,9.50499,1
41546,1.5374166,15.634529,-12.134755,2
41553,-8.211309,-2.5751078,-7.431476,2
41556,-9.084739,-6.7065606,-12.89074,2
41557,-8.147411,-8.799099,8.331455,0
41560,-2.9968321,-3.0595446,3.635172,2
41564,-18.418875,4.3787303,5.3430166,0
41566,0.078424655,-7.1087236,22.064219,0
41575,-7.2671704,-3.8110733,-8.550946,2
41577,27.14097,0.29738235,6.0528,1
41586,-0.3732519,14.925449,-10.4227295,2
41598,-8.741327,-3.599225,-8.869322,0
41608,-13.6572485,8.613509,-0.941178,0
41612,-8.17447,9.778599,-0.38114274,2
41621,2.6970692,4.2530017,5.5798097,1
41631,-7.8967175,13.337744,-0.4706156,2
41642,5.9334707,-7.0250607,-11.918185,2
41654,3.0542176,-7.2757173,-7.037941,2
41655,0.40639034,9.01622,-8.014337,2
41661,-9.106234,-8.661431,-12.970212,2
41667,-10.389087,-4.998757,3.0160558,0
41681,-12.765276,-5.057312,7.6229944,0
41695,-3.4588299,-2.6828194,-5.766851,2
41697,-6.026115,-3.6729243,-5.888228,2
41708,15.470789,-1.4234533,9.652555,1
41725,0.09806383,8.0816765,-5.892533,2
41737,6.0305367,-8.37133,-8.635932,2
41744,0.1505968,-6.9522915,3.3571758,2
41746,-18.202372,-2.2465534,7.9725394,0
41753,11.821424,-17.212355,-0.44052115,1
41771,15.169254,-11.821477,1.8957474,1
41778,-22.083141,1.5967216,5.395615,0
41798,15.475555,0.59659207,8.190298,1
41806,-15.908581,3.7043107,6.961496,0
41807,7.9511905,8.240919,8.082154,1
41827,-5.8502464,-12.847721,-15.257301,2
41857,7.5991654,3.7714188,8.934127,1
41861,9.074194,-16.834696,0.8211352,1
41864,-4.0896516,7.3486323,-1.4243251,2
41877,5.907675,-11.776284,-15.295479,1
41881,-4.6463985,15.542078,-10.5627985,2
41885,1.1361645,15.707942,-12.520968,2
41908,-5.0994844,-9.543332,-16.368317,2
41920,10.538278,-15.506752,5.181595,1
41928,0.72430575,5.338588,6.582138,1
41932,-9.993115,-5.1810703,-8.507116,2
41935,-12.778216,-1.6005217,-7.413852,0
41939,-1.4078444,-1.0922431,-5.684854,2
41945,-7.9235854,17.164879,-7.638133,2
41967,3.4995677,-12.039707,-14.96918,2
41968,-8.643624,-7.9914374,-14.989134,2
41969,19.545168,7.276304,3.4915693,1
41972,17.16318,1.4161432,9.170664,1
41977,-17.131899,-4.9266186,7.1503344,0
42004,-10.791401,-4.9204082,5.3395805,0
42007,-5.081684,-5.2679005,-9.3914795,2
42018,4.4832196,1.4330026,8.323813,2
42024,-5.1167026,9.065019,-2.54586,2
42032,3.3205864,-11.927062,-19.47335,2
42065,-0.4272279,-5.9911675,22.887457,0
42069,-5.25035,7.4265733,-3.036373,2
42080,7.018492,4.1789265,8.989967,1
42106,1.6210356,9.25609,-7.5009513,2
42120,-2.4778638,-13.393426,-14.398093,2
42150,-7.0346136,13.918725,-9.526378,2
42161,5.0904875,12.345102,-11.004516,2
42165,-12.176173,-5.1803427,8.901082,0
42168,-0.70702076,-12.640685,-14.263339,2
42170,22.64475,1.5203112,6.952112,1
42200,-10.716024,-5.4529696,3.125658,0
42224,5.5321527,12.37808,-10.94055,1
42237,14.069006,5.807772,9.408733,1
42240,-7.669533,-9.388069,-13.215749,2
42246,0.19962996,-11.674909,-16.057562,2
42261,-10.265908,5.493965,8.798545,0
42281,1.9831715,-5.819322,-8.263263,2
42286,-9.44538,19.09074,-5.9809165,2
42288,6.031898,-12.008577,-17.646235,2
42331,-11.401685,-8.4671335,-12.422239,0
42356,3.3732536,-12.581203,-6.3310723,2
42358,3.1451697,-6.143486,-6.444913,2
42372,7.419038,-6.431742,-10.550719,2
42387,-9.3008,-6.8175926,-13.571019,2
42395,-16.911304,4.6104035,6.700072,0
42409,-4.98712,14.906143,-9.980145,2
42411,-11.263391,-7.5066695,1.5762123,0
42412,16.271595,-13.800605,3.2208354,1
42457,-3.910108,7.6312447,-2.0168808,2
42458,0.1799248,15.611961,-12.789693,2
42461,10.020149,-8.588743,-14.4124565,1
42464,-7.8660727,-3.4178574,-8.232155,2
42470,16.971958,-14.241841,0.6567951,1
42473,14.070278,5.751405,9.405831,1
42474,-6.974062,17.195337,-9.011597,2
42480,-15.2032995,-1.208494,0.053585816,0
42485,-10.783016,-0.3588314,11.882751,0
42493,-7.388112,-8.533638,-11.871418,2
42507,-10.797092,-2.026866,-7.939086,0
42513,-22.1691,1.6539558,5.6478066,0
42520,-8.969041,2.4416246,12.243253,0
42525,6.4001718,7.062014,9.211299,1
42538,-9.319326,18.517817,-4.5554075,2
42545,-12.242275,-1.6202644,-8.632712,0
42546,-8.094621,8.148377,-2.6419435,2
42568,22.730185,-2.2471817,-3.089059,1
42577,-16.347216,0.07665832,5.1516747,0
42581,-16.754826,-3.7453291,3.6947038,0
42589,1.7049078,8.515667,-8.816031,2
42598,-10.742888,14.668793,-6.7822537,2
42632,-6.2497582,15.975031,-6.1300035,2
42641,-6.539635,20.222841,-8.879746,2
42647,-12.446176,-5.1135955,5.671024,0
42648,7.3670096,-8.635086,-15.987684,2
42653,-11.649151,5.073813,8.349574,0
42655,-5.5209455,10.487332,-3.6949227,2
42660,22.94285,5.15447,4.5752296,1
42661,-16.546936,-3.8908079,6.957337,0
42663,23.629868,-0.39548072,6.512819,1
42678,-10.64847,15.487632,-4.9775934,2
42679,2.54481,11.207589,-10.199589,2
42682,-3.919534,-2.0095575,-5.56547,2
42686,3.9949374,1.6883322,5.4163218,1
42702,19.852509,-13.995048,0.38236317,1
42713,16.68291,-15.893343,0.5190838,1
42726,19.27136,-15.497222,2.2646692,1
42732,10.842396,-13.719359,3.6606214,1
42733,11.335822,-16.11415,3.5434837,1
42736,0.28124878,-8.229416,-7.4981127,2
42740,-8.821002,-8.038072,-11.064289,2
42771,-1.033949,-10.134826,-9.570864,2
42787,2.3112726,9.717991,-6.147558,2
42802,-3.0129495,-12.178093,-12.767946,2
42815,-2.3023016,-13.3063755,-14.487705,2
42824,2.2053761,2.087097,6.775594,1
42829,-2.2844489,17.904854,-10.472374,2
42831,-1.1849838,-1.1575646,-5.579051,2
42847,-3.5096943,6.83439,-2.1273837,2
42850,27.42595,0.5503714,1.6978405,1
42857,-11.177565,10.371501,-0.65353674,2
42872,-3.1069014,-4.1554685,-6.572682,2
42883,17.100279,10.380519,7.9940557,1
42885,-11.65195,-11.973218,-1.2081666,0
42896,-8.397655,10.948457,-0.57413036,2
42903,-1.4336654,-4.924853,-4.236228,2
42904,-5.830398,-4.4392133,-4.9427176,2
42925,13.779065,-17.047594,1.3242241,1
42938,2.1232471,14.749661,-13.800335,2
42960,-18.21266,-2.0051477,8.370453,0
42974,12.815958,10.021355,6.0906606,1
42978,-7.527108,19.097342,-10.920773,2
42982,18.10278,-2.032319,7.7082987,1
43019,9.364763,0.9589573,10.72914,1
43042,-1.0215446,-1.319426,4.036809,2
43053,6.4223075,-0.1640841,10.046172,1
43054,2.0765047,15.502968,-10.915042,2
43072,3.6939561,3.9570613,20.69648,2
43077,21.121775,-2.0358644,-3.814372,1
43103,1.50867,4.4412537,20.481417,2
43118,-10.28448,-7.576391,7.6968164,0
43124,-7.8023157,17.489206,-7.9607,2
43143,7.08114,2.2374003,11.314522,1
43150,-19.314953,1.9031639,4.4349566,0
43154,-6.656552,-6.315379,-5.881971,2
43158,-7.0489607,-3.7546847,-9.360582,2
43164,1.594824,16.20052,-13.177309,2
43170,-20.756435,0.64895946,6.784955,0
43177,9.509028,1.5580345,10.506948,1
43187,-9.2476225,3.505887,10.81765,0
43211,-5.612871,-3.5745869,-5.915725,2
43224,0.18145749,1.8241737,9.552116,2
43227,-3.672396,10.605277,-2.4451084,2
43233,-19.269297,-0.14737563,5.42999,0
43236,-7.6729097,-9.872632,8.79584,2
43246,-10.570166,-8.2326145,-10.232336,0
43249,19.151575,5.979845,6.047301,1
43262,-19.63213,3.789447,4.179118,0
43267,-6.661203,-6.1544876,-6.059629,2
43281,-13.10432,-0.93771756,5.5770426,0
43297,8.009649,7.324932,5.6054125,1
43307,13.489102,4.374709,7.4126,1
43357,16.555593,6.226637,7.0413313,1
43374,2.2725158,14.586506,-13.906685,2
43382,10.347661,10.37228,8.95555,1
43383,3.3634973,1.9649622,2.859818,1
43400,-10.135331,-2.864736,-6.7138367,2
43401,15.916122,-15.838586,0.46082547,1
43408,-8.907573,-7.94799,-11.192244,2
43417,-10.248522,-7.4236884,3.8279457,0
43421,-7.379113,-7.577407,-9.022069,2
43431,-10.811146,-5.438453,5.648894,0
43436,-12.622088,-7.828615,9.295883,0
43439,-11.413195,4.79469,9.5372305,0
43471,-0.06236295,-0.44298714,4.822754,2
43479,7.8172708,5.5551615,9.825579,1
43501,15.359048,8.674532,2.74265,1
43528,-22.357103,2.55212,4.961555,0
43533,14.34011,1.643218,11.142161,1
43569,-12.919232,4.5860167,8.605304,0
43584,2.1442678,0.58067346,8.227328,2
43592,10.838166,-6.98372,-14.971098,1
43593,22.88761,-2.2513247,-3.090662,1
43605,1.4073274,4.7057767,19.634686,2
43609,9.2678585,6.0766973,9.905451,1
43614,-10.497946,-3.4005268,-7.6961756,0
43626,-19.386173,2.145823,5.6137896,0
43628,16.524733,5.8180413,4.4570966,1
43633,-5.2320433,-4.415459,-6.8119187,2
43648,6.226403,-7.9532247,-11.8013525,2
43659,20.384634,-14.191563,3.4288688,1
43676,-14.89537,-4.8663006,5.946822,0
43704,11.131004,-15.415808,4.3051357,1
43707,-5.2784653,-10.81969,-13.77472,2
43725,-7.1550455,1.5422684,13.410412,0
43742,5.5505166,0.07260497,7.9088707,1
43752,19.063385,0.9975904,10.776435,1
43771,11.30184,-15.705479,4.004655,1
43780,-13.5639925,-3.8335416,-9.594356,0
43788,-5.0503526,7.451152,-1.6268283,2
43832,-10.202253,-2.0334353,-7.412666,2
43839,2.8987718,-11.396806,-17.036087,2
43871,17.814747,-12.845919,4.4519973,1
43882,-0.8178813,-6.464852,-7.9826784,2
43903,1.1139904,1.4634227,6.1697326,1
43905,0.40597114,10.841383,-7.29523,2
43940,-3.16358,17.507162,-11.559264,2
43953,-9.650746,-1.4261272,-6.5745835,0
43954,3.368243,-12.575629,-6.336548,1
43957,-6.208157,15.621432,-9.5309925,2
43963,4.110685,11.510102,-10.612985,2
43983,26.04922,5.4186616,2.9427638,1
43986,8.592576,2.5307617,9.882877,1
43998,-5.3948803,-5.9955754,-10.179421,2
44017,-11.631623,-5.6635942,-9.946372,0
44029,-19.351463,0.97118884,4.393608,0
44045,-17.917322,4.4704432,6.080055,0
44048,4.367537,-5.9378424,-8.841166,2
44057,-5.8253827,-12.807249,-15.324956,2
44062,2.3305244,-13.022165,-16.567318,2
44064,-11.798443,5.1656833,9.24355,0
44066,9.996623,-14.102008,4.802988,1
44071,-13.689385,16.356606,-4.150732,2
44077,23.105747,0.93670785,7.6064477,1
44078,-1.8099067,-7.311953,-8.846485,2
44109,13.662808,7.8079123,6.436206,1
44114,24.821012,2.17412,3.7560833,1
44115,9.385061,9.316739,-1.2938966,1
44136,14.763386,0.7229846,11.522426,1
44150,-6.9040265,9.911748,-3.7378309,2
44151,8.990291,-16.778547,-1.0199281,1
44158,-5.165348,16.562904,-8.501575,2
44160,-5.903325,15.756954,-11.906178,2
44190,14.525909,8.832889,7.3238645,1
44191,17.902122,-14.991473,-1.2764089,1
44193,-15.051683,-4.400519,7.560043,0
44204,-8.133964,16.984173,-7.618788,2
44218,-3.6449082,11.658987,-3.767938,2
44223,11.53354,-0.026848137,9.579062,1
44228,4.221755,-11.098661,-13.642668,2
44233,-9.367205,-6.1321564,2.9443166,0
44236,-16.489122,-1.7821616,9.578348,0
44239,23.364443,-0.43220824,-4.4368453,1
44240,12.047357,2.8855577,12.389143,1
44249,-0.2796467,0.8835765,7.664263,2
44254,-11.2083435,3.8215454,7.493559,0
44261,20.168776,4.752295,5.3009105,1
44265,2.3224723,16.437506,-12.819462,2
44300,1.1578416,-7.868125,1.5655757,2
44302,26.428156,-2.4341848,5.47417,1
44323,22.550753,1.5409343,-2.9891524,1
44331,5.40264,-7.820712,-13.329285,1
44334,-0.49348864,11.964945,-10.572507,2
44348,23.505651,5.85213,4.192829,1
44351,6.024476,4.1413603,9.102265,1
44360,-13.962039,-11.048814,-2.1079297,0
44364,-14.88085,-3.0563185,6.4068685,0
44393,-7.097776,-1.4010772,-5.044964,2
44423,-1.2818432,10.775774,-11.175609,2
44427,11.873784,6.9670186,8.017144,1
44428,3.8728924,2.7063475,4.45502,1
44441,3.0536442,1.0216358,3.0662382,1
44450,-0.3235388,14.44995,-11.025644,2
44454,-13.75874,-3.5550911,7.5881267,0
44478,-11.906493,-4.08244,-8.931334,0
44502,-10.717067,-4.8747096,2.9613683,0
44503,-13.073388,6.554498,8.662091,0
44526,-8.485595,-5.868438,2.21685,0
44536,-5.4427776,16.357658,-8.521987,2
44541,7.642146,1.7887952,19.227455,1
44554,24.263065,0.26163244,4.2142963,1
44567,1.3936454,3.901388,7.131931,1
44583,-11.871407,-3.7281592,-10.607058,0
44585,13.910474,-17.135326,1.3510239,1
44599,-1.9007885,8.808388,-2.1696496,2
44614,-2.085063,-2.1509018,7.7135825,2
44624,-8.981018,-7.3861427,8.756583,0
44647,26.162098,-2.3243039,6.2213984,1
44650,-9.990415,-6.516512,6.19274,0
44660,25.738344,4.0009665,2.0366614,1
44669,-8.48353,2.0396776,11.767551,0
44670,-11.707205,-4.6834707,-10.122396,0
44681,9.245418,5.530856,5.7528152,1
44683,14.032533,5.78692,9.522674,1
44706,-4.3785152,20.152084,-11.531743,2
44709,-11.218663,17.293736,-5.505644,2
44715,-17.629097,-3.5128987,7.8812156,0
44717,0.94855803,-7.359101,-9.79801,2
44719,0.026807562,12.153594,-10.592709,2
44739,-8.73658,0.34566247,9.389221,0
44748,-2.8291984,7.2320347,-1.3963597,2
44767,-16.758362,-3.965493,3.6938415,0
44768,12.635231,1.5067719,10.070472,1
44770,5.39178,4.794047,9.38571,1
44774,-2.3469956,7.3420167,-1.1432478,2
44787,-13.159541,12.022797,-1.4402044,0
44789,19.059124,-0.8259467,10.022135,1
44794,13.410867,8.847811,6.7029533,1
44799,-3.259487,-11.005973,-16.194962,2
44800,1.422337,5.0782714,20.374722,2
44813,-3.0747185,16.496868,-9.0496435,2
44819,0.80151224,-8.138913,2.7355325,2
44825,-11.6633415,-5.7396193,7.786743,0
44827,3.3017511,-10.789965,-16.121822,2
44842,21.303017,4.6444693,5.0633373,1
44860,-13.896519,11.672319,-1.0501348,0
44861,-19.137146,1.40528,4.498662,0
44870,-18.736683,2.2769616,4.1485457,0
44872,4.026723,3.8576918,20.72983,2
44877,-5.1435804,-3.2025905,-6.800304,2
44879,12.975278,1.3771107,9.978719,1
44900,0.09249387,0.26194066,4.6966653,1
44932,-1.2040553,12.030598,-10.081477,2
44933,-7.7508698,-9.025265,8.532564,2
44934,26.035965,5.45998,3.0020342,1
44965,14.649794,7.7656674,9.68105,1
45001,-16.066393,0.11947348,5.3256392,0
45013,18.961615,-0.38228044,9.723613,1
45016,11.8947735,7.0239654,6.12747,1
45024,-4.8459496,14.922829,-9.555505,2
45035,-7.856296,13.27011,-0.9747573,2
45038,-3.1831715,-6.596643,-8.673903,2
45042,23.683887,2.482885,4.7771683,1
45060,15.918671,1.8482794,9.631728,1
45069,9.390771,-18.315178,3.3496304,1
45107,2.554133,1.7981712,6.5652976,1
45109,24.454762,4.364963,2.95926,1
45118,-10.149717,-4.0665507,3.3339174,0
45126,17.296137,1.3837192,9.285539,1
45127,23.34252,-0.56113684,6.9638033,1
45131,9.784609,0.69177777,8.447722,1
45136,-9.477727,8.033398,0.003949651,0
45144,8.172228,8.702439,8.509175,1
45148,3.7976263,12.329823,-10.947134,2
45152,-10.604373,-6.578247,8.157362,0
45158,25.678635,-0.97885144,4.3228235,1
45183,-4.497298,7.0478587,-4.399327,2
45184,-4.7184825,18.661837,-8.127354,2
45195,-9.350179,-7.6629705,-11.044762,2
45199,-4.27805,9.532148,-1.666401,2
45206,-4.904718,2.1867993,14.490782,2
45215,-10.858085,-5.2154465,5.624844,0
45216,7.44912,2.2390137,20.216438,1
45217,-8.682383,11.748505,-2.6432939,0
45230,-13.775875,5.6282487,8.394649,0
45246,17.687122,6.114051,9.040987,1
45269,-4.9784784,15.468618,-11.184002,2
45277,23.455824,2.7985914,5.0444994,1
45280,-3.6665213,10.724658,-2.8557224,2
45293,13.070587,9.279723,6.517563,1
45295,-19.522827,2.274825,2.8885465,0
45313,4.698185,15.101682,-15.107018,1
45314,-15.919353,-10.413124,-3.2067413,0
45320,-9.526425,9.506824,-2.387699,2
45332,-8.762244,16.868048,-7.781612,2
45333,-9.465367,-5.359608,5.6643777,0
45335,-18.666067,-3.155271,7.0701494,0
45348,20.393827,-14.180398,3.3071327,1
45374,10.64005,-7.0416927,-14.979216,1
45383,9.429195,-13.768147,3.6132302,1
45384,0.7557189,11.645287,-11.156524,2
45385,9.37261,0.6122146,7.7004905,1
45387,9.637909,3.6999662,6.6269317,1
45393,-12.118851,14.694874,-5.6588864,2
45406,-13.170829,-3.7967334,-10.442272,0
45428,3.094537,0.52448535,4.611484,1
45431,4.5914183,15.162729,-15.141212,2
45439,1.1953521,2.327778,6.0611777,2
45443,-11.58015,-5.7658362,7.699728,0
45455,-10.933205,-3.8581762,1.4300127,0
45486,-4.564463,-10.447692,-11.584495,2
45490,-7.9827485,2.3295152,13.299843,0
45503,-4.939103,15.348888,-11.660968,2
45504,11.243916,9.060598,4.9402084,1
45505,6.9429936,0.08195069,8.191924,1
45506,8.705618,-8.552821,-16.31423,1
45507,1.9277267,2.068487,6.3455048,1
45530,17.060223,-14.737497,3.3772595,1
45533,-4.8377366,-10.886211,-13.637413,2
45544,17.220026,-14.460265,3.2101479,1
45546,-8.684646,-3.7933939,-9.128258,0
45547,-15.036846,-1.1078571,0.1328249,0
45561,-4.212316,8.477706,-3.3350692,2
45568,-9.974156,2.7036076,7.759265,0
45577,9.698394,0.9906946,8.561585,1
45589,6.01424,-8.688479,-12.149253,2
45590,2.0698524,-11.053089,-13.466693,2
45607,24.111809,0.4866851,4.5565352,1
45624,-3.8419018,18.81352,-12.1451845,2
45642,-0.63210464,9.919736,-7.243757,2
45653,2.8986084,-4.9198446,-8.891613,2
45657,0.59138316,8.3236,-6.0125046,2
45682,-3.5302045,-3.065179,-5.8455033,2
45696,-20.142223,-0.690105,7.616458,0
45701,23.561106,0.17132442,6.3013887,1
45706,-0.10429273,-12.311725,-15.10933,2
45713,8.765502,-16.621817,4.0251412,1
45720,12.984364,7.107391,8.026832,1
45743,-12.062149,4.9939847,8.755793,0
45757,-5.1630225,7.315343,1.0558788,2
45775,-18.569149,-0.024390306,6.7566442,0
45782,-2.9279602,-6.004574,-5.1571283,2
45817,-15.096676,-5.5854707,7.8485026,0
45820,-7.727209,1.8639487,12.37556,0
45823,23.13719,4.3188257,4.9100466,1
45825,2.2535646,14.750007,-11.56007,1
45831,26.00922,3.3852375,3.2235107,1
45848,-8.779179,3.7614157,11.418694,0
45860,-6.164904,10.803911,-2.2852619,2
45862,-9.136492,10.571865,-1.9736407,2
45890,-1.022837,-11.777496,-12.279549,2
45905,-12.5883665,-2.1721127,6.017606,0
45907,9.1994915,-7.523083,-12.843105,1
45918,-4.87609,19.183493,-12.87475,2
45924,0.7167872,5.322773,6.6018333,1
45935,5.5096855,0.12541932,6.555104,1
45942,-2.7149165,-11.117065,21.728975,0
45966,2.3107579,-8.360018,-10.993607,2
45972,5.4917793,0.3337667,6.0724015,1
45977,4.7162533,3.6027198,20.811184,1
45985,-11.21644,12.868658,-4.4438186,2
45991,-11.824387,-2.190159,3.697336,0
45993,1.5304581,16.391642,-14.29987,2
45994,25.705645,3.7773714,2.244436,1
45996,11.967459,-17.315338,-0.21013604,1
45999,1.9358865,-11.107176,-13.488702,2
46000,-3.1340568,-6.950459,-7.4630613,2
46012,22.38,-2.029556,-3.5832253,1
46013,1.8517371,0.103170276,8.24207,2
46020,5.6350718,6.189718,9.704977,1
46026,-12.550469,14.610636,-5.294029,2
46039,20.895212,2.387283,7.515641,1
46042,18.20329,1.4354078,10.968709,1
46046,-15.882011,-3.6662145,7.4738092,0
46047,19.019047,-15.421192,-0.8460581,1
46055,5.364277,-7.8577247,-13.329696,2
46060,0.16971214,10.850454,-10.047984,2
46071,1.0107855,-8.158085,2.6766605,2
46077,-10.540371,14.754158,-7.0664234,2
46092,7.790617,-15.975193,1.7015325,1
46101,9.451807,11.253649,6.240968,1
46116,0.21221389,-9.589103,-10.12674,2
46127,-8.992092,1.5029385,12.505606,0
46130,-0.82552934,-6.8437057,25.26151,2
46147,-1.0178071,-11.893622,-12.342772,2
46150,4.5061316,14.591479,-12.877075,2
46151,-9.538185,4.4973307,9.339694,0
46157,-3.4929166,-12.055978,-15.6110115,2
46161,-2.0021393,-5.0606704,-7.7379727,2
46194,1.4264117,-10.381678,0.4688321,1
46198,-4.253791,17.76198,-9.051873,2
46203,-10.531048,-5.2392845,7.1249304,0
46213,3.3045943,-10.531976,-15.413252,2
46224,-5.768586,14.024633,-7.3715606,2
46231,-0.5236294,-10.863254,22.085443,0
46234,-13.207407,6.351299,9.095897,0
46290,20.93048,3.4160666,7.473893,1
46302,1.6753383,-8.665772,0.792832,2
46306,12.738035,-10.459925,4.9704533,1
46316,-11.086644,1.7567266,10.50301,0
46325,-4.1761537,16.615746,-9.047183,2
46335,-11.1822195,12.739733,-4.655228,2
46337,-9.349128,4.207196,9.498829,0
46354,-18.85691,-4.120338,7.837016,0
46360,5.911675,-6.4728374,-8.557505,2
46368,-6.6088934,-7.462489,-12.213443,2
46374,1.9964006,9.080704,-7.035497,2
46392,-10.806298,2.8393266,10.8216915,0
46394,-16.775938,4.9665446,6.8604684,0
46396,25.707275,0.042372793,3.0754826,1
46403,-0.8138964,-12.456084,-13.293108,2
46409,8.639285,-8.684165,-16.288168,1
46419,-14.586222,-5.760959,9.060552,0
46426,-9.065779,7.6694183,-0.25444078,2
46428,22.902227,-1.2868044,-3.9573617,1
46443,13.175628,1.9337628,8.993855,1
46449,-16.411306,-6.066791,10.490215,0
46450,10.01481,-0.23511867,7.465326,1
46451,11.20013,-15.850437,1.3992367,1
46466,-12.114091,9.95425,-0.70113957,0
46477,-13.408136,-5.6186147,8.138452,0
46478,-11.758655,-2.865714,5.24169,0
46483,3.6505342,-9.305171,-10.014235,2
46486,7.411665,-0.005249607,10.695903,1
46493,7.256767,2.3643272,19.20782,1
46515,-1.4728515,13.036607,-8.038669,2
46528,-9.704797,9.454641,-2.356264,0
46542,-9.971446,18.201654,-3.7851596,0
46571,21.476372,6.4212513,3.836092,1
46586,-16.636934,-3.7734358,3.6810603,0
46590,-11.376276,13.33718,-3.9340708,2
46599,0.7863719,-5.8256874,23.092598,2
46600,-17.171707,4.2457447,6.462668,0
46609,-10.226172,16.63713,-5.3730307,2
46617,14.585292,7.5344725,9.940403,1
46624,-13.020823,-10.752333,-2.0567858,0
46639,3.4504862,2.2060685,3.0858428,1
46641,-0.30479655,-0.9387864,4.562407,2
46645,16.020811,3.1298728,6.413029,1
46650,11.87172,6.5244436,6.537579,1
46687,0.44658765,11.736124,-11.073125,2
46689,-15.361436,-2.9622352,6.3954926,0
46726,-7.4764767,7.689273,-0.811117,2
46730,7.617914,-9.2580385,-10.53161,2
46733,0.10565346,0.14061077,8.546312,1
46744,-15.356325,-2.4558914,3.0376143,0
46757,-4.468513,14.992327,-9.216651,2
46779,7.1434402,-8.90322,-13.135338,1
46788,17.329573,8.411768,9.559769,1
46792,19.645039,-15.1255665,0.13091156,1
46797,25.864851,3.5014818,3.632575,1
46801,9.53705,-14.875194,4.3814363,1
46806,-2.8941965,-13.783177,-14.889806,2
46808,-4.5566077,-10.473238,-11.596037,2
46818,8.867108,4.4612985,7.437514,1
46822,-0.013414563,-12.789157,-15.209987,2
46824,-0.1949242,14.554904,-11.093654,2
46829,3.7876537,3.0250273,20.523159,2
46836,17.193386,-17.00794,0.8480081,1
46839,-5.658835,7.2054563,0.25408024,2
46851,23.420439,4.365465,5.6028066,1
46854,-4.379535,-5.29245,-6.860314,2
46858,2.6644464,-13.047601,-16.79851,2
46864,-8.025811,2.37458,10.025767,0
46883,-5.9080577,17.831509,-11.868376,2
46886,-17.51507,4.3480716,6.389966,0
46896,-9.748283,-6.791325,6.292459,0
46901,-8.603258,1.5122153,8.959292,0
46904,1.7079642,7.7036295,-8.803452,2
46912,6.4211254,-8.438747,-11.805624,2
46928,20.789925,1.0722378,8.805099,1
46936,11.265741,1.8846911,10.810674,1
46940,-10.338645,-2.7018392,-7.605448,2
46966,0.8673097,-0.69116324,6.9040103,2
46987,0.9484985,16.799917,-11.333056,2
46996,-1.4395604,-4.9470344,-4.2601123,2
47020,24.821728,1.3250707,5.8855457,1
47024,6.197279,-11.646544,-17.811295,2
47029,-15.781374,3.6426566,6.989832,0
47038,24.69129,3.4990475,3.5165803,1
47044,-15.4685,-10.463155,-3.2372458,0
47069,-9.089571,7.836018,-0.20099327,2
47071,0.17498972,18.12027,-13.838422,2
47084,4.7262573,-10.325139,-16.180445,2
47113,-11.680898,5.2052693,8.084904,0
47114,-11.062867,-3.3266866,5.81184,0
47121,-17.574123,-3.5878174,7.748873,0
47128,22.897568,2.3845987,4.6354976,1
47134,9.623555,4.5506377,12.0617285,1
47167,-18.973337,-4.8912835,7.595896,0
47182,1.41887,-6.067749,-7.904741,2
47184,-0.56894207,-0.5561821,2.4630473,2
47193,-7.8040514,15.793893,-7.472846,2
47222,-14.670624,14.104482,-1.7497396,0
47225,20.75681,1.3076288,8.588177,1
47241,4.916337,12.269119,-11.370351,2
47252,11.5453,5.5858455,8.441124,1
47267,-9.079443,-3.4136498,-8.202537,2
47288,9.014552,-12.9176235,5.4494343,1
47289,-5.8081503,0.59756804,15.018651,2
47293,-3.6066954,-8.420645,-7.9038744,2
47299,-8.061094,-9.28537,6.8166223,0
47302,2.2598047,-9.233259,-10.080181,2
47303,-9.263336,-7.1749825,7.2298236,0
47321,0.7039081,7.4126196,-8.126747,2
47322,-9.719442,9.986512,-0.40141842,2
47323,-5.1916685,15.5183,-9.848609,2
47338,6.38873,13.998591,-13.257907,1
47339,0.01781701,-6.2406664,24.789595,2
47342,13.113744,7.128334,5.659072,1
47343,17.469946,-14.275758,0.67150456,1
47353,16.958757,-0.9090838,9.356607,1
47361,-4.6133647,18.160818,-9.761751,2
47385,8.753862,-16.458744,-0.5319689,1
47388,4.2860866,-4.7899795,-8.694374,2
47394,25.07095,4.1236997,7.213924,1
47402,-10.183215,2.7133389,7.6058884,0
47410,5.145959,4.592807,9.219514,2
47416,-20.065086,-0.4964267,7.71862,0
47421,-4.752205,15.048295,-9.622399,2
47429,-8.897762,-8.54981,-10.340889,2
47464,1.2869545,-0.12137527,6.967169,1
47491,20.80186,3.3068697,6.4801946,1
47498,13.724603,5.0331354,7.1517677,1
47514,1.284717,15.923536,-12.761566,2
47523,14.069457,5.559641,6.612424,1
47562,12.014208,9.738192,6.1241617,1
47577,-8.537902,-6.313308,-11.4979315,2
47582,4.2633076,11.462882,-10.242239,2
47583,-11.659754,-5.620493,7.817377,0
47590,-9.392896,-5.484277,7.8969135,0
47605,13.4382715,5.1371436,6.930821,1
47631,-19.67643,2.0613043,6.057036,0
47642,10.892137,-17.904722,-0.971886,1
47644,23.182812,-0.6861269,7.1605086,1
47646,1.4581882,-8.899746,1.0974422,1
47647,-0.38750443,-2.8332262,5.655864,2
47659,23.777597,3.1566935,4.180139,1
47666,19.45162,1.0750095,7.421127,1
47667,0.8604615,-9.810528,0.74772567,1
47671,15.99702,5.2153053,5.3113956,1
47672,-5.908613,1.0587549,14.767367,0
47674,17.486494,7.329063,8.931401,1
47676,-12.231407,14.62019,-5.5105705,2
47677,11.0682745,11.0741205,7.2313695,1
47679,-18.841711,1.6680034,6.349606,0
47684,-1.369644,-0.92820674,6.0801044,2
47687,-9.938863,-3.3296332,-8.460455,0
47711,9.015449,8.302221,7.944737,1
47713,-0.39829692,-7.724125,3.2867277,2
47716,-11.535791,-9.098642,-6.65536,0
47736,-22.203892,1.6922709,5.726714,0
47746,-12.471899,-3.656837,-7.987749,0
47748,-10.870556,-1.8006992,6.8089595,0
47749,3.9354823,-11.171735,-14.097625,2
47750,-10.905508,-3.7415597,0.9340501,0
47754,2.4115322,11.079765,-9.868447,2
47761,-5.947875,6.3446126,-2.1109495,2
47773,-2.8983717,-12.645893,-15.362037,2
47796,20.975996,2.1437128,7.0890656,1
47798,-10.692394,11.013393,-1.320682,2
47806,10.100536,8.0561495,7.87841,1
47815,5.74982,0.23490317,8.92617,1
47829,-10.610456,9.039395,-0.35748813,2
47831,-8.680082,-8.993969,-10.195785,2
47836,-5.788061,7.3799725,-1.7663418,2
47842,-15.244101,-10.048698,-3.8687756,0
47861,7.876166,4.2944846,8.965814,1
47862,-3.8014092,-5.7177153,-8.429401,2
47876,15.219389,8.661629,7.7387366,1
47888,3.491951,14.885761,-13.381366,2
47903,7.2129374,-0.19112231,10.401945,1
47915,17.226217,-17.136293,0.8646067,1
47944,-5.123344,9.485103,-4.051022,2
47966,16.598341,8.665847,7.1498237,1
47973,-8.9913435,-5.9384265,-10.803827,2
47983,6.053063,-10.128555,-17.321465,2
47998,27.184423,0.2965342,6.0886545,1
48012,-10.361529,-7.783371,-12.239498,2
48020,0.36380345,6.4244037,-3.3615463,2
48039,-20.783203,1.2934552,6.2189,0
48040,18.692806,1.3681777,11.020665,1
48049,-5.81297,18.660143,-12.940494,2
48050,-1.8433542,-6.8062277,-8.20757,2
48054,-4.2666283,15.745818,-9.408691,2
48062,10.18949,7.8937225,7.7580566,1
48077,4.3998113,0.9456868,8.382684,2
48089,-1.6762536,10.725143,-11.329799,2
48090,0.29018593,-7.8389606,-7.06297,2
48092,0.7774848,8.471428,-6.1771927,2
48106,-11.052856,-3.6166916,1.8576514,0
48123,11.329261,1.6225361,11.146587,1
48125,3.3536987,-12.556564,-6.345274,2
48134,0.022412077,-0.040410686,1.9715387,2
48138,2.969317,14.952052,-12.959773,2
48141,21.750708,-2.1464627,-4.244632,1
48146,4.203569,-6.239966,5.34052,2
48151,9.945204,-8.710725,-14.422668,1
48158,-0.030462459,9.208827,-8.061659,2
48165,-10.437634,-6.7957788,8.628095,0
48169,-1.942539,-10.243393,-16.872574,2
48170,-12.862051,12.38367,-2.7121167,0
48189,5.647475,-9.904212,-15.720652,2
48199,-7.4189935,15.502246,-7.439729,2
48205,0.57210714,17.980844,-13.887604,2
48208,-0.4037221,-13.831943,-16.371101,2
48211,2.6688068,2.519396,5.233639,1
48216,11.996936,-17.606388,-0.007981597,1
48227,22.36458,4.202242,8.056704,1
48235,-9.783964,-6.588166,8.221407,0
48238,14.56274,7.587407,9.839113,1
48239,-2.956883,-6.363926,-7.197861,2
48258,0.46866432,-9.05937,-7.9974694,2
48270,0.78558725,2.9560382,6.7936177,1
48292,25.173786,2.2735455,5.3954954,1
48293,4.978065,3.8617187,21.423939,1
48305,3.9574094,4.0786104,21.579807,2
48307,-6.5387106,15.886774,-9.518117,2
48310,-9.051868,-7.7439547,7.3542213,0
48314,4.08332,12.349084,-11.31546,2
48321,4.4863305,-0.2560953,8.394917,1
48337,-9.869093,14.988033,-3.4239771,2
48347,-0.269814,2.206082,7.0181284,1
48349,-4.4736023,7.0174603,-4.4635234,2
48370,20.668627,0.90217614,9.007087,1
48387,-11.19078,-2.3464475,-7.733808,0
48397,9.388879,6.1449294,10.039079,1
48402,-7.9634547,9.346506,-0.96700907,2
48407,-7.416015,10.340633,-1.325556,2
48410,-10.991142,-5.6809483,4.7702804,0
48411,-7.937928,14.86004,-4.8272557,2
48414,-9.085324,-8.646285,-13.099135,2
48439,-11.432325,-4.7460036,2.8123097,0
48441,-9.323226,-5.8810077,-9.059921,0
48444,0.13237512,-14.780446,-15.929574,2
48464,1.982886,2.3548791,6.2304225,1
48466,12.78244,-0.82848144,11.387565,1
48491,10.819791,2.5624368,11.95832,1
48509,-16.48203,-4.131431,8.213503,0
48512,-0.4767253,-0.456211,2.324905,2
48519,-6.276493,-9.179486,7.7350154,0
48537,-9.246939,-6.8377132,-12.761579,2
48562,-7.11066,-8.432217,-11.953453,2
48570,1.2782897,9.410848,-10.613735,2
48573,-12.537057,-2.312239,-7.7882338,0
48583,7.0020304,13.627211,-14.109555,1
48603,16.578365,4.52221,8.633145,1
48609,-10.774127,4.4004674,9.701647,0
48614,-13.135233,9.797394,-0.8363587,0
48619,-8.127546,2.399429,9.810366,0
48646,-7.219281,-9.521121,-15.35422,2
48648,-12.1256,9.742015,-0.62515545,0
48650,-6.9117002,11.587631,-3.0120516,2
48661,-2.560402,-6.3934817,-5.346732,2
48667,0.12624484,0.037075296,1.9014726,1
48669,4.6529465,-4.956694,-8.352189,2
48674,0.12208742,13.44153,-11.081624,2
48675,7.538022,2.44697,11.367451,1
48677,-3.4945707,-7.871693,-7.638303,2
48683,-11.526098,-1.703444,2.7515836,0
48697,4.61801,13.841419,-12.851119,2
48707,-10.921175,1.1668913,11.012952,0
48723,-2.6586165,-2.9293113,4.0527687,2
48727,3.6696498,4.997838,7.128171,1
48730,7.0287056,12.127724,-12.098414,1
48739,-4.9545684,17.076466,-8.841659,2
48744,2.2627308,4.701454,8.932019,2
48747,10.328946,-14.753252,1.6245805,1
48756,-3.075282,-5.384644,-7.1311183,2
48763,10.133707,-13.651203,4.546132,1
48770,3.4213428,4.8346653,6.7984667,1
48776,-13.0011015,-3.4556534,1.8601367,0
48787,-5.691045,15.403871,-7.956132,2
48791,-8.702277,0.18188544,9.402215,0
48835,7.0505114,13.663246,-14.159799,1
48849,-3.1180205,-5.7545652,-9.697885,2
48853,-5.770872,-8.106402,-15.624831,2
48871,-10.252022,2.786343,7.6016207,0
48889,10.825026,-16.4612,1.9575235,1
48892,1.6380877,10.284647,-9.395102,2
48897,-5.366524,16.543524,-8.188626,2
48898,5.887183,14.168545,-13.203722,1
48907,-13.89866,5.2484255,7.9098363,0
48921,0.40146545,-1.0565281,6.0743437,2
48922,-2.4520864,-6.6708975,-7.084715,2
48934,-8.840705,-8.754267,-12.7295265,2
48938,-15.876723,-2.4781122,3.1517398,0
48958,-7.1291533,17.201511,-9.722971,2
48965,0.7703365,-7.2521253,2.6290832,2
48967,-6.6231036,17.198814,-9.080157,2
48977,3.0058038,-8.292291,1.9764913,1
48986,-10.952441,-6.8202615,6.658516,0
48999,-3.4768872,5.7806616,-1.3312061,2
49002,5.3362403,9.45202,-9.692146,2
49004,-15.886468,-3.4410589,7.2711706,0
49005,15.000847,-15.260644,3.0670912,1
49007,1.8295372,4.4840765,8.724458,2
49016,-6.6175227,-4.510694,-7.3725047,2
49019,-11.259578,3.8391647,7.4263716,0
49022,-13.792416,10.626686,-0.7405279,0
49025,21.975336,3.890733,8.547106,1
49027,-14.923349,-4.389187,7.4723096,0
49045,20.747046,-14.537147,2.2905586,1
49077,-6.4800916,7.2803845,-1.0344995,2
49078,1.778297,7.5869913,-8.8399515,2
49101,5.8399186,-6.1556644,-8.493145,2
49109,-11.749065,-2.4523268,5.840709,0
49121,-12.231996,16.011854,-5.7453938,2
49136,0.69253904,-7.343177,2.882299,2
49144,-11.487949,1.7981114,10.163452,0
49145,-21.055687,0.84914005,6.719434,0
49147,-0.28067732,10.3308,-8.179177,2
49155,-18.920635,2.893466,2.3699965,0
49159,16.768345,-14.43872,0.75431705,1
49160,-2.6523166,-2.6925046,4.9034305,2
49194,-11.902383,-2.6323075,5.2826076,0
49202,-5.8032722,17.781557,-11.822918,2
49204,-2.7790205,-6.846684,-5.7972794,2
49212,-11.588418,18.04592,-5.7581215,2
49217,-9.484235,4.514089,9.39723,0
49220,-10.798962,1.721599,10.4679785,0
49221,-0.9575648,0.6572818,6.015129,2
49222,1.2510484,10.348047,-9.579468,2
49226,-6.898416,10.121584,-2.8834007,2
49240,3.131646,-5.9707704,-6.478311,2
49243,-8.069901,14.704294,-4.7411046,2
49244,-20.453733,0.23071563,7.401082,0
49254,8.654863,7.273128,9.777767,1
49266,-5.521542,-2.3989804,-4.7028484,2
49283,6.784718,-8.258667,-10.2495,2
49296,11.485712,0.30195653,9.849614,1
49324,1.1184067,10.684424,-7.607312,2
49334,-2.4989836,-14.279702,-14.072884,2
49343,1.8320312,3.407287,5.8758993,1
49371,0.90899515,-6.1214576,-7.9298787,2
49376,-19.935484,-3.6599154,8.563903,0
49410,1.9758766,-10.859523,2.449025,1
49421,-5.757753,18.71264,-12.964866,2
49429,2.8320932,3.067477,9.793894,1
49433,0.5721359,-12.164808,-14.523341,2
49439,-12.338987,-3.7649548,-8.238592,0
49447,1.4013268,10.629581,-7.587784,2
49462,-18.42879,-4.0991964,7.17594,0
49463,26.055546,-0.23768567,4.2228537,1
49470,-1.0071996,0.3385489,5.836756,2
49471,-3.0262053,16.10112,-10.0002165,2
49490,2.3603127,-13.181505,-16.52404,2
49501,3.3331506,12.816534,-10.977891,1
49502,-0.21406746,-13.513456,-16.788464,2
49533,-6.5557485,-5.6039796,-6.5014205,2
49542,-12.547511,12.529619,-2.3976812,0
49543,19.36689,1.1880226,7.3207455,1
49545,10.126077,10.154965,9.502011,1
49561,-12.69152,-6.780758,9.372263,0
49579,0.7415917,-11.546204,-13.960217,2
49582,9.192636,-15.611306,4.208382,1
49586,-2.0103912,17.924023,-10.647492,2
49614,-9.736149,-5.9252715,9.133927,0
49638,12.218043,-16.563782,0.9281111,1
49645,24.565046,1.3885571,5.738762,1
49650,-1.6028599,-6.605226,-8.1059,2
49651,10.624019,10.705675,7.438108,1
49660,-14.766517,-4.298847,7.715861,0
49673,4.2514405,-8.431902,-10.658716,2
49696,-1.0504056,-10.243239,23.494436,0
49699,11.10873,1.3497834,10.959144,1
49700,-11.959816,-5.223935,-8.590972,0
49703,12.629013,3.0474102,10.780616,1
49728,-5.9902654,6.275176,-2.1827688,2
49729,-6.381857,-9.2909,7.8016148,2
49745,2.555711,1.9298333,6.4678793,1
49750,24.287186,1.3670996,5.5410886,1
49751,2.3647797,14.47357,-13.301144,2
49786,-11.197189,-4.695237,-8.992689,2
49812,25.83941,-0.34021854,4.0394974,1
49814,9.627819,1.6598969,10.605327,1
49820,23.339252,4.146593,5.43974,1
49828,-7.798576,-9.551309,-13.300936,2
49880,-15.599843,0.93170005,5.247327,0
49883,9.560657,9.851228,10.030877,1
49900,-15.751762,-3.6369314,7.7176642,0
49909,-2.0463743,0.11766458,5.309795,2
49929,9.945787,-14.530877,4.7609673,1
49975,-3.5263078,5.6548195,-1.1926949,2
49988,0.33723095,-7.2647133,3.13328,2
49990,-1.1384674,13.856722,-11.146898,2
49999,-13.040517,-6.2447124,8.755819,0
