SourceIndex,UMAP1,UMAP2,UMAP3,Cluster
24,9.973803,5.9197826,10.226399,1
26,10.267218,-2.9173293,7.7963743,1
50,2.3142452,1.9104751,-0.4349871,0
59,10.314921,-1.7016255,6.989953,1
70,8.552356,9.073546,4.042702,0
74,7.2421036,6.4411626,10.18088,2
79,11.837922,-2.5616875,9.505575,1
80,0.6377982,1.86617,3.954412,0
110,10.168646,-3.2222104,8.750487,1
137,7.263899,6.334443,10.233499,2
144,11.78409,-0.96826607,8.72667,1
147,11.067702,9.222821,4.9803643,2
148,9.833532,-2.1333492,8.243116,1
156,8.753298,6.4208207,9.999804,2
193,10.469797,10.150312,4.9450655,2
201,10.022326,-2.5165687,8.3911,1
215,10.431399,-1.5758328,6.991245,1
218,7.14335,6.970602,10.065533,2
219,0.56452626,1.9089781,2.7760918,0
220,10.514454,9.036136,4.999119,2
223,8.838515,8.975671,4.1623516,0
229,9.137367,9.454962,4.331708,2
240,0.38222915,2.870502,1.6559505,0
250,10.375598,-0.41392004,7.1154027,2
259,12.010165,-1.321583,8.758488,1
263,8.308159,6.8755107,10.072521,2
266,8.279018,6.9214067,10.022375,2
269,10.1262,-0.9334476,7.3959384,1
288,10.16798,-1.6045268,7.022176,1
307,10.369886,-0.4640273,7.1810155,2
322,8.359151,5.918412,10.171789,2
346,6.9196615,6.5404515,10.235665,0
349,10.8014345,8.987571,4.86384,2
357,11.183084,10.125145,5.0090594,2
358,0.56324416,1.9459952,3.7503552,0
361,11.249369,10.274818,5.070608,2
367,1.9346877,2.140343,-0.26096368,0
370,11.52942,-0.5110249,8.2249975,2
384,9.276715,6.461785,10.129645,2
387,10.40267,-1.7948296,7.123194,1
389,0.2589198,2.648544,2.2868676,0
395,2.2153728,2.0978143,-0.4411779,0
408,0.6153263,1.8490566,2.7651186,0
413,11.683292,9.2067795,5.077415,2
417,10.309606,-0.40216595,7.0801888,2
448,10.714065,10.071403,4.9338765,2
449,9.8909855,-2.5294266,8.473602,1
466,9.954962,-2.5028193,8.372113,1
491,6.7536,6.646177,10.18508,0
492,11.966308,-1.9126759,9.059118,1
494,8.4911,5.7789016,10.134897,2
508,0.41421938,2.8431926,2.5825362,0
524,0.33679065,2.74565,2.2257426,0
555,10.225682,8.83396,4.8618336,2
558,7.0306306,7.0991306,10.159801,2
594,0.70439374,1.8126154,3.993841,0
602,0.27039316,14.490427,6.5778604,1
605,10.364027,10.007467,4.9083295,2
633,10.865978,10.195926,5.090658,2
646,11.860921,10.144008,5.041347,2
675,0.4741871,2.2838595,2.7702699,0
676,11.8052225,-0.84000653,8.683893,1
679,0.7454224,1.810404,4.0436783,0
691,7.50817,7.053897,10.002086,2
716,1.9070703,2.5147476,-0.3384751,0
718,11.504057,-0.44972736,8.087424,1
740,11.987394,10.097791,5.075454,2
744,10.233544,-1.9358172,7.2405477,1
765,6.536272,7.024725,10.317466,0
773,7.1706386,7.0245094,10.024075,0
802,8.5870075,9.10325,4.056467,0
804,8.320625,5.732321,10.251484,2
814,0.52342296,2.6413088,2.8365908,0
823,7.353294,6.214084,10.300075,2
850,12.109028,-1.876736,9.1272955,1
854,10.2806635,-1.4815035,6.9795823,1
857,9.061021,5.7830343,10.096516,2
859,9.977761,-3.0124173,8.556503,1
878,10.236234,-3.641138,9.000735,1
883,10.262717,0.22543381,6.8325963,2
890,9.825689,9.901025,4.625915,2
921,9.471111,5.911592,10.154336,2
932,0.41880336,2.7402701,2.428438,0
947,0.9871132,2.7633061,0.1210088,0
971,1.9934645,2.4019983,-0.40569243,0
977,11.782478,-1.3640004,8.9183655,1
996,0.55870926,2.1931546,3.406369,0
999,8.382701,6.0091662,10.156669,2
1002,0.6177728,1.943804,3.8465285,0
1003,8.063269,7.0028286,10.073998,2
1022,0.6202283,1.9914883,3.764465,0
1027,0.36357772,2.8384464,1.5697773,0
1046,10.3182,-3.8057084,8.811325,1
1071,10.245583,-2.0576513,7.36224,1
1074,0.37074924,2.7842093,2.141247,0
1076,6.880694,6.6242695,10.227487,0
1097,10.08818,-1.7578816,7.682252,1
1102,0.54390234,2.6642478,2.990617,0
1109,10.091383,-2.527183,7.8491325,1
1111,10.139906,-2.7286785,8.50638,1
1116,10.384627,-0.47155738,7.1495934,2
1131,10.10948,9.986046,4.760473,2
1133,10.213921,-3.4195142,8.7780695,1
1134,9.012946,5.75674,10.183664,2
1138,9.563122,6.4492617,10.179683,2
1142,10.676558,9.060768,4.665797,2
1152,9.374529,9.680376,4.325214,2
1175,7.873612,7.0617723,10.066076,2
1178,10.323436,8.833313,4.864863,2
1205,11.617626,9.15086,5.094808,2
1211,9.294019,9.754232,4.298122,2
1215,9.820768,-2.4504936,8.079803,1
1231,10.302689,-0.61037993,6.976917,2
1244,11.1433735,10.300158,5.048267,2
1256,9.990929,-2.1377385,8.008704,1
1261,8.271477,5.8988476,10.120059,2
1264,11.868414,-0.9009493,8.516604,1
1268,8.286154,6.004357,10.154114,2
1282,8.348615,5.988338,10.164108,2
1355,0.71888757,1.6738251,4.0780115,0
1371,11.80812,-1.3650444,8.765429,1
1398,8.055282,7.137835,10.1144085,2
1418,9.1636915,9.458049,4.2556615,0
1424,0.6157222,1.9648316,3.7756977,0
1425,0.7013809,1.7940328,4.033896,0
1437,-0.047877878,14.850772,6.829739,2
1441,10.28156,-1.6648325,7.0330477,1
1444,0.3125595,2.5691235,2.8678834,0
1451,8.954143,8.90949,4.199299,0
1472,0.37753493,2.7122524,2.306618,0
1473,6.7615213,6.722319,10.210286,0
1478,9.334966,8.958891,4.339993,2
1480,0.56627744,2.1109288,3.5254602,0
1489,11.813403,9.193492,5.077473,2
1501,10.691918,10.182048,4.898672,2
1516,8.889608,6.5797796,10.275939,2
1524,9.403804,9.709014,4.3480477,2
1535,10.205628,-3.3103821,8.791897,1
1536,10.1895075,-3.6475122,8.9786215,1
1561,11.862947,-1.6537976,8.989111,1
1583,10.187225,8.815477,4.88809,2
1593,9.831216,-2.315545,8.309369,1
1614,9.896924,-2.1541102,7.840279,1
1622,10.671201,10.045004,4.882301,2
1639,0.3767951,2.5865827,2.948448,0
1655,0.37707314,2.8483045,1.6908097,0
1658,7.2120814,6.400891,10.204022,2
1661,10.1476,9.952222,4.8029017,2
1669,2.2983298,1.8281846,-0.4649947,0
1695,10.180829,-3.7530842,9.02859,1
1699,9.405674,9.004307,4.3714037,2
1722,9.965669,-1.647871,7.7628107,1
1729,10.626824,10.133667,4.9942775,2
1730,10.09231,-2.1180394,7.268756,1
1734,10.324874,-1.548663,7.0375032,1
1740,0.6605489,1.8689458,3.967546,0
1745,8.618122,9.140634,4.029673,0
1757,10.530486,8.940496,4.819661,2
1764,11.982305,-1.7246264,8.95197,1
1768,10.368314,8.801677,4.928922,2
1777,9.211415,6.445784,10.126785,2
1785,0.38783687,2.8374994,2.1868498,0
1794,11.834841,-2.561825,9.420146,1
1801,10.311296,10.059235,4.8790126,2
1807,11.829319,-2.5558748,9.416662,1
1810,7.7661605,7.0818243,10.012192,2
1825,11.270935,10.2745905,5.0301447,2
1841,7.19644,7.051741,10.053664,2
1858,2.509534,1.5827653,-0.4420824,2
1872,8.947245,5.7279534,10.179847,2
1895,9.29711,6.338699,10.118125,2
1908,10.23656,-1.652306,7.077258,1
1915,10.259218,8.814148,4.866236,2
1922,10.11192,5.9304156,10.274833,1
1930,8.397588,5.7394257,10.237779,2
1939,-7.6449933,5.634605,5.3000145,2
1944,11.146754,9.361987,5.0195913,2
1960,11.984304,-1.1602039,8.686763,1
1962,0.61182153,2.1939712,3.6074815,0
1972,11.937939,-1.5145782,8.967946,1
1994,10.8787155,9.0728,4.801384,2
1996,2.0134614,2.4465318,-0.40328506,0
2016,10.263583,-3.611381,8.57901,1
2029,10.731281,9.984583,4.91809,2
2039,11.765455,-1.0344454,8.731874,1
2040,0.34528735,2.8250637,1.6287011,0
2053,2.3460128,1.9199331,-0.42560506,0
2070,8.476015,6.718599,10.104967,2
2077,9.68859,5.8578477,10.189056,2
2079,10.434556,8.82929,5.011073,2
2092,11.543198,-0.4705051,8.236948,2
2097,10.706626,9.0773735,4.7206388,2
2103,9.055037,9.406525,4.2697525,2
2114,9.267627,6.206063,10.069994,2
2121,11.537069,9.172866,5.0191,2
2125,8.923305,5.732132,10.19551,2
2130,11.721823,-0.61805767,8.500279,1
2137,12.462707,9.724488,5.0846653,1
2144,-7.1626134,5.726774,4.8423004,0
2149,0.568948,1.8993618,2.752853,0
2160,8.952949,8.994753,4.188034,2
2172,-7.642733,5.5993834,5.3041973,2
2177,7.1428456,7.041469,10.060421,2
2178,11.640559,9.225298,5.0602155,2
2182,10.087869,-3.1580806,8.767607,1
2187,11.506423,9.070726,5.0206413,2
2204,7.8043056,7.057389,9.941783,2
2213,0.4208871,2.6036916,2.6398706,0
2221,9.320992,8.982736,4.2199054,2
2229,11.812645,-1.3870728,9.071416,1
2254,0.48096132,1.9954516,3.6736672,0
2269,9.085177,5.8009133,10.091242,2
2293,10.29639,8.812092,4.907539,2
2296,10.208148,-3.3827586,8.700369,1
2306,11.829869,-2.664558,9.505036,1
2314,0.29130504,2.850549,1.5210829,0
2343,9.2655945,6.484724,10.055923,2
2353,0.42668027,2.8890088,2.771094,0
2354,7.076157,6.4299655,10.289267,2
2358,10.708693,10.1679325,5.058502,2
2367,9.51161,6.188842,10.130053,2
2372,7.9223366,6.9350805,10.052078,2
2373,7.8753695,7.181044,10.027705,2
2385,8.8807,6.4572105,10.045811,2
2386,10.69939,9.024255,4.7796545,2
2390,9.672424,6.162808,10.158094,2
2406,8.984537,5.6975136,10.054514,2
2415,0.5457965,2.2955,3.4074557,0
2434,0.5205566,2.7359307,2.8909676,0
2443,0.5333397,2.5122063,3.1772041,0
2453,10.364815,-1.9741204,7.2133927,1
2472,0.5059537,2.6845279,2.558159,0
2473,10.363253,9.004057,4.7333555,2
2488,8.066636,5.82157,10.258385,2
2491,10.272616,-3.3552694,8.22272,1
2509,0.7549961,1.7559667,4.0447598,2
2518,8.07316,5.812059,10.278858,2
2538,8.095798,6.883174,10.0328,2
2539,-7.131543,5.707944,4.825378,0
2549,10.062701,-2.2095819,8.2856865,1
2552,1.9368112,2.4452474,-0.37250632,0
2567,9.923717,-2.8391309,8.5352335,1
2569,2.0532868,2.3175552,-0.4248111,0
2597,8.367649,5.730181,10.234227,2
2603,10.41793,-0.32179415,7.049286,2
2604,10.068424,-2.7641745,8.370596,1
2620,8.9986105,8.855072,4.2255697,0
2626,9.906644,-2.0825555,8.162886,1
2640,10.327448,-2.6573045,7.7968817,1
2645,9.351089,5.8257017,10.179863,2
2669,10.123022,-1.9797467,7.265631,1
2670,11.122026,10.271375,4.956457,2
2671,10.277195,8.845799,4.9281034,2
2676,9.992796,5.8954377,10.180175,1
2682,10.232259,-0.67529124,7.237322,2
2684,10.034996,-1.8638546,7.7697697,1
2702,11.841444,-1.5239469,8.968347,1
2712,10.147445,-1.6067792,7.0196514,1
2721,7.9702554,6.0527105,10.348263,2
2739,10.38465,-1.4922056,7.096681,1
2740,9.678452,6.291835,10.166494,2
2741,10.341687,-3.446934,8.493788,1
2749,7.859357,5.909325,10.314817,2
2758,8.330239,6.811169,10.124982,2
2759,10.244741,-0.62055326,7.05472,1
2768,7.192239,6.253074,10.260887,2
2775,8.423163,6.810348,10.075816,2
2780,10.419272,-1.7148328,7.086376,1
2784,0.58296317,1.8555099,2.8567004,0
2812,7.956982,6.94229,10.078156,2
2824,10.313509,-1.9737796,7.153401,1
2828,8.558604,5.912584,10.248871,2
2836,-0.22435823,15.103742,6.8534155,2
2839,7.2033787,6.286808,10.242676,2
2843,2.0209782,2.3194184,-0.45769095,0
2847,11.882048,-2.1968825,9.312397,1
2906,0.48137033,2.798583,2.8153,0
2911,9.913284,-1.6598577,7.8036184,1
2914,10.229087,-2.939765,7.818157,1
2933,11.381096,9.062886,4.961068,2
2937,-0.05024994,14.8562355,6.8253984,2
2945,11.766852,-0.76596266,8.395887,1
2957,0.6425418,1.8902347,3.9158962,0
2959,1.609985,2.4595592,-0.25598022,0
2978,8.995642,5.697575,10.118307,2
2983,0.4014515,2.807521,2.01513,0
3000,7.8663106,7.0238633,10.075574,2
3008,8.401892,6.7717443,10.091956,2
3018,10.205965,-1.5281174,6.9545846,1
3037,0.7092421,1.6993576,4.1364484,0
3042,10.123554,-3.3091297,8.784722,1
3058,10.281373,-1.4759496,6.9287806,1
3069,11.080078,10.192923,4.983445,2
3074,11.286464,9.040417,4.9533725,2
3079,0.41588357,2.5557687,2.9563134,0
3098,10.009086,-1.7627404,7.7822986,1
3106,10.867665,8.93932,5.000225,2
3109,9.452265,6.4088736,10.136142,2
3111,11.845903,-2.229784,9.235956,1
3124,8.917569,6.4629326,10.18402,2
3133,-7.4732647,5.8511314,5.0814185,2
3142,7.0491605,6.427931,10.276052,2
3143,10.135714,10.0047455,4.750103,2
3168,8.869998,6.398216,10.127999,2
3181,9.888051,-1.5273311,7.811144,1
3183,10.404557,-3.7806478,8.749404,1
3188,1.0112375,2.757849,0.08218698,0
3217,10.003902,-2.3898072,8.343035,1
3219,8.054312,5.844383,10.320453,2
3229,10.287454,-2.082296,7.2384443,1
3249,10.021267,9.86116,4.749421,2
3258,9.775836,8.907696,4.5349684,2
3264,11.377626,9.021884,4.9563785,2
3266,11.973225,9.358844,5.0060635,1
3267,8.192812,5.8084,10.217019,2
3278,11.988159,-2.0996184,9.026494,1
3281,10.451473,-0.56741387,7.1558523,2
3293,8.847118,5.774819,10.145168,2
3306,9.369354,9.601691,4.3984594,2
3309,9.378652,8.946471,4.370391,2
3313,10.163619,-2.698835,8.130506,1
3315,11.158865,8.969234,4.8991303,2
3326,0.5806384,2.5278351,3.2895763,0
3330,9.289155,5.818929,10.122665,2
3342,10.623742,8.975497,4.934026,2
3343,11.825595,-0.9485612,8.488463,1
3356,10.103943,8.807526,4.8332543,2
3361,9.930315,-2.672314,7.7471533,1
3382,11.902943,-1.6443106,9.04132,1
3393,11.555328,-0.5380665,8.515292,2
3413,7.74999,7.1332116,10.0210495,2
3435,10.560462,8.828517,5.0213056,2
3441,10.265546,8.826991,4.857222,2
3447,9.494433,5.872513,10.164271,2
3455,11.52304,-0.5326275,8.272673,2
3459,11.666069,9.245127,5.1422668,2
3495,11.652414,-1.0978061,8.723957,1
3529,10.406065,10.054843,4.943695,2
3572,0.40963554,2.7446883,2.2221925,0
3573,1.7189816,2.5994992,-0.335812,0
3575,9.087921,5.8201528,10.142185,2
3601,11.8562355,10.170632,5.031484,2
3608,0.33412573,2.8133643,1.4924289,0
3618,12.284783,9.887957,5.070983,1
3630,8.827714,5.727365,10.163513,2
3640,11.943602,-2.134255,9.294229,1
3650,9.357073,6.342328,10.077073,2
3681,11.900486,-0.88142514,8.562239,1
3696,0.51039994,2.3869002,2.9628592,0
3726,11.973407,-1.9505181,9.045091,1
3749,0.32858336,2.4332738,2.6201262,0
3781,10.35871,-3.6614976,8.707333,1
3782,10.432535,-1.2249721,6.9010315,1
3802,0.5938054,1.7521822,3.6883595,0
3803,0.42048532,2.8606176,1.633703,0
3811,-0.033479948,14.835655,6.816855,2
3814,10.39797,-0.5461946,7.206636,2
3831,0.6219646,1.9056515,3.8846066,0
3836,0.56972903,2.104903,3.5945182,0
3847,10.760815,9.943467,4.801923,2
3914,0.58102226,2.3837125,3.0005667,0
3939,10.505001,9.036987,4.8161874,2
3943,8.907331,5.7340274,10.187455,2
3945,10.474178,-0.2965492,7.0688586,2
3949,11.842469,-0.9656806,8.572541,1
3950,11.1822405,-0.35044533,7.9769897,2
3970,0.6184584,1.8389609,3.240542,0
3999,11.814756,-0.91968113,8.792002,1
4008,7.1862774,6.3007765,10.29238,2
4021,11.894718,-1.3220644,8.9575615,1
4028,9.2052,8.881221,4.3120546,2
4063,9.907231,-2.5886931,8.480172,1
4068,9.108721,9.465229,4.322249,2
4074,9.505271,5.7722416,10.10074,2
4075,9.705153,5.8431425,10.234079,2
4089,11.834165,-1.2328188,8.790129,1
4095,7.6820173,7.106438,10.034004,2
4100,7.9732976,6.9110675,10.1042,2
4104,11.8785515,-2.6804876,9.557711,1
4111,10.737349,10.181683,4.936108,2
4113,10.102501,-1.7544718,7.610204,1
4128,10.038069,-1.3237327,7.61005,1
4134,10.349261,8.860369,4.919064,2
4140,10.351593,-2.390167,7.549497,1
4160,10.273816,8.942413,4.9142323,2
4162,10.426269,8.815021,4.851075,2
4167,10.4597845,-1.0317088,6.852406,1
4182,8.45568,6.862772,10.041343,2
4183,10.302471,-3.2631204,8.206787,1
4193,9.0532875,9.399571,4.2972,0
4201,10.369169,-1.5179793,6.976474,1
4216,11.795669,-1.2012706,8.838914,1
4219,10.287665,-2.5789044,7.5630994,1
4225,8.051499,6.9978204,9.997778,2
4231,10.262292,8.9104,4.7131534,2
4248,9.672913,6.1834426,10.189706,1
4251,9.98693,-1.1318796,7.3604364,1
4262,9.052823,6.4666843,10.1508045,2
4265,8.308958,6.926112,10.082916,2
4281,11.13599,8.980718,4.9027634,2
4285,7.7336807,6.174976,10.224858,2
4296,10.292958,-2.3517232,7.5342865,1
4298,8.400989,6.813089,10.152926,2
4305,10.1004925,-1.4807348,7.6756396,1
4312,-7.7335386,5.665655,5.3773375,1
4321,0.58063895,2.1712139,3.3435905,0
4329,1.992672,2.4876292,-0.3809437,0
4345,8.964631,8.864211,4.1931133,0
4350,11.811614,10.160727,5.026962,2
4353,0.54182935,2.2618322,2.9556978,0
4365,10.509827,8.916289,4.7033396,2
4370,9.9579315,-3.4136982,8.741515,1
4373,10.631142,10.084199,4.9686975,2
4376,9.6032295,5.8302526,10.155183,2
4395,2.302237,1.7971013,-0.48262772,0
4406,0.35031733,2.8176866,1.5698959,0
4409,10.750107,10.124593,4.8992124,2
4420,10.123774,-2.8010309,8.608367,1
4425,8.139299,6.8583837,10.054283,2
4438,0.4944971,2.5000918,3.3752549,0
4442,11.779143,-1.2409475,8.869628,1
4447,12.011585,10.138355,5.0914745,2
4448,0.16564973,14.607804,6.6655436,1
4462,1.7743852,2.5319777,-0.33511215,0
4471,0.44349787,2.8611026,1.691865,0
4486,10.221015,-2.9345462,7.923024,1
4501,10.607826,10.071958,4.8756347,2
4502,11.89186,-0.9270374,8.7563095,1
4507,10.169473,-1.5452654,7.012982,1
4513,7.9186587,7.127335,9.990515,2
4516,9.362429,9.751506,4.2959623,2
4519,10.198255,-2.8145115,7.853267,1
4533,10.341143,-3.8009696,8.789385,1
4544,9.107407,5.8579288,10.125554,2
4562,1.0266778,2.738728,0.0595752,0
4568,10.257236,-1.2059256,7.2052236,1
4575,-7.278312,5.6527824,4.9667263,0
4581,11.840549,-2.5790622,9.422863,1
4583,7.805463,7.1208715,9.969035,2
4590,7.233506,6.2581697,10.317061,2
4603,11.800808,10.139621,5.051574,2
4606,-0.1901094,15.066483,6.816441,2
4611,9.879651,-3.3445518,8.992971,1
4617,2.0234017,2.4437828,-0.45576867,0
4629,10.873398,9.259088,4.952765,2
4656,0.5373382,2.7023723,2.7706146,0
4669,12.116779,10.078968,5.037197,1
4670,10.726941,10.150258,5.0752215,2
4684,10.247955,8.788423,4.8335366,2
4686,10.28055,-0.847796,7.315403,1
4687,9.7204,-2.1960335,8.272675,1
4690,7.3263726,7.0879054,10.054337,2
4708,0.32598618,2.8204107,1.5202237,0
4711,9.078433,6.4948063,10.215595,2
4712,11.395603,-0.28348953,7.885637,2
4715,10.149574,-2.812997,7.796038,1
4722,10.408569,-2.611266,7.675876,1
4740,9.061737,5.795729,10.156564,2
4741,10.255235,-2.2155185,7.436535,1
4747,11.887198,-1.2103621,8.634245,1
4762,8.234249,6.970313,10.049119,2
4769,12.012939,-2.0574157,9.05323,1
4781,11.801331,-0.8441875,8.678488,1
4784,7.9240956,6.158043,10.192235,2
4787,0.67303514,1.6561946,4.1403613,2
4798,10.2759495,-3.2911084,8.371155,1
4819,9.961348,-1.7040037,7.7434683,1
4823,8.263264,6.8328786,10.065869,2
4831,12.470366,9.776603,5.0807533,1
4837,10.790504,10.171619,5.0438128,2
4844,10.3577385,-0.5479549,7.18216,2
4846,0.9613301,2.748754,0.13515471,0
4852,9.783908,8.887555,4.6430116,2
4888,11.813352,-0.8459869,8.694674,2
4897,10.031295,-2.3412838,8.351401,1
4900,10.263424,-1.2622144,7.077639,1
4910,0.6077834,2.2290568,3.3211424,0
4923,1.5513142,2.6172476,-0.2870747,0
4939,0.54280615,2.1943133,3.6362584,0
4942,0.4017127,2.824014,1.8514749,0
4948,0.40127745,2.8717766,2.6573775,0
4953,11.766701,9.2072935,4.9622188,2
4956,8.711868,9.243596,4.0485716,0
4963,12.409734,9.598255,5.1306224,1
4973,10.380562,8.85979,4.753731,2
4989,-7.1040735,5.7576156,4.791597,0
4994,11.775165,-1.4925337,8.790235,1
5000,7.003661,6.386492,10.263434,2
5010,10.199452,-3.581673,9.031996,1
5019,0.30911708,2.307353,2.8405652,0
5024,2.2306898,2.197287,-0.43150896,0
5033,10.153728,8.881957,4.8179584,2
5049,7.1050434,7.098927,10.057041,2
5058,10.1905,8.8752775,4.7689657,2
5060,0.43475875,2.9100904,1.8506128,0
5069,10.256489,-2.9200482,8.019681,1
5078,7.1344614,7.0490575,10.034249,2
5090,10.359749,-3.5882127,8.615621,1
5101,12.258193,9.483675,5.008318,1
5115,7.652137,7.0529656,10.108513,2
5116,7.631959,6.07886,10.264046,2
5126,10.481242,8.860699,4.9811335,2
5134,0.5882943,2.4535937,3.2802925,0
5135,12.463912,9.770613,5.150523,1
5143,8.286256,5.9417467,10.116029,2
5176,0.59485203,2.141981,3.4946146,0
5195,7.208655,6.271644,10.350998,2
5200,11.95439,-2.4228973,9.387341,1
5209,10.405045,-2.4813614,7.5788674,1
5231,7.715715,7.159199,10.022051,2
5234,10.860686,9.245869,4.9959183,2
5246,6.900523,6.48734,10.255392,2
5254,0.3699709,2.8653772,1.6673614,0
5274,7.1278996,6.4540315,10.292133,0
5282,11.835218,-1.3948001,9.060856,1
5289,8.288212,5.8632064,10.446173,2
5305,8.364881,5.776862,10.112272,2
5325,10.449738,10.025014,4.866412,2
5326,11.997809,-1.1518828,8.772082,1
5330,-7.7199206,5.6510797,5.3689747,2
5333,10.442632,-0.3985188,6.9699554,2
5341,0.53979385,2.337745,2.842208,0
5342,10.341305,-0.66612947,7.2104964,1
5352,10.25759,-1.5252768,6.954403,1
5361,9.954159,-1.5584152,7.613224,1
5370,8.676463,5.6864314,10.159534,2
5378,2.1077282,2.1216786,-0.38306037,0
5389,0.37639338,2.9048944,2.6596546,0
5395,11.259233,10.266986,5.026541,2
5404,10.132054,-2.3561697,8.158639,1
5411,10.234453,-3.443583,8.3919935,1
5416,7.309908,6.18668,10.326757,2
5437,0.37349218,2.876314,2.5384617,0
5440,7.8345466,7.1498885,9.980161,2
5470,9.968809,8.863836,4.667673,2
5477,7.3506317,6.9589705,10.108853,2
5495,10.399411,-1.9910654,7.32775,1
5498,8.283063,6.904892,10.011725,2
5511,0.39539108,2.8376575,1.801627,0
5529,10.332388,-3.807053,8.795684,1
5536,10.408789,-0.37569115,7.1151385,2
5546,10.108003,-2.239368,8.012221,1
5547,10.059281,-1.868823,7.86443,1
5550,10.3632765,-2.0038338,7.2518253,1
5552,1.4372654,2.6597195,-0.22789842,0
5562,12.030424,-1.3399439,8.845679,1
5566,8.13847,5.791513,10.300915,2
5569,0.40853494,2.742473,2.3627498,0
5576,10.076876,9.95897,4.696493,2
5581,8.376155,6.6251,10.05943,2
5587,9.379962,6.6081944,10.273876,2
5590,11.915305,-2.6601417,9.529778,1
5592,11.8810625,-1.695986,9.027637,1
5600,10.046015,-2.8682656,8.511451,1
5601,9.884623,-2.9485867,8.533334,1
5629,0.22029984,14.546063,6.622069,1
5643,10.432695,-2.4490554,7.687667,1
5664,11.801098,9.951517,5.0289254,2
5674,0.98401886,2.7552745,0.10992313,0
5676,8.426043,5.7003155,10.345436,2
5680,9.947906,-1.6538196,7.7517066,1
5712,9.292925,9.5470915,4.3754706,2
5716,10.192751,-2.6423113,8.136425,1
5724,9.979831,-2.5173125,8.416276,1
5754,1.7221552,2.5557582,-0.33463624,0
5756,11.1798,10.29313,5.0455723,2
5770,7.2480927,6.244593,10.324263,2
5792,0.50069755,2.6518257,2.7568398,0
5806,9.978471,-2.3195488,8.238824,1
5807,0.48750213,2.13668,3.254964,0
5821,9.651852,8.862406,4.3854985,2
5826,0.0725514,14.718281,6.7252245,1
5831,9.904038,6.054864,10.238606,1
5848,0.13744965,14.638402,6.6863785,1
5858,10.36809,-0.9869094,7.0913815,1
5869,9.3332,9.758969,4.2890563,2
5871,10.232927,-0.977808,7.4425797,1
5877,12.450251,9.675285,5.0684814,1
5881,6.791465,6.6053677,10.224838,0
5885,8.629591,6.706499,10.165676,2
5900,11.886387,10.1377945,5.0693154,2
5906,7.841872,5.966947,10.273209,2
5907,9.22841,6.7354255,10.427827,2
5910,7.5986714,7.0908556,10.111711,2
5973,0.37694216,2.85408,1.5287989,0
5985,11.970851,-2.0961404,9.076377,1
5987,1.998454,2.3545628,-0.42675903,0
5988,10.471644,8.911029,4.7893014,2
5989,0.60250664,1.963637,3.880967,0
6000,6.970431,6.451124,10.239045,2
6004,10.311197,-0.7946807,7.0180893,2
6007,9.963523,-2.3070283,8.336181,1
6008,-7.336397,5.851225,4.959366,0
6009,6.872698,7.030582,10.222872,2
6015,10.828333,8.923861,4.8412747,2
6028,8.8262615,9.0495405,4.1509805,0
6037,0.6243427,1.8429047,3.9950988,0
6040,8.064281,7.0143447,10.022383,2
6041,10.285247,-1.2957342,7.1268797,1
6044,-7.403172,5.8175716,5.0416207,0
6052,9.164367,6.494917,10.108806,2
6076,10.14773,-0.92512506,7.465249,1
6090,9.871995,6.2036943,10.262514,2
6097,0.37192488,2.8813229,2.7219334,0
6098,10.076702,-2.0717535,8.232694,1
6101,12.4060755,9.797534,5.0813866,1
6120,10.28511,-3.7017412,8.609826,1
6133,12.032006,-1.3395772,8.8436985,1
6137,0.44434768,2.607492,2.991879,0
6138,11.816955,10.185158,5.034065,2
6158,11.855305,-0.8735332,8.747938,1
6161,9.999387,-2.2697468,8.303364,1
6167,0.40310585,2.3782392,2.643592,0
6186,10.44385,8.866731,4.907417,2
6188,10.169317,-2.0265508,7.175119,1
6192,10.483656,8.916717,4.908206,2
6196,11.839829,-0.8059886,8.586121,1
6213,9.407933,8.823306,4.3838954,2
6267,10.386029,-0.09716261,6.9717627,2
6274,6.731018,6.7070885,10.256636,0
6282,9.319882,9.787913,4.273739,0
6284,10.412576,-0.47234917,7.1712337,2
6291,8.962353,5.695098,10.082335,2
6292,0.47243792,2.3040617,2.859719,0
6294,0.6093291,1.8426918,2.7288544,0
6299,11.852084,-2.612411,9.552688,1
6305,10.829961,10.202183,5.1040792,2
6318,6.547791,7.092893,10.293885,0
6322,10.573933,10.199313,4.84562,2
6334,10.11505,-2.714666,8.373311,1
6344,9.102775,6.6507626,10.094913,2
6350,10.2596445,-2.38709,7.434429,1
6375,10.017349,-1.2295215,7.519677,1
6384,9.528039,8.9418545,4.391792,2
6400,11.888112,9.260989,5.051592,2
6403,0.4728213,2.43064,2.7858741,0
6418,8.478985,5.817084,10.157982,2
6426,1.8839757,2.2474334,-0.31809354,0
6441,10.116498,-3.779768,9.067282,1
6442,7.5970097,7.0110154,10.043091,2
6446,0.5772665,2.5477352,3.3052764,0
6450,0.415911,2.853708,1.6677339,0
6452,9.1727085,5.830291,10.149543,2
6484,-7.6793985,5.6682563,5.323126,2
6486,0.75632834,1.7221394,4.1079764,2
6496,10.021501,5.93476,10.2314005,2
6507,0.29976627,2.6763217,2.790965,0
6513,8.2241125,6.068256,10.130784,2
6516,0.50466335,2.2730074,3.5234761,0
6524,10.09657,-1.218596,7.513832,1
6534,10.026684,-1.450134,7.6620502,1
6536,9.019463,5.7367816,10.127894,2
6552,9.234625,5.7352557,10.137002,2
6554,11.373455,9.010332,4.897422,2
6555,12.160177,9.443602,5.0084343,1
6560,10.115026,-3.8015223,9.000226,1
6577,10.282696,-3.461347,8.37336,1
6591,11.683175,-2.7962217,9.409194,1
6599,9.451505,6.221104,10.099079,2
6610,0.4354044,2.8518353,1.6751915,0
6636,0.6466475,1.8659352,3.288548,0
6640,11.476961,9.252707,4.8795233,2
6646,2.320405,1.7806922,-0.4565676,0
6657,10.256432,-2.1966193,7.9022765,1
6658,10.133185,-3.2489963,8.049427,1
6673,10.445412,-0.6773459,6.9562125,2
6699,11.859922,-1.3171133,9.03508,1
6709,1.9975692,2.2855463,-0.4522006,0
6714,0.34750593,2.7853918,3.059531,0
6735,0.114868864,14.666729,6.701055,1
6776,7.931237,6.964608,10.064657,2
6781,9.55972,5.8279495,10.309165,2
6784,10.000058,8.884283,4.8192387,2
6798,10.219223,-2.996978,8.042271,1
6801,10.453063,-0.84605145,6.865232,2
6812,10.283982,-2.6028125,7.534183,1
6847,9.900695,6.121,10.218928,1
6856,11.106126,10.270914,5.048231,2
6864,11.536917,9.340669,5.1404676,2
6888,0.24233575,14.521096,6.602239,1
6901,11.969374,-1.1112506,8.649975,1
6915,10.433677,-2.584552,7.614604,1
6917,0.25860947,2.8909159,2.8150356,0
6920,2.08242,2.385583,-0.41322902,0
6925,11.718488,-2.6957936,9.462587,1
6927,12.44098,9.699914,5.0873866,1
6930,10.144146,-1.2842398,7.583698,1
6943,10.239694,-3.5300655,8.920516,1
6951,10.215365,10.035704,4.8353696,2
6952,10.317851,8.878678,4.7106686,2
6954,0.377859,2.8429725,1.6645081,0
6969,8.938355,5.748475,10.19472,2
6973,6.96975,7.104285,10.120102,2
6977,1.2109246,2.7287734,-0.072720155,0
6991,10.26438,-3.831971,8.801674,1
6994,-6.966927,5.835647,4.6650367,0
7000,10.248858,-3.5955307,8.991297,1
7001,9.814288,-3.224708,8.615479,1
7016,10.337457,-1.048403,7.0919166,1
7021,0.65384406,1.8736002,3.9604652,0
7031,10.320619,-1.3075954,6.9051123,1
7035,0.62601453,1.7086505,3.6956,0
7049,11.915011,10.128546,5.0810857,2
7051,6.8632307,6.505266,10.252089,2
7075,10.136341,-0.8879709,7.274014,1
7077,9.877974,6.183373,10.193183,2
7085,11.985233,-1.8674239,9.060716,1
7089,10.272107,-3.274494,8.179961,1
7117,11.680332,-0.68052286,8.426792,1
7122,10.8334465,10.123793,4.887836,2
7124,7.9989543,5.832434,10.302162,2
7128,10.019884,-1.6959316,7.724549,1
7136,0.5687248,1.919249,2.6837804,0
7145,-7.21284,5.7518883,4.88273,0
7153,0.40320325,2.8942509,2.7634273,0
7159,6.83933,7.1076317,10.210006,0
7167,9.625558,5.813052,10.1769085,2
7178,10.723402,-0.3618434,7.2978425,2
7189,7.101851,6.4171987,10.276331,2
7190,9.237326,9.087311,4.1764727,2
7197,7.1075954,6.3443236,10.225611,2
7215,10.96555,10.127231,4.994352,2
7232,11.992006,-0.98241717,8.676946,1
7234,10.112649,-3.3988938,8.83918,1
7236,9.458408,8.890683,4.4665504,2
7238,10.4057,8.865556,4.8185434,2
7240,0.69547874,1.8581754,3.9995074,0
7252,11.831524,-1.4811556,9.068638,1
7278,9.928676,9.9646225,4.666562,2
7282,9.967158,-1.8753372,7.8654194,1
7293,10.895845,9.251974,4.825008,2
7303,2.0597627,2.1315851,-0.40615648,0
7304,9.722402,-2.5524392,8.008664,1
7310,0.64975965,1.754522,4.0926585,0
7322,8.254802,5.839612,10.438716,2
7342,10.643207,10.108502,4.920244,2
7350,9.894965,-2.5312152,8.336704,1
7353,10.147482,8.858309,4.7490416,2
7356,0.6067126,1.7174202,3.494486,0
7367,7.6677403,6.175169,10.2718935,2
7418,10.216859,-2.914554,7.808317,1
7424,10.59987,10.1247015,4.9085693,2
7436,11.858804,-0.8329002,8.465294,1
7441,10.115401,-2.5182743,7.7814293,1
7455,1.7559944,2.5327497,-0.32759035,0
7487,0.60354775,1.8016629,2.9691472,0
7489,0.39869037,2.8097427,1.5838971,0
7491,11.049011,8.900729,4.869822,2
7504,10.724626,9.145139,4.711862,2
7505,0.5138495,2.2691302,3.353426,0
7509,0.64174247,1.8662122,3.9791563,0
7511,2.3635273,1.7447486,-0.48377752,0
7519,10.26738,-2.7766066,7.674678,1
7520,7.327797,6.3138595,10.148465,2
7523,8.372195,7.009041,10.141397,2
7524,10.395246,10.129817,4.8624444,2
7533,6.6462097,6.8533626,10.264369,0
7547,11.921338,-0.88236445,8.660364,1
7553,7.3076296,7.065174,10.034701,2
7554,7.318945,6.337468,10.242614,2
7559,0.5915501,1.8699108,2.8031983,0
7574,10.143304,-1.1557107,6.887098,1
7575,10.344523,-0.32361433,7.073409,2
7588,11.633943,10.133947,4.978613,2
7598,0.31506985,2.8517485,2.32225,0
7602,10.9047575,10.133455,4.9542027,2
7604,9.9456835,-3.3077495,8.846396,1
7623,12.464917,9.64902,5.0918546,1
7629,10.048622,6.0469203,10.225811,1
7684,10.392238,-0.25907055,7.012645,2
7701,8.768228,5.692587,10.311813,2
7705,10.415928,-0.32916966,7.0062885,2
7710,10.192543,-3.4610646,8.689592,1
7718,9.530776,6.3818283,10.184629,2
7725,10.155554,-2.4360697,8.073392,1
7729,9.599413,6.355919,10.169197,2
7748,10.123617,-2.7334218,7.6450057,1
7750,10.354982,-1.1192021,6.9828424,1
7755,8.420085,5.719188,10.112117,2
7762,10.758384,10.163803,5.028065,2
7764,10.849138,9.125529,4.681836,2
7780,-7.3983254,5.858912,5.0140414,2
7795,9.872691,-3.191574,8.742287,1
7854,11.897259,9.274268,5.0849357,2
7860,11.887695,-1.6809746,9.093313,1
7862,10.236188,-2.1185613,7.3250694,1
7872,0.6687208,1.6891761,4.1591015,2
7881,10.657226,10.157729,5.0652304,2
7884,9.92754,-2.5135784,8.468568,1
7886,10.274125,-2.9609222,7.933509,1
7900,9.628487,8.872542,4.3640976,2
7918,10.467213,-0.41188866,7.195836,2
7947,10.282866,10.014316,4.7575407,2
7950,0.40466723,2.8693407,2.6503644,0
7957,0.5818525,2.0024436,3.5948212,0
7959,9.862342,-1.4844046,7.7593617,1
7985,9.973641,6.0648127,10.216963,1
7999,11.79253,-2.5500777,9.365007,1
8004,10.440595,9.037642,4.9454136,2
8009,10.373499,-3.6835833,8.612437,1
8010,0.3764477,2.8200407,1.5929286,0
8011,8.1652355,5.8246517,10.385007,2
8016,9.317077,6.524807,10.203755,2
8017,10.142652,5.9078703,10.222459,1
8021,0.40228143,2.82808,1.5910572,0
8035,10.280401,-2.6714873,7.587761,1
8050,11.955639,-2.4928515,9.450801,1
8064,0.42774555,2.8602085,1.6891508,0
8077,0.0019358171,14.816274,6.780246,1
8085,7.8718696,6.9146347,10.09419,2
8116,9.4524145,8.849514,4.336642,2
8124,-0.051897682,14.857424,6.827642,2
8143,8.207215,7.1170163,10.179957,2
8146,10.395729,-1.6450046,7.0417376,1
8153,0.6368555,1.9750721,3.8053448,0
8172,8.908736,8.823642,4.100792,2
8176,11.914222,-2.6789231,9.589074,1
8179,10.03406,-1.0430458,7.43615,2
8188,9.7852125,6.083465,10.168864,2
8193,10.129536,-2.7884235,8.215705,1
8199,11.900487,-1.3335037,8.72245,1
8211,8.96574,5.7650504,10.203899,2
8212,10.365039,-3.7554955,8.779638,1
8221,10.253434,-2.2719514,7.932481,1
8224,10.472552,-1.1484804,6.8910794,1
8238,11.162809,8.999982,4.85817,2
8246,10.339241,-3.8031895,8.833782,1
8247,9.180985,8.881733,4.3036017,2
8254,6.7504597,6.7572727,10.223006,0
8261,11.790273,-1.667292,9.226171,1
8268,10.919374,10.069944,4.978219,2
8273,11.055179,9.017752,4.8091135,2
8279,10.265058,-2.7461376,7.659054,1
8310,6.5561395,7.1604857,10.334997,0
8311,10.043349,-1.7512062,7.9039035,1
8314,9.424572,8.877589,4.1175394,2
8320,10.457511,-0.29637226,7.093321,2
8351,10.190122,-3.4346366,8.872343,1
8353,10.383352,10.1406975,4.812803,2
8367,9.433184,9.022684,4.3353176,2
8370,10.041921,-2.2918649,7.354918,1
8380,8.836419,9.353408,4.110532,0
8397,7.066338,6.3948994,10.32735,2
8421,10.270695,-3.492909,9.066496,1
8425,11.712104,-0.6251229,8.512203,1
8444,9.87709,-2.2669935,8.068537,1
8449,10.431173,10.048164,4.894979,2
8453,9.859746,9.869927,4.584448,2
8471,11.85046,-1.1875558,8.837435,1
8479,0.5577756,1.8461913,2.7472634,0
8485,9.417056,6.359336,10.085743,2
8487,11.582052,10.107081,5.0933194,2
8499,10.416605,-0.4673015,7.162837,2
8501,10.139098,-1.7429261,7.1764555,1
8523,9.242208,9.012177,4.170059,2
8534,7.5228357,6.9510474,10.1306,2
8546,0.45344922,2.3417807,2.7184703,0
8549,10.119804,-1.1748164,7.5159473,1
8551,11.895544,-1.1993109,8.838914,1
8556,10.388395,-0.31298074,7.061686,2
8561,0.51539,2.3858042,3.269445,0
8565,7.874263,7.1850386,10.046444,2
8567,0.42859143,2.821049,1.648443,0
8597,10.259549,-2.355897,7.4818325,1
8598,8.356234,5.7655234,10.340119,2
8599,11.628992,9.200581,5.136391,2
8602,0.34894466,2.8287084,1.8131685,0
8605,9.321087,9.603861,4.297469,2
8608,8.081416,5.8325467,10.40996,2
8618,11.929116,-1.3315995,8.75932,1
8620,0.63495326,2.4631226,3.4150221,0
8636,0.45283526,2.206659,3.0824142,0
8637,10.555154,9.007818,4.6493793,2
8642,12.002791,-2.043136,9.062841,1
8657,9.957684,-1.7557216,7.9602847,1
8659,2.2762969,1.8591394,-0.4254815,0
8665,10.241464,8.795248,4.6802797,2
8666,11.12652,10.192454,5.0445952,2
8667,10.266118,-0.8107259,7.292097,1
8694,11.049636,10.0185,4.9692407,2
8708,10.157866,-1.6249505,7.2730184,1
8714,-6.9751725,5.8191624,4.672336,0
8719,9.96134,9.962151,4.472403,2
8723,9.33905,8.944829,4.248554,2
8736,9.115198,5.903726,10.143626,2
8744,10.782162,10.173467,5.1006217,2
8773,9.23658,5.7959104,10.224487,2
8777,11.587416,-0.49446186,8.22345,1
8786,9.321162,9.7752695,4.257946,2
8798,9.85154,-2.5875616,8.511973,1
8815,11.837273,9.466242,4.90178,2
8818,9.539564,8.894161,4.3979855,2
8822,11.937074,-2.611158,9.580842,1
8827,11.818695,-2.7167153,9.525116,1
8842,11.906027,-2.588584,9.521883,1
8846,2.4140093,1.6439455,-0.51453143,2
8877,-7.712719,5.630998,5.394416,2
8878,9.10213,5.8528543,10.175025,2
8893,10.14844,5.91892,10.228673,1
8896,10.036586,-2.1605973,8.28936,1
8907,10.065534,8.936876,4.6582556,2
8910,9.449116,6.2797217,10.147023,2
8911,10.706249,8.92515,5.0182323,2
8927,9.888721,-2.4812777,8.354012,1
8936,10.301309,-0.39323887,6.9009476,2
8940,10.709112,8.941508,4.7916036,2
8954,11.913972,-1.6073982,9.100766,1
8963,10.357808,-0.46775007,6.8952975,2
8972,9.790983,-2.3594348,8.356891,1
8978,8.713773,8.867502,3.9923527,0
8983,8.254029,5.7778296,10.328595,2
8988,0.63813937,1.8358759,2.9619703,0
8993,9.820561,8.870812,4.588054,2
8995,11.485446,9.920909,5.0102944,2
9009,12.072291,10.083962,5.0371923,2
9029,9.727329,9.926124,4.3246546,2
9040,9.793171,-3.2147233,8.821944,1
9042,0.5721147,2.0555189,3.6582036,0
9070,0.65463907,1.7442592,4.104552,0
9075,10.7191925,8.8786955,5.058668,2
9076,9.996462,9.082467,4.676939,2
9082,10.301442,-3.777598,8.66335,1
9083,7.8363338,5.919335,10.396398,2
9123,0.57708824,2.3040628,3.27138,0
9127,10.328386,8.87626,4.918721,2
9131,7.9864736,6.9020324,10.123496,2
9138,8.146514,6.881338,10.253274,2
9155,10.145742,-1.715677,7.179429,1
9157,10.788784,10.155676,5.0525923,2
9167,10.171649,-1.7263302,7.041692,1
9175,10.312812,-1.5491321,7.0226927,1
9188,1.3576362,2.7008798,-0.16719186,0
9192,0.5932941,1.848137,2.7722194,0
9197,1.8561023,2.1948633,-0.32467943,0
9198,10.815304,9.052145,4.768399,2
9202,12.31906,9.933043,5.030821,2
9218,1.4463503,2.6877618,-0.22217372,0
9244,9.581869,6.360431,10.143706,2
9276,11.850278,-1.3008966,9.047164,1
9282,9.40794,9.561166,4.239379,2
9283,11.820917,-1.6886559,8.958913,1
9284,2.2393184,2.0176394,-0.41109398,0
9292,11.691396,9.567037,4.889378,2
9328,10.4748535,-0.39468336,6.9842796,2
9340,10.649699,10.134514,4.8494015,2
9354,0.22930938,14.534509,6.6131563,1
9362,8.949433,5.7104254,10.208318,2
9363,10.169269,-2.8849053,8.070397,1
9368,12.329115,9.912873,5.015172,2
9370,10.364611,8.779922,4.915318,2
9392,9.943571,-1.7317065,7.79539,1
9413,10.224277,-1.5732857,6.9157906,1
9430,0.57043874,2.5065446,3.3663082,0
9431,10.126746,-1.8063948,7.807728,1
9432,10.09955,8.802027,4.853892,2
9458,7.1478915,6.4256716,10.273281,0
9460,10.802915,9.038907,5.0315304,2
9475,0.34406927,2.7796037,2.2000358,0
9476,0.35647324,2.8505435,1.7296914,0
9480,9.9225025,-1.3949666,7.548464,1
9489,7.8673,6.924593,10.099966,2
9502,7.585384,7.095829,10.103718,2
9508,11.799051,-1.3953005,8.865467,1
9514,8.474527,5.748966,10.205102,2
9519,8.58354,6.892414,10.140043,2
9529,0.34542698,2.1040423,3.2283423,0
9542,0.25691548,14.503623,6.5925126,1
9555,0.739212,1.7088397,4.1316643,2
9574,11.360506,10.315163,4.921688,2
9586,10.053851,-2.4475424,8.385232,1
9591,10.122914,-1.7567974,7.7647657,1
9600,10.217993,-3.0988886,8.185254,1
9608,11.920297,-1.5806767,9.000713,1
9617,0.67619157,1.7313238,4.111369,0
9635,10.261501,-2.2640254,7.3198166,1
9637,9.991053,-3.4813013,8.967047,1
9653,-7.6970887,5.6197724,5.3494883,1
9658,9.438171,9.847241,4.3656936,2
9661,10.362946,-0.2731902,7.041955,2
9670,9.102791,9.565103,4.1419673,0
9697,8.37843,5.9171305,10.267403,2
9700,8.838938,9.233998,4.0959163,0
9722,8.106186,5.797257,10.263507,2
9725,1.9317013,2.4792068,-0.38173926,0
9741,9.834578,-2.257523,8.27098,1
9743,9.969035,9.932062,4.648314,2
9744,10.049649,-1.7986865,7.750426,1
9748,9.73277,-3.137947,8.68355,1
9757,0.17969494,2.7066824,2.1368115,0
9765,11.356813,-0.29381502,7.8756604,2
9796,0.5532195,1.8410693,2.7393577,0
9806,-7.1879854,5.7551303,4.866393,0
9823,10.21624,-3.4816344,8.9281435,1
9828,11.935549,10.168309,5.0315037,2
9837,10.382808,-0.63117814,7.202944,2
9842,9.962689,-2.3039238,8.289922,1
9844,12.005494,-1.8222932,9.056541,1
9864,7.7519374,5.9615827,10.343572,2
9889,10.386531,-1.0471437,6.939988,1
9903,9.004393,5.8023467,10.169935,2
9910,10.273907,-2.872191,7.683459,1
9913,7.1378193,6.2617555,10.36351,2
9927,0.2966256,2.5646265,2.4607515,0
9953,12.045783,-2.1593206,9.270878,1
9965,10.237287,8.819775,4.6863484,2
9968,7.321027,7.196508,10.202433,2
9975,9.946347,-2.3364196,8.01483,1
9981,7.4511905,6.153192,10.3437605,2
9983,0.5191185,2.4969141,3.1022394,0
9985,9.003516,6.6973605,10.223009,2
9986,10.147565,-3.294705,8.334308,1
9993,2.4343288,1.6232992,-0.5140601,0
10007,9.664423,6.138376,10.138334,2
10021,11.490489,-0.423473,7.9616675,1
10045,10.515632,10.131989,4.909936,2
10046,10.358161,-1.2458537,6.8841166,1
10049,1.8362838,2.2437391,-0.37402526,0
10054,7.592716,7.210488,10.204309,2
10068,10.116928,8.791507,4.77164,2
10071,1.3596432,2.635053,-0.26829177,0
10073,10.376315,-2.3323288,7.54324,1
10087,9.907033,6.228226,10.228044,1
10095,-7.2614064,5.7556334,4.9205766,0
10111,10.292887,-1.1281415,7.136288,1
10113,8.273909,7.0091014,10.0960245,2
10124,10.22529,-3.5827134,8.714033,1
10130,0.43912527,2.733996,3.2104971,0
10150,1.8840852,2.1889126,-0.29879922,0
10165,10.002422,-1.9023321,8.031617,1
10168,-7.409261,5.8905225,5.011593,0
10170,9.459864,6.4195123,10.250202,2
10171,10.117015,-2.905224,8.643303,1
10176,8.914121,9.039,4.114841,0
10223,10.081372,-0.93468267,7.287671,1
10228,10.229235,-2.4168434,7.3749557,1
10229,10.311406,-0.4172229,7.116545,2
10244,10.398186,-3.7805777,8.842088,1
10249,10.219431,-2.7258875,7.5790563,1
10260,11.857952,9.286543,5.0404205,2
10289,10.034674,-2.327452,8.301822,1
10306,0.48677072,1.9699037,2.82435,0
10311,11.891099,-1.643038,9.074675,1
10313,10.427185,-0.46564054,7.15622,2
10335,9.386542,6.51115,10.227196,2
10345,-7.3132477,5.769094,4.9622345,0
10347,1.4136584,2.6551886,-0.20131129,0
10357,9.988413,6.101384,10.249262,1
10363,1.9919953,2.169097,-0.4099591,0
10365,7.9183226,6.940017,10.131614,2
10389,0.5440857,2.157674,3.4823313,0
10396,9.319704,8.957363,4.275843,2
10401,10.03299,-1.6564919,7.788113,1
10442,0.5847917,1.9785503,3.8450387,0
10462,0.35786894,2.3805895,2.5153155,0
10467,9.308866,8.820209,4.397949,2
10475,10.316484,8.891768,4.91836,2
10480,10.175068,-3.0015771,7.975688,1
10490,10.320439,-3.7005343,8.880415,1
10511,7.0502563,7.229729,10.144842,2
10531,8.191686,5.8104844,10.387035,2
10549,10.167208,-2.1011403,7.2374606,1
10550,10.304523,8.787555,4.976299,2
10561,0.42300192,2.7062445,2.4095879,0
10572,10.28937,-0.39353982,7.139403,2
10576,0.5357162,2.4493248,2.894229,0
10587,0.60914266,1.860785,3.9807959,0
10613,10.286061,-1.0133755,6.919251,2
10623,2.0276053,2.37826,-0.44293222,0
10630,8.692203,5.7318745,10.279221,2
10638,9.671175,8.912254,4.574156,2
10671,9.997605,-2.2310581,8.190638,1
10677,9.132453,6.464011,10.174849,2
10679,0.2774721,14.482373,6.572046,1
10680,8.868968,8.898312,4.160728,0
10691,11.936013,-2.6587758,9.564853,1
10698,8.744679,5.6962466,10.4450245,2
10709,9.964171,-1.4001338,7.6029596,1
10721,10.220131,-2.8466372,7.717969,1
10722,10.217972,10.024424,4.7538266,2
10733,9.334976,6.4049892,10.186905,2
10745,11.220891,8.991092,4.894078,2
10759,8.149218,7.0756216,10.132235,2
10761,10.2717705,9.99092,4.693148,2
10810,7.250146,6.35205,10.2782955,2
10817,11.772293,9.633135,4.9143996,2
10852,10.476176,8.847102,5.0455203,2
10899,10.060117,-3.7880113,9.020433,1
10922,10.138633,-1.0907294,7.507416,1
10961,8.952374,8.860644,4.1774397,2
10993,10.26857,8.738889,4.9814267,2
10994,0.63736564,1.6477392,4.189805,0
11007,0.29588056,2.8437352,1.5408151,0
11058,10.369776,-2.088277,7.39262,1
11059,9.321566,9.751586,4.304158,2
11066,11.886624,-2.456415,9.346587,1
11067,-7.7276945,5.6770997,5.3692374,2
11090,0.3251507,2.8380477,1.6519933,0
11106,11.1685915,8.953225,4.9169536,2
11113,11.840169,9.254369,4.909439,2
11115,0.5861887,2.089171,3.560063,0
11124,10.203722,-3.2218258,8.226397,1
11126,0.60796237,1.8855821,3.979934,0
11137,0.39609405,2.5697296,2.5213466,0
11151,8.836988,6.4071417,10.129187,2
11173,9.911623,5.8945513,10.266205,2
11174,0.5478125,1.8312867,2.9826124,0
11179,9.756384,-1.5630349,7.8706055,1
11181,0.29553306,2.851261,1.5495015,0
11186,10.025822,-1.908334,8.12497,1
11208,10.520474,-0.336783,7.0223293,2
11222,9.1438465,9.389087,4.27459,2
11274,10.217815,-0.99003226,6.89815,2
11276,10.297212,-2.0417945,7.791436,1
11295,11.939692,-2.6820087,9.558286,1
11301,11.621494,-0.44231382,8.1186905,2
11313,-0.27041543,15.16215,6.8781333,2
11326,10.039459,5.887061,10.266489,1
11327,10.152792,-3.3888493,8.716095,1
11341,9.943379,-3.620162,9.11341,1
11348,9.894746,-2.0655642,7.8951344,1
11351,-7.640614,5.6237254,5.2984023,2
11354,11.091347,10.196657,4.8201475,2
11360,11.812217,9.343009,4.7709103,2
11381,8.568613,6.760339,10.162716,2
11383,8.451616,5.8347588,10.156452,2
11388,0.3048857,2.8333411,1.7615314,0
11393,9.580431,9.786313,4.49023,2
11409,9.256162,9.767961,4.235405,2
11424,-0.2601173,15.150619,6.871405,2
11426,10.377698,-3.752157,8.758631,1
11429,9.55214,6.4145813,10.214921,2
11434,0.122975685,2.827022,1.4044211,0
11435,9.089239,6.5445805,10.263844,2
11438,0.3383656,2.6739311,1.6832992,0
11483,10.643359,8.981651,4.751836,2
11487,11.676252,9.150375,4.936295,2
11488,-0.022210453,14.832519,6.793297,1
11501,-6.9481735,5.7915053,4.6496277,0
11519,1.6654968,2.5793638,-0.28269225,0
11537,7.7261105,7.13281,10.136052,2
11541,11.457186,-0.3731406,7.908616,2
11563,8.553713,8.917219,3.9184492,0
11566,9.803798,-2.6105146,8.209399,1
11572,11.782201,-2.6332839,9.478894,1
11574,9.02234,9.100472,4.1284037,0
11581,9.871715,-2.4757957,8.304167,1
11584,8.269559,5.776241,10.234284,2
11585,10.546041,10.071229,4.7851105,2
11590,8.249562,5.7474546,10.356025,2
11607,9.948505,-1.5318072,7.6586256,1
11616,9.822914,-2.4385424,8.050556,1
11617,10.381037,-3.7791455,8.693993,1
11619,10.178016,-3.4646988,8.478621,1
11622,11.825403,-1.380255,8.96287,1
11634,10.123259,-2.766028,8.269978,1
11646,8.640164,5.7099853,10.259408,2
11658,10.157079,8.843357,4.4337225,2
11662,7.3726354,6.2436547,10.436906,2
11682,6.9541626,6.4625173,10.328965,2
11703,0.2249775,14.539807,6.6186333,1
11709,8.037548,5.7631564,10.3457,2
11712,7.5700874,6.302109,10.323192,2
11717,9.71434,9.851526,4.508629,2
11720,10.191195,-0.7914583,7.3726416,1
11721,2.3994763,1.7432905,-0.46835214,0
11724,11.698466,9.5329485,4.941289,2
11730,10.438806,8.8801365,4.613502,2
11745,12.138256,-1.2118069,8.751818,1
11750,12.488057,9.714588,5.0866537,1
11759,9.6233425,9.868396,4.3876953,2
11771,10.335022,-0.30779594,6.989737,2
11773,12.02236,-2.0080276,9.006322,1
11790,0.27717352,2.8223467,2.390978,0
11793,10.221186,-2.289209,7.9798117,1
11794,6.960703,7.166891,10.218839,2
11797,10.648249,10.196626,4.948156,2
11799,8.319893,5.783444,10.385322,2
11816,8.0491905,7.0968695,10.085739,2
11831,0.20554996,2.8024557,2.8665037,0
11836,9.991096,9.979102,4.401461,2
11841,9.524692,6.4006405,10.217251,2
11845,9.8027,-2.220611,8.249527,1
11851,1.9988418,2.426188,-0.4178158,0
11870,-6.978181,5.819939,4.6759224,0
11883,11.72209,-2.5163658,9.39216,1
11893,11.675807,9.196964,5.099252,2
11894,10.270026,-3.0239804,7.8495264,1
11909,9.9400015,-2.6974802,8.372198,1
11911,8.985446,5.718056,10.115201,2
11914,0.33451226,2.844309,2.5271816,0
11915,0.4834158,2.1495864,3.679889,0
11918,9.97819,-2.57992,8.154463,1
11919,0.54364467,2.3047037,3.6038237,0
11929,11.896551,-1.5701497,9.075834,1
11934,11.05106,8.852595,4.624196,2
11942,9.889742,-1.7143787,7.6841335,1
11945,0.32706302,2.6119704,2.569786,0
11947,9.925737,-2.2228498,8.11138,1
11954,0.45032093,1.8629886,2.8615186,0
11956,9.286904,9.026851,4.185698,2
11969,11.356982,9.9954195,5.0006533,2
11986,10.315745,-0.46711412,6.877755,2
11987,10.165999,-3.0969093,8.180373,1
11991,11.926288,-1.5332686,9.087592,1
12019,10.0499115,-2.424283,8.226132,1
12034,1.4420487,2.6769035,-0.236165,0
12035,10.785609,10.198927,4.8621473,2
12047,1.9694812,2.4261327,-0.37956882,0
12070,7.9668293,7.1626263,10.163562,2
12074,9.975327,10.005616,4.6803145,2
12085,-7.6877728,5.650805,5.341065,2
12091,-7.7321153,5.660457,5.3777266,2
12105,1.4214853,2.68135,-0.22138672,0
12108,12.031508,10.088462,4.969033,2
12114,0.6664154,1.6722797,3.7581253,0
12117,0.36042598,2.473245,2.6744485,0
12163,10.243799,-2.002791,7.2394605,1
12165,10.374826,8.804306,4.918589,2
12167,10.118061,5.9119124,10.295412,1
12176,9.728397,-2.39161,8.36711,1
12178,9.83314,9.986285,4.4872947,2
12185,6.5554137,7.006152,10.311778,0
12190,7.703245,7.1000447,10.086092,2
12193,7.106306,6.3954864,10.321886,2
12194,10.415882,-0.9000267,6.9432163,1
12200,10.315846,-2.5171561,7.5574594,1
12213,0.29099244,2.8720186,2.8128073,0
12231,0.2915934,2.6770368,2.428807,0
12245,11.896722,-0.89620733,8.469851,1
12262,11.648865,10.206656,4.9447203,2
12266,10.011233,-3.2941191,8.716706,1
12268,9.598458,8.8932905,4.460423,2
12286,9.686601,5.811953,10.245748,1
12302,11.895151,-0.8041526,8.487564,1
12314,-7.626407,5.7510266,5.2517214,2
12316,8.799872,6.8313794,10.248795,2
12326,8.23931,7.1012144,10.1369915,2
12327,9.991317,-1.3602638,7.5405664,1
12336,9.7224455,-1.5708966,7.871558,1
12346,10.134042,-0.7385154,7.361819,1
12358,12.058142,-1.9541806,9.226074,1
12374,0.54667455,1.8435869,2.788922,0
12379,0.33204374,2.8376288,1.6731349,0
12380,11.989534,-2.6534183,9.559227,1
12388,0.52208734,1.7159815,3.6518419,0
12389,10.201421,-1.6718981,6.985159,1
12399,10.228339,-2.857153,7.7442794,1
12404,0.46515387,2.6993194,2.8185835,0
12419,10.646902,8.910315,4.7492104,2
12423,9.96991,8.794987,4.682157,2
12446,7.418954,6.2896075,10.336574,2
12450,0.47800657,1.957561,3.6331632,0
12462,0.70162654,1.7694315,4.079666,0
12488,10.405281,-1.5770671,7.0057464,1
12490,0.37980232,2.1999054,3.2280805,0
12493,10.138645,-3.8278646,9.037979,1
12495,1.5333797,2.6945527,-0.27630997,0
12504,7.382191,6.1644917,10.359729,2
12533,11.864441,-1.5774398,9.144179,1
12555,8.96459,5.7132187,10.230699,2
12580,2.3130305,1.8159639,-0.44388017,0
12605,10.484993,8.8847275,4.7435236,2
12626,8.163914,5.8374715,10.391108,2
12634,8.043807,6.6866965,10.261168,2
12639,8.004569,7.0698395,10.084052,2
12653,8.066586,5.7899895,10.334345,2
12707,8.822966,6.772691,10.250139,2
12709,11.76882,-0.92626876,8.463434,1
12729,9.81158,-3.2270525,8.669217,1
12755,0.4986889,2.2204988,3.2232807,0
12781,1.5435536,2.5101862,-0.33307,0
12794,9.482058,6.3768473,10.150153,2
12798,10.567166,10.103046,4.808036,2
12801,9.973792,-1.4744626,7.7127686,1
12803,11.882298,-1.3963871,9.020157,1
12807,10.450974,-0.86350495,6.9481964,1
12808,10.786188,8.889692,4.6493983,2
12815,11.848719,-1.5626314,9.187648,1
12818,9.386644,9.662104,4.370264,2
12820,9.9727545,-2.4980972,8.03312,1
12835,10.741194,10.178696,4.853238,2
12848,9.770162,-1.8758347,7.775115,1
12854,10.186922,-2.736514,7.6617084,1
12870,9.51389,6.4188833,10.138012,2
12872,10.51996,9.929872,4.7308016,2
12877,11.84111,9.5463505,4.9053063,2
12909,0.61160254,2.3184814,3.5209606,0
12923,0.3647013,2.6413386,2.9636436,0
12926,6.6505117,6.8180046,10.26765,0
12936,10.001703,9.929637,4.686379,2
12969,12.15728,-1.8402725,9.171257,1
12989,9.920811,-1.6890541,7.7598906,1
13002,0.28775126,2.8052185,1.5000192,0
13005,7.850994,7.0908203,10.154706,2
13023,9.550219,6.383942,10.187621,2
13027,10.171637,-3.5102785,8.925409,1
13042,0.6093124,1.736091,3.3668144,0
13052,0.31352326,2.3183584,3.3134048,0
13078,0.30620316,2.160655,3.2477095,0
13117,8.858495,6.9022512,10.241186,2
13121,12.006375,-2.342114,9.409741,1
13141,10.251757,-3.8799393,8.837036,1
13154,10.030892,-3.7195761,9.083731,1
13158,0.4689762,2.191826,3.4263477,0
13166,9.90119,9.985613,4.527245,2
13176,11.455264,9.136848,4.905723,2
13178,11.903177,-1.8327298,8.980206,1
13186,11.479794,-0.4889784,8.171878,2
13198,9.931265,-3.640891,9.157327,1
13203,0.61845237,1.8002772,4.0713453,0
13211,10.231958,-3.2830868,8.139999,1
13231,6.639192,6.878549,10.232571,0
13238,-0.2951272,15.190395,6.8961515,2
13271,9.621688,-3.1243548,8.695391,1
13275,12.069293,-2.209642,9.409651,1
13277,10.069955,8.864238,4.6612377,2
13278,11.673538,9.3645935,4.7389283,2
13287,10.72089,10.154125,4.855832,2
13297,8.668194,5.624469,10.315286,2
13298,9.794733,-3.2882168,8.751106,1
13299,11.853983,-1.4869506,8.926407,1
13319,12.185025,9.509142,5.0125756,1
13321,12.052481,-1.9557326,8.999532,1
13325,10.210093,-1.6537421,6.9229875,1
13332,9.844789,5.9318714,10.340279,1
13333,1.961761,2.519074,-0.3874022,0
13337,10.053,-3.2286565,8.702563,1
13346,8.997513,9.438904,4.129866,0
13356,10.445027,-0.38380677,6.9725075,2
13364,10.288471,-2.8373363,7.9525666,1
13378,11.995858,10.109144,5.0488524,2
13380,12.020943,-1.0876456,8.671271,1
13407,0.34785035,2.2411528,2.7483313,0
13408,10.160613,-2.8481307,7.6189985,1
13423,6.5982766,7.182799,10.334852,0
13435,0.3442802,2.8161576,1.7758715,0
13438,2.4744084,1.6023396,-0.5015806,2
13447,8.663758,9.214846,3.9868853,0
13449,10.029027,-1.8682817,7.193519,1
13450,8.356511,5.719193,10.443442,2
13462,7.0833745,6.3426614,10.447975,2
13471,8.535732,5.736216,10.392813,2
13483,10.15689,-2.195343,7.896214,1
13494,6.9669523,6.544233,10.483377,0
13498,8.850466,6.815575,10.264276,2
13513,9.391287,6.5364923,10.285979,2
13518,11.408317,-0.39999515,7.8794646,1
13523,1.4781122,2.6663504,-0.24544927,0
13553,9.759098,-1.9219174,7.993449,1
13565,9.698856,9.875142,4.427047,2
13569,2.1135643,2.1803777,-0.47516257,0
13570,10.222986,-2.9598124,7.7459216,1
13578,1.915333,2.5173044,-0.37648627,0
13583,7.517875,6.934889,10.170033,2
13586,0.33655605,2.8694315,2.793787,0
13598,10.21132,-0.692834,7.190141,2
13618,10.060526,-3.053568,7.9137807,1
13628,-0.25282705,15.146567,6.856947,2
13639,-7.1822634,5.7348933,4.858753,0
13680,0.99819535,2.7488873,0.09540515,0
13688,12.00891,-1.9471779,9.056973,1
13691,10.124332,-3.3305001,8.270044,1
13692,9.371432,9.640406,4.349444,2
13696,0.35154083,2.7740285,2.7298672,0
13715,9.667593,-1.5033749,7.8533998,1
13722,10.494018,-0.31166375,7.057271,2
13742,10.308768,10.178419,4.4618773,2
13753,9.95906,-3.2656326,8.563963,1
13761,8.938203,8.846707,4.106572,0
13763,0.5716196,1.6901652,4.149789,0
13787,10.410427,-0.41133258,7.036694,2
13788,10.545986,8.778672,4.9869385,2
13808,9.814374,-0.9391639,7.246929,1
13817,8.712486,6.7209797,10.245727,2
13824,11.071244,9.029719,4.8078375,2
13825,10.435338,-0.31635904,7.022875,2
13827,10.109513,-1.751157,6.990818,1
13833,1.7270837,2.3541436,-0.34995544,0
13834,10.683367,10.163608,4.8419156,2
13836,0.3917314,2.328298,2.7357035,0
13839,10.263182,10.083648,4.6001453,2
13840,11.884769,-2.6201096,9.511393,1
13849,10.08338,-1.3932517,7.613551,1
13859,7.5442524,7.125121,10.146234,2
13862,11.821505,-1.4660003,9.0889225,1
13873,0.5053843,2.6105108,3.2709901,0
13892,10.206604,-3.5535746,8.983427,1
13896,8.105907,7.160951,10.155862,2
13905,10.92516,8.77783,5.041891,2
13913,0.5685039,2.0333736,3.6785035,0
13918,0.27863514,2.8037615,1.6522375,0
13952,0.25079527,2.8409266,2.8336573,0
13964,6.557342,7.181449,10.412619,0
13970,11.960055,-1.4288906,8.892415,1
13973,0.41259763,2.860553,1.6713054,0
13981,0.49196923,2.250825,3.487576,0
13997,7.849673,7.242445,10.031166,2
14011,1.4912542,2.579856,-0.33443907,0
14018,0.2501699,2.7119863,3.1639085,0
14025,9.915099,-2.5459204,8.361525,1
14026,11.982929,10.145785,5.086248,2
14032,0.35529548,2.624869,3.3043027,0
14057,0.3849061,2.6709049,3.0539494,0
14069,11.685491,-0.40689987,8.160393,2
14070,7.722221,5.9020667,10.625819,2
14084,11.527601,-0.5064788,8.224235,2
14088,9.851606,-3.0321255,8.557237,1
14099,-0.2696799,15.160649,6.8789067,2
14102,11.957464,-0.9376337,8.683085,1
14143,7.259744,6.3724675,10.287969,2
14144,7.7917466,7.1370616,10.0606,2
14159,9.784355,-2.3984296,8.192668,1
14171,9.905669,-1.2457749,7.5618415,1
14174,1.7572534,2.18217,-0.34904715,0
14178,10.410068,-1.0646777,6.9127846,1
14193,0.5635669,2.5041761,3.3025844,0
14202,9.616015,9.765886,4.4998665,2
14207,2.489847,1.5822672,-0.50141346,0
14215,11.994376,-1.7165595,8.986234,1
14217,9.585408,-2.1374438,7.9441648,1
14242,0.2697782,2.8132348,1.8802326,0
14250,10.138097,-3.3706033,8.80578,1
14252,6.8969817,6.5627666,10.324635,2
14256,10.259476,-3.8826244,8.73166,1
14258,10.181677,-1.5098631,7.0334306,1
14264,6.9174876,6.6094713,10.449401,0
14268,1.6043267,2.6776352,-0.2342358,0
14269,11.864467,-1.4544659,9.227737,1
14277,10.448566,10.070041,4.84426,2
14280,1.6296237,2.531703,-0.32003352,0
14285,9.022796,5.7973433,10.212233,2
14315,10.136858,8.928562,4.8270416,2
14332,10.280042,-0.42283,7.062242,2
14338,9.097659,6.8882947,10.346271,2
14349,10.722029,8.814672,4.754199,2
14353,9.012089,6.5387073,10.327714,2
14367,10.612513,10.174947,4.757247,2
14380,2.1901188,1.8531234,-0.4535462,0
14384,0.543561,1.9355882,3.9255402,0
14389,10.084232,-3.7350168,8.972807,1
14393,11.7578,9.238986,5.10549,2
14421,10.23788,8.806979,4.837658,2
14435,7.431316,6.109588,10.500664,2
14441,11.75464,10.156492,4.964165,2
14446,1.6410193,2.4786325,-0.27129456,0
14472,11.910377,-1.2293224,8.986469,1
14491,9.402352,5.807416,10.234679,2
14503,9.287307,9.748667,4.2114677,0
14520,8.924447,9.435648,4.1117415,2
14531,0.27223757,2.7248478,1.6090556,0
14533,8.511971,9.07341,3.9663436,0
14550,11.869262,-0.81477284,8.703175,1
14553,2.23512,1.8352745,-0.50856,0
14554,10.267645,-3.6781309,8.752186,1
14564,8.181374,7.1666455,10.176368,2
14575,10.166082,-3.4089034,8.868695,1
14592,1.489675,2.5511646,-0.33299494,0
14601,9.7978325,-2.5310628,8.408935,1
14604,10.938328,8.995024,4.585407,2
14614,11.592418,9.521993,4.9609275,2
14619,9.449913,5.8785048,10.209534,2
14634,9.7246895,6.240289,10.189083,2
14643,-7.068599,5.7084765,4.765932,0
14654,10.938246,9.062391,4.4947042,2
14658,11.8871355,-1.3603687,8.918192,1
14660,0.22772071,2.7960021,2.4006698,0
14664,9.7306,-2.6589282,8.039775,1
14678,10.115524,8.881257,4.854579,2
14682,11.184709,10.2141905,4.9135413,2
14683,10.073554,-1.9464877,7.1627626,1
14702,11.284517,9.23188,4.6317406,2
14720,10.443516,10.213859,4.6935863,2
14722,11.693276,10.16243,4.860017,2
14723,11.8868685,-2.6912959,9.56308,1
14730,1.9044067,2.124856,-0.35995454,0
14731,10.239704,-1.6530911,7.0297775,1
14735,11.511313,-0.43083063,8.238748,2
14738,0.61650264,1.6851829,4.166664,0
14787,-7.5213776,5.7824683,5.151921,2
14794,11.5777855,-0.4807883,8.162291,1
14834,10.731591,8.878769,4.5071645,2
14837,11.308429,8.865406,4.7927375,2
14842,0.27999353,14.480271,6.569472,1
14854,9.548315,9.755602,4.3089128,2
14857,10.842863,8.7351055,4.968952,2
14862,11.827279,-1.4860966,9.029719,1
14864,12.343139,9.595187,5.012737,1
14875,8.31642,5.7550044,10.337646,2
14883,9.89676,9.988973,4.452424,2
14897,10.25745,-2.8527172,7.650229,1
14900,9.893596,-1.2908136,7.554454,1
14907,11.504414,9.054474,4.8995757,2
14908,11.655705,-0.6102585,8.352054,1
14914,8.2032995,5.7985907,10.385285,2
14917,-7.2616014,5.7668853,4.9219966,0
14920,8.742418,5.7259445,10.374609,2
14921,0.38883772,2.1027288,3.54339,0
14945,0.41701874,2.6026874,3.2950804,0
14956,0.43988866,2.2068222,3.344676,0
14968,8.775737,9.237508,4.061053,0
14971,9.748036,9.951502,4.3452835,2
14979,8.242397,7.0856776,10.046079,2
15000,9.97186,6.100563,10.222369,1
15006,11.857206,-0.73730004,8.459847,1
15012,0.35778034,2.8389537,1.6508715,0
15014,1.7477441,2.5802186,-0.3667293,0
15016,9.294827,6.7166996,10.273708,2
15018,9.751298,-1.979835,7.9982724,1
15028,9.239814,9.499535,4.30459,0
15065,9.723445,9.835182,4.482966,2
15093,8.046953,7.188503,10.20004,2
15097,9.5696335,9.849808,4.284038,2
15107,10.132101,9.983193,4.7061815,2
15117,0.3452427,2.3915944,2.846126,0
15156,9.891939,-1.2527617,7.4049764,1
15171,10.408935,-0.44519266,7.080092,2
15172,9.012501,6.561345,10.551268,2
15191,10.313855,-3.6899612,8.728656,1
15193,10.100874,-2.381434,8.193559,1
15201,7.4642715,6.1015077,10.354181,2
15206,8.714672,5.70516,10.112682,2
15218,9.736472,-1.4572743,7.8371887,1
15224,10.003255,-2.7609792,7.6393504,1
15228,0.37804914,2.2496426,2.984502,0
15234,10.312908,-3.4663727,8.310602,1
15235,-7.48259,5.7789516,5.1176167,2
15240,0.32812184,2.8099864,2.8971062,0
15257,9.821095,-3.427451,8.823748,1
15286,10.038242,6.053531,10.274125,1
15295,7.8767233,7.0055895,10.244357,2
15314,11.403847,-0.21609326,7.8470483,2
15328,0.449367,2.521115,3.3445587,0
15330,9.970386,-1.0135726,7.39389,2
15335,0.23871863,2.7738886,2.2832656,0
15340,7.996244,5.781829,10.4041,2
15342,9.988702,-1.2402459,7.5667105,1
15349,8.931133,6.6268706,10.396525,2
15353,0.5454836,2.3663805,3.0533607,0
15358,7.1977563,6.2317615,10.399106,2
15359,9.632519,-3.110435,8.776835,1
15368,11.914663,-2.7080798,9.678148,1
15370,10.273077,-3.7991285,8.798044,1
15378,0.5405304,2.0361323,3.661732,0
15392,10.134302,-2.3008256,7.5408444,1
15394,-0.24338846,15.126028,6.867876,2
15396,12.427957,9.617397,5.075454,1
15403,12.124517,-1.6555709,8.92028,1
15405,10.254133,-3.8387241,8.923854,1
15413,12.054173,-1.2172164,8.803887,1
15416,10.218243,-3.8139446,8.69616,1
15417,10.049932,5.9552855,10.336366,1
15418,10.013052,6.09857,10.260913,1
15420,10.272294,-2.9566767,7.682921,1
15430,10.244329,5.8956842,10.345605,1
15435,10.139154,-3.6880548,8.677366,1
15438,9.148594,8.866891,4.1177626,2
15448,9.0189295,9.325567,4.1849566,0
15449,8.555831,5.7625313,10.3837,2
15451,9.778374,-2.180275,8.196013,1
15463,-7.6230793,5.629503,5.281197,2
15474,11.052889,8.811865,5.0546145,2
15487,10.154697,-0.75432444,7.3582463,2
15488,9.950675,-2.717795,7.6662474,1
15498,10.416981,-0.47088397,7.229951,2
15508,8.008372,6.9675736,10.191925,2
15514,11.011049,9.093662,4.758012,2
15517,11.369527,10.125791,4.9507,2
15518,9.16539,6.6732874,10.298016,2
15520,11.7916975,-0.7868323,8.7133665,1
15543,11.596617,10.297539,4.8337407,2
15545,11.682624,9.165729,4.8945804,2
15546,8.993557,5.684246,10.28773,2
15566,8.071101,7.202121,10.208808,2
15567,10.134194,-1.9705222,7.8200026,1
15572,0.421613,2.0712268,3.5336454,0
15591,11.87653,9.265577,4.8998823,2
15596,11.843452,-1.2505671,9.0154705,1
15615,9.771326,-2.3870137,8.32432,1
15630,7.4002686,6.232062,10.468428,2
15632,1.7262161,2.5550923,-0.34210277,0
15636,11.756022,9.233151,5.10562,2
15639,8.511893,6.6580334,10.180471,2
15644,11.700728,-0.5363586,8.4044,2
15659,8.982507,5.676112,10.218192,2
15672,10.045933,-3.743116,8.962918,1
15680,1.5311439,2.714461,-0.2520384,0
15686,0.44376907,2.3923647,3.3432324,0
15687,9.582456,-1.5722915,7.6498804,1
15688,-7.6900253,5.643027,5.338113,2
15696,0.17964405,2.8058028,2.6790624,0
15700,10.103972,-1.9845095,7.811741,1
15704,9.787682,-1.9580848,7.703325,1
15715,0.49563128,2.4056966,3.5353932,0
15723,0.15196884,14.619471,6.6886306,1
15740,0.4259919,2.8667874,1.5075023,0
15750,8.657193,5.814536,10.383997,2
15753,7.9920373,7.06474,10.181139,2
15769,10.077439,-2.5669231,7.5856667,1
15773,0.3728025,2.7239485,3.1188593,0
15791,9.959241,6.1958485,10.285439,2
15815,9.765791,8.860649,4.543474,2
15819,11.473903,-0.23157787,7.901755,2
15833,9.827801,-2.5487177,7.41928,1
15834,0.5391821,1.903076,3.9071338,0
15838,2.5085003,1.5570116,-0.48348376,2
15839,0.11661659,2.6039708,2.2794008,0
15844,11.736036,-2.5614333,9.409332,1
15857,7.415627,6.228016,10.37581,2
15892,0.19966234,2.8165705,1.424572,0
15894,9.92888,-1.4267155,7.5378885,1
15900,12.009003,-2.5942106,9.531118,1
15913,9.818676,-3.4245465,8.752069,1
15931,10.123102,-1.9474782,7.1358743,1
15933,12.276147,-1.8500782,9.205228,1
15958,8.642935,6.7771516,10.253766,2
15976,10.348541,10.037181,4.390605,2
15984,6.629203,6.8887177,10.28186,0
15986,2.0440907,2.2846732,-0.4867627,0
15993,7.7484393,7.200405,10.137407,2
16007,9.907582,-1.0816681,7.4342604,1
16011,9.8358,-2.3163152,7.296924,1
16020,8.860954,6.7458687,10.237365,2
16022,10.144355,-1.9457436,7.1851587,1
16036,10.465496,8.765318,4.930818,2
16061,9.876043,-1.677407,7.53998,1
16064,10.340758,-2.1107414,7.3614783,1
16065,-7.52732,5.8411264,5.1371207,2
16066,9.90999,-2.3725038,7.543871,1
16070,11.912195,-1.2256496,8.996331,1
16072,1.4220545,2.666541,-0.23958085,0
16106,7.1897836,6.247854,10.442026,2
16114,1.5301839,2.406838,-0.3972714,0
16119,10.215501,-2.694966,7.5640464,1
16138,1.7682451,2.1996984,-0.3483535,0
16157,9.898023,-2.7065043,8.373183,1
16164,8.320667,5.884746,10.490039,2
16166,8.231122,5.7958217,10.585556,2
16168,10.658338,10.277379,4.6758018,2
16176,11.732202,9.27467,4.8980174,2
16180,-6.965276,5.808708,4.66529,0
16189,10.4106045,8.700839,4.940774,2
16206,2.2932792,1.7780461,-0.51714087,0
16211,12.001283,-1.9423847,9.095903,1
16235,10.968135,10.189994,4.7392707,2
16241,8.146151,5.767128,10.468716,2
16251,8.01892,7.1434674,9.974548,2
16253,10.366309,-0.31329507,7.1104774,2
16260,11.628452,9.282893,4.698973,2
16264,10.217862,-0.6345049,6.860343,1
16270,9.102922,9.48001,4.045572,2
16278,12.005055,-2.5805085,9.469431,1
16303,11.758662,-2.6552405,9.472753,1
16314,9.777806,-3.3115082,8.880369,1
16321,1.8929466,2.3748765,-0.43837714,0
16325,9.968017,-2.4648037,7.4220757,1
16336,10.038641,-3.6581874,9.057346,1
16341,9.96032,8.825715,4.7334085,2
16362,1.944331,2.3293488,-0.41303766,0
16369,9.666381,-2.048332,8.05575,1
16382,9.092991,5.810506,10.637352,2
16391,11.950243,-0.8786084,8.657,1
16395,9.588296,9.935555,4.215471,2
16403,9.716014,5.8499274,10.448726,2
16408,9.511263,6.402265,10.193295,2
16409,0.38870078,2.1373057,3.358492,0
16427,7.714577,5.9149423,10.577851,2
16435,11.7059355,10.01874,4.9355907,2
16440,10.531869,10.292815,4.695502,2
16443,9.893127,10.0222845,4.4072804,2
16481,11.738875,9.10089,4.9662642,2
16484,6.9608006,6.612113,10.338278,2
16518,8.700971,5.6640224,10.594353,2
16536,10.7904625,8.920775,4.4662814,2
16544,11.816201,10.12785,5.0467305,2
16546,0.2715074,2.4843268,2.6664906,0
16549,9.912268,-1.809785,7.8368287,1
16554,2.4542356,1.5954007,-0.527176,2
16566,7.7123766,5.8422723,10.5505295,2
16568,-6.9232755,5.833799,4.626548,0
16574,10.302095,-1.5909557,6.9919214,1
16581,7.674594,6.016567,10.453558,2
16589,9.964312,10.069543,4.533483,2
16592,10.607312,9.45492,4.841888,2
16599,8.575499,6.8871145,10.353817,2
16609,11.227522,10.143504,4.9128704,2
16615,10.106192,-2.9834197,8.122282,1
16634,10.924029,9.294224,4.951502,2
16641,10.246901,-3.6617105,8.679561,1
16655,9.240552,6.713052,10.429988,2
16658,9.889551,-2.7572417,8.430519,1
16664,11.6224785,-0.47115603,8.230675,1
16668,10.028667,9.988663,4.6744137,2
16693,11.977796,-2.7011254,9.638081,1
16700,1.4122508,2.6454904,-0.26862276,0
16736,7.169243,7.0669746,10.196593,2
16742,11.413267,9.026091,4.895198,2
16745,-7.479554,5.8340783,5.0889063,2
16750,0.4501102,2.2397883,3.3215497,0
16768,10.808624,10.165548,4.981923,2
16772,10.584016,9.88323,4.7001543,2
16789,0.35212767,2.4395041,2.6271973,0
16792,0.33102217,2.63901,3.2531717,0
16793,9.314967,9.772526,4.2678437,2
16795,11.639827,-0.5087849,8.262231,2
16816,9.90797,-2.1187654,7.9195924,1
16818,8.756165,5.9694586,10.752193,2
16823,10.22556,-3.3463838,8.16233,1
16856,8.463431,5.653314,10.346735,2
16860,11.998827,10.1369295,5.07967,2
16862,10.112108,-1.0159224,6.8680973,1
16880,8.019029,7.1459827,10.283575,2
16896,10.300319,-2.2422636,7.581636,1
16927,12.03518,-1.3079388,8.835053,1
16928,11.932507,-2.6504467,9.620682,1
16945,10.170759,-1.8484108,7.0084615,1
16976,11.78792,-0.926188,8.755656,1
16978,12.100451,-1.2533506,8.820012,1
16993,9.953909,-0.9043444,7.211458,2
16998,12.24635,9.901677,4.931398,2
17015,1.9945091,2.372092,-0.4467816,0
17049,10.222364,-2.8566868,7.5718064,1
17062,1.9449037,2.3372817,-0.45429933,0
17065,9.393037,9.808885,4.3326983,2
17075,10.187392,-1.886734,7.0423203,1
17080,11.573151,10.156573,4.8438888,2
17081,8.736415,8.788592,3.9290004,0
17092,0.39629048,2.159041,3.344947,0
17096,10.858924,8.812573,4.594335,2
17111,9.791054,8.832934,4.5288944,2
17124,10.412431,10.095434,4.3974557,2
17141,0.490094,1.9297464,2.8245547,0
17147,9.874343,-1.8679127,7.853406,1
17163,1.985831,2.2202356,-0.48965642,0
17176,9.336753,9.798406,4.2478814,2
17191,7.1455956,7.171913,10.353895,2
17200,6.533181,7.1711507,10.382354,0
17215,10.612605,10.277764,4.5024924,2
17232,7.413095,6.2331524,10.521868,2
17236,12.238582,-1.8625946,9.189356,1
17250,10.316061,-3.7036746,8.655329,1
17261,11.167027,10.120022,4.7804613,2
17281,9.376491,5.794754,10.292187,2
17283,7.335115,7.2063975,10.239449,2
17293,0.16423778,2.4322474,2.5215962,0
17316,6.728119,6.706595,10.308892,0
17317,8.503952,5.8292446,10.196906,2
17318,0.4652173,2.4940276,3.3297765,0
17322,10.8136015,9.037448,4.3558574,2
17327,9.74611,-1.9950366,7.771082,1
17332,9.710614,-2.2397335,8.151494,1
17350,-7.145917,5.7247477,4.8301725,0
17354,9.881266,-1.4229043,7.6259766,1
17359,8.272423,5.6821833,10.408155,2
17360,6.8717427,6.698947,10.46489,2
17368,9.775671,9.807288,4.225431,2
17371,9.928587,-2.3186605,8.366023,1
17373,-0.0560324,14.862789,6.8298936,2
17411,10.293426,-3.6638377,8.6381645,1
17431,0.22843574,2.702287,3.051452,0
17445,10.163705,-3.110622,7.9584928,1
17455,9.457166,6.5655446,10.417474,2
17483,9.858976,-2.911129,8.395239,1
17491,12.126347,-1.7651613,9.066501,1
17494,10.332646,-1.8074594,7.1186314,1
17502,0.35834822,2.6255512,3.2856493,0
17508,11.633131,-0.68788046,8.327607,1
17528,0.47693753,2.4323964,3.0860436,0
17534,0.33925584,2.0218759,2.492704,0
17540,7.8737044,7.195435,10.084751,2
17563,-7.7462754,5.634945,5.398708,1
17566,8.714296,5.872154,10.711695,2
17596,12.132031,-1.2233588,8.781925,1
17603,10.033688,10.010066,4.390767,2
17618,1.2924757,2.7169561,-0.14020988,0
17621,11.384876,8.913795,4.8583913,2
17659,0.19247955,2.276985,2.7949884,0
17662,0.397512,2.5063598,3.325384,0
17663,2.2879224,1.7763882,-0.5257034,0
17671,11.429441,10.133167,4.964451,2
17673,9.894972,-3.1269405,8.072864,1
17678,7.336977,6.1222663,10.548784,2
17695,11.29041,10.158123,4.7107735,2
17703,10.068978,8.775846,4.6805043,2
17706,9.562123,5.7949758,10.230119,2
17711,7.849435,5.9164066,10.479058,2
17720,0.08487707,2.795105,1.5480106,0
17763,-7.419438,5.8564105,5.0320797,2
17772,0.25010577,14.5116825,6.597304,1
17795,10.051715,-1.8930265,7.071758,1
17810,0.16753079,2.9016027,2.7996218,0
17811,10.309964,-2.1845148,7.4215064,1
17814,7.095835,6.373134,10.479533,2
17828,7.4740605,7.11155,10.18633,2
17862,10.0069275,-3.2357154,8.682015,1
17870,10.356101,-0.61416095,7.0627837,2
17876,10.253342,-3.0351071,7.9106917,1
17908,9.725591,8.785541,4.1308913,2
17913,0.2290757,2.833032,1.5320855,0
17917,2.4331877,1.5971135,-0.54039955,2
17938,1.869568,2.4562547,-0.39588207,0
17948,10.03721,8.922447,4.6973667,2
17950,9.289269,9.6746,4.2183175,2
17961,11.873326,-0.9549091,8.645038,1
17972,10.156278,-1.563581,6.982269,1
17978,10.625327,10.112395,4.320925,2
17980,11.200889,10.218316,4.761489,2
18020,-7.477404,5.8468075,5.083554,2
18021,9.813821,-1.7595427,7.7327714,1
18053,11.155421,8.756792,4.889922,2
18068,12.388239,9.661614,5.026968,1
18074,10.220077,0.030095136,6.8689976,2
18089,11.942365,-0.9404332,8.527989,1
18103,9.668805,-3.0414894,8.5440235,1
18107,10.087494,-3.5777853,8.937929,1
18145,8.718457,5.74911,10.599584,2
18159,7.066406,6.68184,10.540956,2
18162,-6.9197874,5.832398,4.621736,0
18172,9.903377,-1.8765851,8.11161,1
18176,12.039881,-1.9813426,9.030453,1
18192,9.713536,-2.5367184,8.01091,1
18194,10.587843,8.797735,4.5037265,2
18198,8.157254,5.796322,10.367007,2
18216,8.694365,5.7269673,10.294982,2
18217,9.834996,-1.2047398,7.4889402,1
18220,7.5066504,7.0214934,10.360436,2
18224,10.229299,-2.2471192,7.481135,1
18231,9.759938,8.807908,4.0836678,2
18234,10.281155,-2.404227,7.480145,1
18239,9.888823,-1.7982017,7.819349,1
18264,11.029961,10.367611,4.647203,2
18267,8.607355,5.6852236,10.605903,2
18274,8.99078,6.582195,10.430534,2
18278,11.992837,-1.077825,8.640558,1
18290,2.0778024,2.2886848,-0.44168776,0
18301,10.186545,-1.1060699,6.9767027,1
18303,0.1485413,2.6272216,2.7559474,0
18304,7.308737,6.213977,10.479529,2
18309,11.919866,-2.659952,9.555315,1
18313,0.23555931,14.530178,6.606557,1
18329,6.880374,6.6618023,10.465459,0
18333,10.920843,8.924805,4.488369,2
18353,0.091123246,2.573141,2.4044034,0
18355,8.03055,7.1854067,10.20888,2
18391,0.26619902,2.3680124,2.7794669,0
18420,7.5083523,6.076229,10.516014,2
18423,10.429041,10.118785,4.390052,2
18440,10.589479,8.917941,4.4955354,2
18443,11.855828,-2.7237303,9.703719,1
18450,9.839685,-1.5943419,7.2628164,1
18459,8.584504,8.912733,3.8961256,0
18465,0.32352996,2.1912673,2.91307,0
18475,6.6202993,7.1920977,10.366031,0
18477,11.851785,-1.0739913,8.927187,1
18483,8.56262,5.633147,10.797858,2
18498,12.0442295,-1.1876384,9.033258,1
18521,11.976347,-0.88229704,8.588154,1
18523,-6.979535,5.8096914,4.6801667,0
18528,10.915769,9.02488,4.5411363,2
18532,10.584023,10.26896,4.736288,2
18543,11.987553,9.220004,4.925836,2
18556,9.981386,-2.658331,7.594144,1
18567,8.859057,5.6900926,10.797199,2
18595,-6.9780817,5.79936,4.677863,0
18598,7.314333,6.1854544,10.381379,2
18600,9.7084055,-3.103057,8.616425,1
18603,12.20736,9.494188,4.852759,1
18620,6.4988246,7.0844707,10.423519,0
18635,10.616629,8.7925205,4.487693,2
18639,1.4276341,2.6835332,-0.2270071,0
18661,0.20403399,2.4587076,2.8053982,0
18709,10.611769,8.744267,4.8393865,2
18733,0.19867733,2.482566,2.9081142,0
18749,8.89969,9.490036,4.0210633,2
18765,8.87103,6.9205713,10.411588,2
18771,11.927928,9.540377,4.7938848,2
18776,9.752002,-3.2737617,8.842811,1
18781,11.673803,-0.5811576,8.364837,2
18800,7.55984,7.223479,10.191785,2
18806,0.36942708,1.9728097,3.6191657,0
18808,11.449122,-0.245681,7.931587,2
18811,0.039959285,2.9188387,2.839223,0
18829,8.969548,6.2474976,10.379595,2
18834,11.739952,10.025176,4.9020643,2
18847,8.182305,5.83913,10.683374,2
18848,0.29290015,2.1664221,3.2484386,0
18855,-7.403889,5.854293,5.0237966,0
18856,9.796443,-1.2918806,7.4975896,1
18860,11.933536,-2.6138716,9.557729,1
18864,12.459308,9.6010065,5.0701227,1
18870,9.603707,-2.0524197,8.002358,1
18875,0.5733867,1.6129236,4.252488,0
18878,11.997208,-2.0576594,9.030245,1
18899,6.9903007,6.363984,10.407087,2
18909,9.777416,-2.8761284,8.32499,1
18920,8.850519,6.8512325,10.317962,2
18946,9.858544,-2.1580462,7.891251,1
18958,6.73927,7.1508856,10.450441,2
18961,11.962464,-1.4106895,9.063345,1
18972,9.654974,5.763881,10.505483,2
18979,9.689342,-2.0960257,8.153724,1
18994,0.35647354,2.48139,3.3388028,0
18997,10.371492,-0.22814272,6.935439,2
19006,7.601528,6.0383625,10.655829,2
19015,11.8628435,-1.2233047,9.081309,1
19018,8.698477,7.0472126,10.350658,2
19039,9.671086,-1.4935513,7.7751007,1
19041,9.583591,-3.3797493,8.720603,1
19048,9.03329,6.736111,10.355445,2
19050,10.192596,-1.4442401,6.93244,1
19052,1.4863596,2.6342492,-0.24667132,0
19066,10.180939,-3.507602,8.425217,1
19073,8.86761,5.745422,10.514756,2
19074,10.2575245,5.8881207,10.34934,1
19080,8.792699,5.9714413,10.845276,2
19081,8.918882,5.9868464,10.650428,2
19088,7.0955377,7.186719,10.354372,0
19094,8.566011,5.619886,10.545029,2
19102,9.66595,6.449701,10.520994,2
19116,-7.4007874,5.7377768,5.058487,2
19124,0.37371048,1.8933674,3.9359725,0
19131,7.7428575,7.1254315,10.271227,2
19132,11.466577,10.073439,4.9856853,2
19137,9.607816,-1.8173258,7.875326,1
19147,-0.13985325,14.98932,6.8282437,2
19148,9.695361,-1.6807505,7.8473454,1
19162,-7.1258955,5.737742,4.812124,0
19166,10.385246,-0.99503756,6.97584,1
19167,7.9347334,7.202636,9.99589,2
19171,0.6339142,1.7511364,4.096918,0
19199,11.892142,-0.8903627,8.60357,1
19210,9.835785,-1.1233159,6.753928,1
19225,12.28258,-1.8627044,9.229261,1
19230,12.202567,10.072151,4.949501,1
19239,0.5430889,1.9056561,3.9663084,0
19245,-0.2503558,15.138987,6.8641343,2
19254,10.311479,-1.356304,6.8567185,1
19270,9.90516,9.899092,4.6465673,2
19301,8.93674,6.8592587,10.368196,2
19305,8.731237,8.839435,3.927257,0
19323,9.854594,-2.611502,8.504952,1
19326,11.863927,-1.4893671,9.015457,1
19337,9.365671,9.724639,3.9623306,2
19342,0.44782507,1.8189056,3.951568,0
19344,10.11993,-0.95386535,7.369569,1
19350,9.8440695,-2.4442203,7.443674,1
19369,10.074395,-3.6255007,8.53314,1
19377,9.591794,9.804607,4.220768,2
19384,0.5857469,1.8529735,3.9194272,0
19386,10.719145,10.294999,4.7381268,2
19415,11.694542,9.203574,5.0486794,2
19419,11.54984,9.0904665,4.8768177,2
19433,9.951324,10.055574,4.321129,2
19451,-7.5517883,5.804762,5.168355,2
19462,12.304335,9.473258,4.952801,1
19464,0.43346944,2.0930865,3.6633627,0
19487,9.974893,-2.637236,7.4615912,1
19515,11.316779,9.511651,4.8393226,2
19536,12.191722,9.425489,5.048162,2
19545,10.303813,-2.1833627,7.2793636,1
19560,10.95986,9.097945,4.3038144,2
19567,11.023004,8.797742,4.9786983,2
19568,11.923078,-2.6377213,9.653458,1
19591,10.170498,-2.9453855,7.9109163,1
19600,11.921277,-0.63768595,8.397583,1
19604,1.983506,2.269144,-0.47613132,0
19605,7.418722,7.2296157,10.270165,2
19609,10.21598,8.741517,4.4713764,2
19656,7.392376,7.1705747,10.194418,2
19658,0.094979,2.7230844,2.9311924,0
19661,9.813639,-2.193576,7.34162,1
19665,10.673431,10.334722,4.6545544,2
19704,0.2730811,2.2113311,2.9987066,0
19709,12.260852,10.025727,4.9192405,2
19712,11.803091,10.268482,4.826245,2
19724,12.035666,-1.014123,8.636962,1
19736,7.1511436,6.3833523,10.4812765,2
19753,9.318801,9.003858,4.148807,0
19754,0.43613186,1.9776245,3.817095,0
19755,11.079644,10.112822,4.869726,2
19796,9.28851,8.870291,4.0307827,2
19821,11.172291,10.253944,4.8621874,2
19839,0.30027503,2.1395288,3.817253,0
19842,11.779292,9.213015,4.841459,2
19850,9.0014515,6.5425634,10.549801,2
19857,0.24576572,1.8569934,2.7930546,0
19862,11.917943,-1.5269499,9.195272,1
19879,10.175653,-2.8803358,7.685204,1
19880,0.41400483,1.9238042,2.68392,0
19881,7.1705155,6.2700033,10.529975,2
19890,11.889105,-0.6047862,8.356661,1
19893,10.081067,-3.2682714,8.104194,1
19897,10.706306,10.370801,4.656024,2
19913,8.098819,7.1666765,10.485042,2
19920,12.000983,-2.4519007,9.456081,1
19940,9.649504,-2.3940291,8.374424,1
19968,9.542172,8.949106,4.410715,2
19975,0.38585383,2.5320559,3.3132775,0
20009,10.209442,-1.1523699,6.979699,1
20045,0.22016941,2.565862,2.4829397,0
20046,9.450943,-2.562226,8.415905,1
20056,10.212966,-0.26890787,6.9912376,2
20063,7.3291373,6.2377653,10.519245,2
20074,9.507021,8.626591,4.1031184,2
20090,10.345658,8.887165,4.440085,2
20097,8.250309,7.0939517,10.276978,2
20102,9.871168,-2.2730243,7.3331065,1
20104,9.687009,8.884529,4.022185,2
20107,0.23314616,2.382836,2.636133,0
20110,1.435384,2.6155431,-0.20338346,0
20114,8.000423,7.222193,10.071644,2
20123,8.53743,7.0876627,10.280712,2
20128,9.854442,-2.723126,8.411794,1
20176,0.50747633,1.828712,3.987902,0
20178,9.896778,-1.935615,7.896737,1
20184,8.414351,5.727528,10.843206,2
20195,0.0665982,2.5744383,2.2738397,0
20200,11.937641,-2.6454437,9.55873,1
20205,11.595741,-0.4025747,8.008439,2
20207,9.576734,8.905484,4.259552,2
20214,2.289481,1.7585027,-0.52012223,0
20222,9.802267,8.856481,4.6611195,2
20232,1.3725045,2.6710854,-0.20843823,0
20233,11.227213,8.890218,4.677892,2
20253,10.223754,-1.5240965,6.9542,1
20260,0.4482714,2.3670552,3.4438696,0
20264,11.953542,-2.1732755,9.314597,1
20267,11.8187685,10.094215,4.925412,2
20272,9.966824,10.073674,4.5073857,2
20277,9.986133,-1.7844839,6.852807,1
20281,1.3441811,2.679111,-0.20816037,0
20285,1.0834272,2.6996229,-0.0015368696,0
20296,11.669368,9.143328,4.810442,2
20327,8.681629,6.723597,10.324051,2
20331,7.255113,6.2025685,10.637685,2
20344,0.078837834,2.7859719,2.095048,0
20345,8.8271675,9.34401,4.0932236,0
20358,7.531899,7.171757,10.323895,0
20361,9.957177,-1.6014479,7.8407383,1
20363,1.929729,2.2852633,-0.49027836,0
20368,9.67585,-2.2460933,8.213692,1
20393,1.3723769,2.6663868,-0.236864,0
20424,0.2893214,1.5690275,4.2939634,2
20425,9.367071,9.925395,4.1413865,2
20437,2.1899874,1.9959484,-0.50763434,0
20441,9.854875,-3.7311833,9.133909,1
20444,11.95869,-2.6556518,9.591782,1
20449,-0.25772077,15.147898,6.868693,2
20450,0.312913,2.334811,2.9424398,0
20453,9.576411,6.533906,10.408236,2
20462,11.519275,10.01042,4.8660965,2
20469,9.664212,-2.5159767,8.078971,1
20474,9.458594,8.764958,4.1796494,2
20475,-0.11099458,2.5001073,2.7113872,0
20502,10.054667,-1.4816362,6.8206306,1
20513,7.0179877,7.1654496,10.266483,0
20515,-7.5151734,5.7730045,5.146413,2
20516,9.852891,-2.6563132,8.375796,1
20530,9.694428,-2.7801645,8.209396,1
20532,8.8224945,6.873362,10.270916,2
20539,10.8304205,9.051541,4.5109143,2
20543,12.028336,-1.9908031,9.45361,1
20555,10.929213,10.364036,4.6492105,2
20570,7.666639,7.241982,10.222006,2
20575,11.042574,10.306473,4.786049,2
20579,8.590561,9.040433,3.9601834,0
20580,0.4687367,1.5870811,4.2674627,0
20584,10.465333,10.090975,4.3133297,2
20612,0.13012065,2.7976503,2.2946525,0
20615,10.039122,-0.7704907,7.211374,2
20624,9.188473,6.6951327,10.5750065,2
20627,0.13592617,2.8253827,1.5709885,0
20653,9.513145,-1.9119864,8.013364,1
20660,9.721125,6.30787,10.313583,2
20674,1.1368381,2.7333987,-0.032319475,0
20675,-7.6319523,5.6196995,5.290625,2
20678,8.543946,5.7545176,10.87461,2
20687,12.032206,-2.0543535,9.142078,1
20726,9.613191,5.8076205,10.254847,2
20743,0.2712029,2.1554534,3.626658,0
20749,6.5388927,7.183038,10.358958,0
20753,9.0042,9.488804,4.067507,2
20761,9.93787,-1.6306291,7.8319902,1
20766,2.0432088,2.3874853,-0.4138724,0
20767,0.4512935,1.9709752,3.580106,0
20774,0.29895332,1.8021344,3.9444478,0
20779,2.257879,2.08928,-0.4575784,0
20782,11.981258,-0.96733195,8.829239,1
20793,9.708686,-2.94722,8.425368,1
20801,2.443906,1.6194211,-0.53272444,2
20804,10.03992,6.1828537,10.40547,1
20829,0.18550234,2.2067647,3.2084484,0
20832,0.37266168,2.3805077,2.8541589,0
20844,0.5003213,1.9116615,3.9815054,0
20857,8.968455,6.845165,10.3144655,2
20861,7.8410697,7.237226,10.103025,2
20869,9.183109,6.7519407,10.455809,2
20877,11.976894,-2.48962,9.551176,1
20892,10.250573,-3.646033,8.639626,1
20903,10.974697,10.182601,4.7082133,2
20906,7.746678,7.1988115,10.214209,2
20919,11.97706,-1.2746242,8.985011,1
20921,9.448966,9.908067,4.1450415,2
20978,9.777744,-1.038702,7.386415,1
20987,8.876863,6.905259,10.321347,2
20998,11.038939,8.990354,4.30267,2
21004,10.068334,-1.0922139,6.8848658,1
21014,11.877513,-0.86208814,8.649569,1
21023,10.396798,-0.3302708,7.0322165,2
21027,8.121159,5.8528185,10.446373,2
21028,10.230951,-0.7375694,6.8802543,1
21031,0.11499705,2.827376,1.4312881,0
21046,9.308334,5.7022634,10.660163,2
21061,11.546117,10.208271,4.8231654,2
21079,9.82198,6.3183975,10.317245,1
21081,11.962849,9.335171,4.8119946,2
21088,7.5090194,7.078964,10.359821,2
21089,11.158168,8.802519,4.671542,2
21130,2.3209407,1.7384543,-0.52264595,0
21139,10.343661,-3.7480724,8.798887,1
21142,11.491867,-0.4381365,8.168207,2
21143,7.4588003,6.108513,10.621164,2
21144,11.372481,9.04083,4.8215065,2
21148,-0.09858859,2.721504,2.971078,0
21149,10.091909,-1.4217099,6.808655,1
21183,9.951921,-3.449758,8.842792,1
21191,8.328863,5.874473,10.888123,2
21205,10.185307,-1.0629671,6.9723525,1
21212,11.897628,10.052436,4.8741136,2
21222,0.3424391,2.580345,3.2775419,0
21228,10.383581,-0.25971568,6.961509,2
21244,7.517737,7.2381005,10.301964,2
21275,10.306777,-0.67234814,7.038967,1
21298,9.7472725,5.8429055,10.455318,2
21303,11.956409,10.340073,4.815593,1
21341,9.991856,6.085712,10.294753,1
21355,9.840803,-1.0760137,7.4086432,1
21362,11.853424,-0.5998609,8.400374,1
21368,11.023141,8.754329,4.7360706,2
21375,7.469593,6.357052,10.38188,2
21380,9.888911,-2.2261362,8.333934,1
21389,10.144307,-0.8090639,6.8688583,2
21400,9.256696,8.987375,4.2946053,2
21410,1.3873056,2.6384006,-0.23731315,0
21412,7.511002,7.025233,10.412657,2
21413,8.903909,9.5688,3.982997,2
21420,9.614625,6.416009,10.398161,2
21426,10.254306,-3.5624683,8.887026,1
21439,11.536882,-0.5060896,8.214024,2
21451,10.836704,8.977894,4.575253,2
21467,10.888926,8.792512,4.7068605,2
21469,10.904092,8.943539,4.471746,2
21502,0.23599313,2.1098342,2.3762956,0
21503,12.13939,-1.7552112,9.23866,1
21508,-7.3451552,5.799484,4.9827952,0
21509,8.909322,6.807382,10.3307,2
21521,0.46441373,1.8903074,3.8368678,0
21531,10.049195,-3.7918186,9.027792,1
21534,9.858281,-1.9231449,7.070088,1
21564,9.872251,-2.4135365,7.3632727,1
21599,6.8394885,7.1909375,10.468007,2
21601,0.13774247,2.7631674,1.6770669,0
21603,9.693381,-3.267682,8.841613,1
21614,8.3892,5.6522536,10.7444105,2
21624,8.879459,5.9789586,10.834064,2
21625,11.33217,8.753071,4.9465027,2
21638,1.8729453,2.214192,-0.41235006,0
21643,10.679628,8.722068,4.854182,2
21648,-0.044204928,2.5904005,3.2272716,0
21649,8.59725,5.6164145,10.806247,2
21662,12.10114,-1.9144032,9.295423,1
21664,11.807803,8.990294,4.593531,1
21677,11.6338825,9.126234,4.842036,2
21701,0.20870826,2.7589865,1.4246911,0
21712,0.19851893,2.830912,1.5770481,0
21715,10.243644,-2.5169733,7.494582,1
21716,9.615973,-2.2645006,7.0629888,1
21718,7.941233,7.1727295,10.349546,2
21720,11.365771,9.04642,4.264101,2
21721,9.843423,-2.165672,8.159429,1
21743,11.399447,9.051437,4.486354,2
21755,10.131727,-1.3055015,6.8397818,1
21762,6.527338,7.1769557,10.335687,0
21763,9.254971,8.961105,4.2397156,2
21775,12.009406,10.265918,4.835979,2
21789,8.960784,9.4244795,4.0152364,2
21802,10.613356,8.708595,4.8202853,2
21815,10.342781,8.849601,4.3409996,2
21822,6.524767,7.043304,10.42064,0
21826,7.679709,6.060105,10.549915,2
21828,10.716357,8.895598,4.3245144,2
21839,10.779855,8.83116,4.31759,2
21856,9.987272,-3.9012718,8.944327,1
21868,11.026046,8.9841385,4.52143,2
21869,9.930015,-2.7139616,8.322989,1
21873,9.661444,-3.2682524,8.817707,1
21875,11.672694,-0.46114454,8.214693,1
21880,12.140969,9.46404,4.970211,1
21894,9.304468,6.6718626,10.308515,2
21896,9.777074,-2.5835972,7.3916283,1
21898,9.7678175,-1.8711807,7.1174326,1
21910,7.2180343,6.2408295,10.677422,2
21911,9.861759,-2.5915954,7.5210824,1
21915,7.075027,6.364919,10.687407,2
21923,9.797191,-3.7940433,9.058698,1
21924,11.917896,10.177487,5.0244646,2
21927,-0.009306604,2.8722274,2.937607,0
21930,10.72538,10.102998,4.5763917,2
21933,9.18555,6.769335,10.368225,2
21939,2.015752,2.2421315,-0.5121043,0
21942,12.046596,9.744107,4.938666,2
21953,0.24427043,2.493988,2.9439514,0
21963,6.7604785,6.825297,10.612412,2
21977,9.678014,-1.8895295,7.937593,1
21983,8.896689,5.6152873,10.736898,2
21995,11.635818,10.029904,4.859723,2
21996,9.62311,8.994839,4.2484426,2
22003,9.675269,9.914659,4.463488,2
22004,7.7095137,5.9485526,10.440986,2
22011,7.420176,6.122295,10.657494,2
22012,9.0563,9.421568,4.152332,2
22017,11.63879,9.034568,4.750383,2
22026,8.907814,6.8937607,10.379289,2
22043,6.445615,7.0587916,10.494139,0
22044,10.436184,10.251836,4.5721164,2
22051,9.954157,-1.095453,6.769972,1
22054,8.04697,7.2810373,10.549719,2
22056,-7.2384787,5.660349,4.9256682,0
22061,9.11032,6.7219477,10.623405,2
22063,8.582042,6.794028,10.339217,2
22078,1.8534596,1.9037521,-0.4520855,0
22081,9.759926,9.924287,4.171497,2
22089,8.135728,7.073554,10.3372755,2
22092,9.894981,5.926465,10.436145,2
22103,11.218326,8.922716,4.547919,2
22124,11.935049,9.295764,4.9276237,2
22140,11.921146,10.167992,4.8782187,2
22141,9.676464,-2.290292,8.294822,1
22157,7.2689457,6.2258654,10.475774,2
22163,9.948042,10.098166,4.4067116,2
22179,10.009266,-3.771544,9.046245,1
22191,9.952029,-3.702671,8.453611,1
22222,10.021849,-1.8914489,7.88318,1
22225,9.5092125,8.899035,4.2665124,2
22232,9.823809,-2.034915,7.329149,1
22236,0.36914203,2.4829226,3.457865,0
22244,7.949133,5.9176455,10.627434,2
22253,9.961785,10.004949,4.476147,2
22254,9.830378,-1.5696046,6.8821425,1
22263,9.706382,-1.4495806,7.840036,1
22287,7.6786933,5.982249,10.661758,2
22310,10.718266,10.310086,4.6261773,2
22319,9.983042,-1.6616545,6.938249,1
22338,2.2223105,1.9198948,-0.5149356,0
22342,12.140651,9.4738245,4.8956866,1
22344,11.963165,-2.521086,9.593889,1
22356,8.357337,5.697961,10.614159,2
22358,2.1817503,1.825464,-0.53439784,0
22361,9.937211,6.221916,10.396455,1
22363,11.763919,10.296897,4.785114,2
22372,10.343363,8.747829,4.4787703,2
22382,9.557897,-3.1951494,8.731306,1
22407,8.484184,7.0831428,10.466231,2
22412,2.3129718,1.7253926,-0.5263232,0
22437,0.14324254,2.7374713,2.255483,0
22458,7.3454947,7.2519565,10.417166,2
22465,9.839768,-1.5620904,6.8814464,1
22478,9.775283,10.000355,4.2042265,2
22483,9.86378,-1.5617473,7.7130766,1
22490,11.373552,9.076548,4.2611775,2
22499,11.995808,-2.6060255,9.571433,1
22508,9.91818,-1.4306421,7.7088184,1
22509,10.268176,-3.186736,8.019991,1
22510,9.740895,9.940812,4.271516,2
22513,0.04934966,2.803056,1.4284784,0
22515,-0.040634565,2.6625738,2.1382635,0
22525,9.6618185,-1.1932601,7.26012,1
22531,11.481342,8.957085,4.652147,2
22538,2.0165055,2.0460932,-0.49914274,0
22555,8.535876,9.131976,3.9585638,0
22561,9.315533,9.774499,4.151626,2
22566,11.891368,-1.4132222,9.144008,1
22577,8.994049,7.027078,10.435213,2
22578,11.957408,9.2343,4.8846607,2
22579,7.4616947,7.371692,10.46307,2
22601,0.41520506,2.4190502,3.4459329,0
22635,7.3286796,6.3290834,10.508869,2
22644,7.6231847,6.0156746,10.601725,2
22649,9.936374,8.795875,4.3203473,2
22655,10.157528,-2.6378996,8.115333,1
22661,8.860545,8.806596,3.8905613,2
22668,9.602781,-3.041808,8.569789,1
22672,9.632413,-1.3577416,7.553561,1
22673,9.257157,8.81852,3.9271944,2
22681,11.6070795,-0.43890342,8.182084,2
22686,11.7548485,10.045555,4.9083705,2
22688,11.996552,-2.3737924,9.397814,1
22727,9.583687,-1.681896,7.9405427,1
22743,10.896615,8.731569,4.740763,2
22751,-6.96264,5.800835,4.6619096,0
22773,8.845718,6.903661,10.428758,2
22777,7.4935575,6.246069,10.702355,2
22779,7.7898474,7.114852,10.220942,2
22780,9.71449,-2.7386823,8.144364,1
22794,0.257397,1.7876868,2.8484082,0
22798,9.824408,6.3796163,10.482816,2
22805,9.913213,6.210323,10.309158,2
22835,12.05884,9.271971,4.9274673,2
22841,0.2215002,2.7600377,1.4278662,0
22848,11.250291,8.961744,4.53469,2
22857,10.202006,-0.34643966,7.051054,2
22869,9.798132,-1.9993744,7.830744,1
22876,10.754343,8.610268,4.894921,2
22893,9.579537,-1.8823107,7.97569,1
22926,10.038417,-3.2174902,7.994943,1
22945,0.10377582,2.8559904,2.7669406,0
22949,1.4609901,2.5470726,-0.32448283,0
22968,9.981435,-1.6539458,6.95611,1
22984,9.925185,-0.5826809,7.126334,1
23013,12.282803,9.588941,4.904375,1
23016,8.762856,6.786256,10.440105,2
23035,12.294882,9.438425,5.0038238,1
23042,10.723247,10.311767,4.465096,2
23044,9.242937,8.972521,4.033715,2
23052,8.240299,7.1518555,10.193705,2
23053,11.727113,10.207308,4.891443,2
23058,0.18434547,14.584228,6.654666,1
23070,11.699096,9.09079,4.816944,2
23081,11.599636,9.124703,4.818458,2
23082,1.481984,2.425388,-0.41424632,0
23113,0.31422216,2.584534,3.3188381,0
23118,11.60779,10.132591,4.760006,2
23123,9.697161,-1.0664121,6.7854967,1
23135,10.6840515,8.646355,4.8443213,2
23137,0.35783872,1.9628812,3.927899,0
23138,10.017206,10.174834,4.2909937,2
23144,-7.105935,5.8510776,4.777387,0
23148,0.1250704,2.4179838,2.8842952,0
23157,0.08919805,14.698905,6.724945,1
23164,11.097775,8.846722,4.7157474,2
23170,9.770213,8.768397,4.0325165,2
23204,10.512531,10.206041,4.6571426,2
23205,11.458797,9.1730795,4.4433937,2
23212,9.356611,5.674183,10.772379,2
23226,11.616578,9.129827,4.7267075,2
23234,2.378933,1.6197615,-0.5369418,0
23245,1.452539,2.670613,-0.26707923,0
23247,9.81527,9.990663,4.259953,2
23261,9.443293,-1.7140461,7.7570205,1
23265,9.968578,-2.859518,8.150202,1
23270,9.05329,8.925776,3.8525205,2
23301,9.94933,-0.5802527,6.9659963,2
23305,10.488251,8.88848,4.2497478,2
23311,9.503326,8.905149,4.1929736,2
23345,10.406182,-1.8512115,7.132055,1
23360,10.652339,8.806525,4.4578667,2
23373,6.6138973,6.973427,10.562936,0
23399,10.114472,-0.23581348,6.818283,2
23415,8.305305,5.8478336,10.663059,2
23416,0.30991173,1.9667177,3.9431932,0
23426,10.111832,-0.32795194,7.0274873,2
23430,0.24514619,2.1776829,3.2905595,0
23434,9.061987,5.7516136,10.788229,2
23435,9.495349,9.868092,4.3035674,2
23445,7.2931404,7.321834,10.442999,2
23447,7.2448087,6.2342305,10.647265,2
23458,9.930438,-0.710878,7.3553944,1
23459,10.258732,8.705008,4.398224,2
23476,11.991973,-0.7793448,8.526889,1
23483,0.39324683,2.3261797,3.4293008,0
23496,9.503761,9.069758,4.20722,2
23501,1.8796144,2.10128,-0.41122824,0
23507,10.675348,10.025648,4.353725,2
23509,9.095253,9.489221,3.9427068,2
23517,9.855236,-1.3754585,7.1987815,1
23524,9.431925,-1.2588139,7.4041734,1
23527,7.68651,7.152247,10.295931,2
23530,9.500623,-1.614368,7.7992907,1
23533,1.6038071,2.6565037,-0.31808805,0
23537,1.8266507,2.179855,-0.37706265,0
23551,9.68031,-1.5368948,7.8972135,1
23558,7.3663344,6.1923637,10.659877,2
23576,11.517621,-0.24265327,7.941398,2
23589,10.267827,-0.31932992,6.855769,2
23597,10.2396145,-0.27516696,6.928579,2
23600,7.080275,6.411064,10.707844,2
23601,11.747227,-0.625574,8.569989,1
23636,2.0013764,2.3958871,-0.45924497,0
23663,2.3201168,1.754167,-0.512153,0
23666,8.904625,9.438147,4.0124755,2
23679,12.282967,-1.4854358,9.062475,1
23731,9.721497,-3.3148391,8.511972,1
23732,11.576646,10.147122,4.9567604,2
23736,-0.3012905,15.194036,6.906807,2
23744,11.878147,-0.54429364,8.295584,1
23745,12.02602,-0.81109315,8.584085,1
23749,9.540431,5.8287373,10.6172,2
23765,10.789209,10.075193,4.408446,2
23766,0.28716874,1.8625456,4.0293713,0
23775,9.624874,-2.3535066,7.9585533,1
23801,7.58305,6.0450373,10.765379,2
23802,9.781139,-3.7346783,9.046903,1
23830,10.855461,10.397038,4.5590086,2
23838,0.27500656,1.8325361,2.8723395,0
23848,2.0187492,2.0155916,-0.5061783,0
23850,10.257739,8.967522,4.303583,2
23875,7.5713706,6.062962,10.550995,2
23876,11.93828,-1.1599729,8.831424,1
23895,8.887329,9.484097,3.9354968,2
23900,9.423494,6.5722575,10.431108,2
23901,0.1712777,2.3516734,2.6681716,0
23909,9.403785,6.6558986,10.448279,2
23910,-0.0070393505,1.933981,3.6967568,0
23923,0.31707898,2.2058816,3.1743698,0
23934,10.201327,-0.9061627,7.020612,1
23949,1.5754105,2.4508111,-0.38957128,0
23963,9.783203,-3.5220509,8.547028,1
23971,7.639581,5.985924,10.617938,2
23982,9.592493,5.709991,10.758057,2
23987,10.195232,6.0594764,10.351464,1
23990,10.01995,-3.3946042,8.180764,1
23991,8.390176,5.869234,10.768385,2
24022,0.999794,2.7777452,0.105017476,0
24024,12.522457,9.784468,5.024348,1
24054,9.48065,-3.0442753,8.568349,1
24061,11.127843,8.880188,4.5729246,2
24084,7.193447,6.441748,10.926982,0
24112,11.075476,9.054421,4.415836,2
24113,-0.030524477,2.2744796,3.214799,0
24115,10.24301,-0.878022,6.7709846,2
24119,7.447248,7.2086697,10.313266,2
24130,9.801621,-3.5207276,8.690611,1
24135,9.940632,-0.5731437,7.277626,1
24144,9.657925,-3.105414,7.95027,1
24172,-7.564354,5.7666106,5.1895194,2
24181,10.092854,8.742188,4.0360847,2
24196,9.370719,8.77741,4.0111666,2
24198,10.186888,-1.6276212,7.0121174,1
24204,7.253378,6.249749,10.61222,2
24212,12.222787,10.126417,4.7684317,2
24233,9.839039,-1.7904851,7.023783,1
24235,0.04295438,2.8036213,1.4202434,0
24252,9.553905,8.84234,4.013231,2
24254,0.038418364,2.7755513,1.8074183,0
24262,10.991132,10.004634,4.7538276,2
24271,9.785693,-3.1892848,8.863161,1
24277,9.80441,-1.6171023,6.9019284,1
24292,9.238186,6.7845273,10.466153,2
24304,8.499669,7.1374454,10.459713,2
24319,9.775696,9.980941,4.2592473,2
24322,11.861537,-0.61959064,8.414876,1
24323,7.5150003,7.259624,10.476327,2
24333,7.2022433,6.4910145,10.696485,2
24335,11.033294,8.845418,4.224055,2
24361,7.434841,7.367098,10.535824,2
24370,0.12398189,2.351811,2.630075,0
24375,11.355057,10.32514,4.65194,2
24377,9.613911,-1.2824149,7.6108785,1
24380,9.940007,-1.970198,7.1899734,1
24387,-0.06347311,2.6402543,2.2330427,0
24395,9.688622,-2.2443776,8.212989,1
24396,9.49694,-1.7816174,7.7911825,1
24406,0.24158695,1.9468306,2.6573606,0
24410,8.491811,5.7055545,10.708481,2
24418,0.092014015,2.1456342,3.3963187,0
24445,1.8391776,1.9280013,-0.45157403,0
24451,9.163028,6.6242957,10.531223,2
24452,9.970138,-1.1193925,6.765043,1
24462,9.486094,-1.8349574,8.05324,1
24496,9.935971,-0.5706437,7.149093,1
24505,11.80591,-0.6260089,8.496692,1
24522,0.013953822,2.7027338,2.8723817,0
24528,12.084194,-2.206144,9.400223,1
24544,11.903946,-0.855059,8.763287,1
24554,7.9284606,6.965741,10.618186,2
24559,9.862615,6.3671694,10.532393,2
24575,0.20354795,2.1114924,3.5438428,0
24596,10.024516,6.163456,10.464973,1
24601,10.712763,8.796755,4.2684207,2
24603,0.15084614,2.5948164,3.340403,0
24609,1.8875613,2.1220899,-0.33731398,0
24610,10.248696,10.158534,4.3207974,2
24612,7.6947217,7.3092914,10.271468,2
24643,-0.007905595,14.809965,6.7964554,1
24651,9.912231,-0.65010804,6.9905076,2
24653,9.614372,6.561082,10.492031,2
24654,11.751531,10.258901,4.794419,2
24658,9.796098,-2.9614773,7.756869,1
24674,9.75555,-2.7835991,7.489498,1
24686,11.907223,9.138349,4.7870007,2
24690,9.880588,-3.327098,8.0015,1
24717,1.5214084,2.3628616,-0.40257487,0
24722,11.024871,10.379753,4.499777,2
24731,9.382096,-2.0727198,7.5831223,1
24732,11.99295,10.24967,4.8385673,2
24739,8.736431,6.7015247,10.6641,2
24763,10.143046,10.103299,4.358091,2
24775,9.951511,8.871191,4.140965,2
24778,8.661394,5.9755883,10.737703,2
24781,9.110639,9.409716,4.002031,2
24785,11.814128,10.165356,4.9029374,2
24827,9.983876,-3.4349182,8.846893,1
24830,10.236273,0.18092375,6.8389626,2
24832,1.3845371,2.6573782,-0.27039406,0
24834,9.23785,5.653299,10.694845,2
24855,11.999397,-0.91119903,8.734973,1
24858,10.6694145,9.998956,4.26674,2
24862,9.12664,7.0028853,10.616071,2
24865,12.096026,-2.4549088,9.584429,1
24867,1.8845708,2.4220772,-0.46328267,0
24881,12.01531,-0.9571834,8.775645,1
24891,8.6898985,5.938899,10.812436,2
24897,12.089611,10.268327,4.8438005,1
24902,9.630709,-3.0026515,8.5344305,1
24935,0.3676151,1.7994015,3.6585565,0
24936,8.1137495,5.9708743,11.047471,2
24940,10.0405,-0.6070951,6.730608,1
24946,9.455776,-1.6091723,7.7204957,1
24951,-0.008801077,2.7609675,1.8460065,0
24954,7.424393,7.3255,10.457443,2
24955,12.163272,9.459898,4.980841,1
24958,10.068673,10.077505,4.3039365,2
24962,8.88189,6.646971,10.650668,2
24978,-7.449196,5.876294,5.0556507,2
24988,-0.26822203,2.954202,2.7689662,0
25007,9.705418,-1.9851288,7.8479395,1
25009,9.848231,-3.5683293,8.489178,1
25010,0.039868653,2.722524,2.452212,0
25015,11.870223,9.135933,4.6175976,2
25051,8.552101,8.901494,3.8593645,0
25059,-0.025716972,14.828074,6.779148,1
25065,9.232918,-1.7322952,7.9220767,1
25074,2.4119778,1.6146036,-0.56354886,0
25085,8.82969,9.015841,3.9013872,0
25087,10.954235,8.784548,4.618666,2
25090,-7.1418743,5.7113814,4.8316145,0
25098,8.840603,8.827498,3.9306073,0
25101,0.20938036,2.2992978,3.1971776,0
25104,8.110064,7.2137365,10.462954,2
25109,10.06932,-3.8804128,8.844965,1
25118,9.0593,6.7812743,10.553381,2
25124,9.504253,6.6019897,10.434983,2
25128,9.515781,-2.3814893,8.226232,1
25132,10.977647,10.392971,4.5153756,2
25134,9.639032,-3.1950953,8.793617,1
25161,11.93438,9.208596,4.7904363,2
25162,11.181484,10.307922,4.62668,2
25165,0.40316495,1.7271956,4.0533156,0
25170,9.683295,-3.4141343,8.121317,1
25181,9.199028,5.736043,10.692834,2
25192,9.765648,-1.6752298,7.4343085,1
25194,10.544976,10.108958,4.270539,2
25212,11.914521,-1.2393607,9.054212,1
25222,10.059253,-0.64981717,6.714907,2
25227,7.2793045,6.348333,10.828173,2
25234,1.6019609,2.3541543,-0.4151287,0
25247,8.494005,6.75418,10.313922,2
25250,7.92665,5.9548416,10.748909,2
25251,-0.11596678,2.9001644,2.8213956,0
25264,11.757202,9.053343,4.599975,2
25277,10.250735,10.215212,4.376227,2
25289,9.375451,9.93822,4.1755857,2
25305,12.007008,-2.6501048,9.561074,1
25308,10.213175,8.743742,4.148998,2
25312,8.870075,9.46183,3.9776359,2
25349,9.696057,-3.2444909,8.062172,1
25362,9.205813,8.96529,4.026701,2
25364,11.318222,8.845207,4.8366904,2
25371,11.16361,9.079068,4.311811,2
25373,10.272815,10.01233,4.294297,2
25388,8.711048,9.256032,3.98077,0
25394,8.045979,7.2350016,10.698733,2
25397,10.3219795,5.878302,10.381577,1
25399,0.36448035,1.8190145,3.925037,0
25424,0.48742095,1.5599803,4.30591,0
25438,9.80359,-2.58228,8.513124,1
25444,0.40449047,1.6661878,4.047436,2
25459,8.746204,5.702146,10.630218,2
25470,9.510017,-1.6451689,7.5877395,1
25477,0.2088073,2.0807712,3.3036969,0
25479,11.967442,-1.5563805,9.249214,1
25482,9.807513,-2.7635765,8.478364,1
25488,11.000601,10.249449,4.519056,2
25494,9.519129,-3.3898776,8.727932,1
25514,10.084495,-3.602022,8.5641985,1
25517,9.186166,6.7351418,10.503898,2
25522,11.385926,-0.08529221,7.8248878,2
25533,0.25912076,14.502471,6.587907,1
25553,0.077557854,2.3094966,3.2257822,0
25555,12.022446,9.191899,4.870053,2
25576,9.703454,-1.3936174,7.5057077,1
25602,0.039543826,14.750469,6.762272,1
25633,7.443484,7.165802,10.489037,2
25653,0.085943624,2.3678238,3.421746,0
25661,9.773945,-3.5936732,8.179082,1
25662,1.455326,2.5253236,-0.373071,0
25663,9.8243265,-3.732934,9.04642,1
25673,11.194233,9.104245,4.3088512,2
25688,12.029771,-0.95675915,8.67674,1
25690,0.256213,2.5681467,3.4031968,0
25692,0.04531962,2.4462438,2.5268717,0
25720,9.779781,-0.60521907,7.1205378,2
25721,9.771863,-3.042619,8.43688,1
25727,10.081944,-3.8143618,8.79922,1
25731,11.965325,10.200653,4.798746,2
25737,11.934368,-2.6955953,9.676813,1
25740,11.804388,-0.4891556,8.283946,2
25743,10.199505,-3.4500747,8.374771,1
25744,9.926676,9.140996,4.158139,2
25753,9.545497,-1.3303837,7.558769,1
25759,9.709952,-2.9919305,7.623481,1
25776,0.18777393,2.1403697,3.4205368,0
25782,11.94571,-1.5811443,9.176156,1
25794,9.854986,-2.8956785,8.00503,1
25797,11.9413595,-0.5684986,8.338574,2
25806,0.27220163,1.8188932,4.0749717,0
25809,0.3865282,1.6457233,3.9951503,0
25814,0.3728711,1.9591603,2.7988753,0
25817,9.680195,-3.5497298,8.839651,1
25820,9.6260605,-3.1622157,8.457304,1
25825,11.817249,10.281259,4.8477545,2
25827,-7.108796,5.7071,4.8029456,0
25829,9.509592,-1.5317715,7.881942,1
25834,8.066889,5.8032737,10.821781,2
25841,12.312931,9.956874,4.927923,2
25859,0.013158446,2.659614,2.3285794,0
25871,7.709821,7.490598,10.722319,2
25880,12.506957,9.801688,4.9844093,1
25885,9.227339,6.845444,10.55647,2
25907,10.391964,10.111002,4.353544,2
25930,9.510383,-3.191335,8.499917,1
25933,7.214427,6.2105956,10.763605,2
25952,9.621682,-2.3408372,7.1215754,1
25956,9.917,-3.3829436,8.756922,1
25958,-0.250039,15.13613,6.8686557,2
25967,8.512557,5.6816483,10.873064,2
25985,7.3355823,6.3520207,10.690831,2
25992,9.465775,8.819449,3.967055,2
26002,10.267662,8.699853,4.1598988,2
26010,9.4229,5.731378,10.737259,2
26055,9.673746,-1.6368597,7.83037,1
26060,6.617832,7.2540216,10.502578,0
26081,-7.7270885,5.639456,5.3754754,2
26116,9.395241,-2.4510047,7.301666,1
26141,12.008546,-2.5911703,9.749058,1
26163,11.708508,9.408405,4.6682277,2
26203,8.791995,9.368208,4.0214434,2
26212,11.999137,-1.3994251,9.236509,1
26221,9.895272,5.81051,10.596201,2
26233,1.9931433,1.9536695,-0.5684101,0
26278,6.5003724,7.185174,10.413214,0
26279,9.91909,-1.6030277,6.8663435,1
26282,9.380516,9.7336,4.0303135,2
26286,11.904695,-1.1238908,9.094202,1
26287,11.352556,9.092672,4.4247108,2
26294,9.593498,8.858939,4.0326,2
26296,10.613004,10.262145,4.7154565,2
26316,9.046997,5.8358154,10.737851,2
26318,7.9896374,7.0479302,10.685006,2
26340,9.44161,6.618037,10.593837,2
26347,1.5488545,2.3309352,-0.444729,0
26361,8.214689,5.91584,10.694057,2
26366,-0.036786,2.4282668,2.5754411,0
26377,0.10074563,2.4967432,3.2892756,0
26379,9.9547415,-0.5800043,7.1090703,1
26389,9.674172,-0.8030199,7.1732597,1
26392,9.833327,10.059389,4.204717,2
26397,11.708184,10.187755,4.844151,2
26399,10.205891,8.75873,4.143707,2
26425,9.288531,6.6908264,10.487634,2
26453,-7.7237487,5.6581745,5.368931,2
26457,9.5460415,-1.6887922,7.954151,1
26471,7.571099,6.1478333,10.607318,2
26479,9.348621,8.989976,4.0624847,2
26513,8.642973,6.9134126,10.700958,2
26519,10.401262,-0.8976043,6.8687873,1
26525,-0.034387965,14.839833,6.812086,2
26527,-0.2861779,15.177896,6.893591,2
26528,12.199982,-1.225286,9.0140505,1
26544,11.467996,8.89053,4.750938,2
26561,7.8384557,6.1142907,10.886346,2
26619,8.63679,6.9427547,10.509877,2
26622,0.22158496,2.227579,3.1169071,0
26628,9.277102,-2.7925642,8.2919855,1
26632,7.6450434,7.3797917,10.598253,2
26646,1.3139837,2.4728618,-0.44127274,0
26647,2.1049209,2.0786674,-0.5261587,0
26648,-7.5869293,5.6093593,5.2476697,2
26651,11.181672,9.11209,4.457409,2
26652,11.884842,-0.80691284,8.69897,1
26653,0.031829134,2.779874,1.7779797,0
26661,9.826866,-2.8101752,7.549463,1
26668,11.858387,10.189645,4.660189,2
26695,9.559687,-1.4043603,6.7782865,1
26700,12.294202,-1.7374588,9.254448,1
26703,9.918849,-1.678031,6.9053845,1
26710,7.7322245,7.256073,10.442765,2
26723,9.751253,-2.8610394,7.5632434,1
26728,12.320693,10.171425,4.7668595,2
26733,2.2660558,1.8928864,-0.49198103,0
26744,7.185575,6.266373,10.684984,2
26750,9.454204,9.94943,4.1712036,2
26753,12.166388,-1.3093264,9.274677,1
26756,9.051803,7.023921,10.529071,2
26769,6.4875584,7.2607174,10.447258,0
26775,8.909444,7.10749,10.532887,2
26784,11.756105,9.156345,4.7024827,2
26785,9.734859,-3.674896,8.9508705,1
26787,10.977102,8.766718,4.5309763,2
26789,12.110786,-2.0335698,9.430353,1
26795,9.489423,-1.4364492,7.3702917,1
26796,-0.030155415,14.83349,6.8036547,2
26805,-0.12653898,2.616202,3.1602778,0
26814,0.07129295,2.2932076,3.2866983,0
26831,2.4536288,1.5850259,-0.4973112,2
26853,12.128478,10.161834,4.8010516,2
26856,8.620802,5.6079183,10.830353,2
26875,8.707797,8.877342,3.904253,0
26888,11.152051,8.854729,4.5445676,2
26898,11.145081,8.977862,4.4091163,2
26909,0.44533944,1.5942998,4.265369,2
26910,0.2269529,1.7809297,2.94313,0
26913,6.5307584,7.223434,10.407943,0
26919,9.73991,5.98591,10.765382,2
26932,8.497273,5.703129,10.919939,2
26933,9.567616,-2.848971,8.195855,1
26954,9.79516,-3.7701144,9.12728,1
26956,8.931697,8.806106,3.942905,2
26957,9.377232,6.6492667,10.646725,2
26958,9.92176,8.693562,4.0267177,2
26961,10.954322,9.13985,4.21985,2
26975,12.117082,9.426524,4.758275,1
26976,8.586605,9.112054,3.9249802,0
26979,0.16047412,2.6088347,3.3335536,0
26983,9.392623,8.729351,3.9356663,2
27073,9.888424,6.215286,10.436572,1
27074,10.220366,-1.6779947,6.9992685,1
27089,0.057087623,2.4714737,2.6521227,0
27140,11.403033,8.922995,4.5622315,2
27146,1.9065862,2.192873,-0.49811292,0
27151,-7.751921,5.6412816,5.4008665,1
27159,-7.7318206,5.6586814,5.3769455,2
27164,0.043812126,2.325324,2.9027038,0
27181,7.3717937,7.4148674,10.658475,0
27193,11.981057,-0.95169973,8.620051,1
27196,9.152122,5.5696344,10.724179,2
27197,9.662906,-3.1031892,8.604385,1
27211,10.011022,-3.90497,8.813778,1
27220,9.638212,-2.721601,7.394703,1
27228,-0.12577693,2.3577836,2.966041,0
27242,11.917842,-1.6318126,9.291247,1
27246,2.223846,1.9232031,-0.507332,0
27256,0.12676443,14.6447935,6.7124457,1
27266,9.88547,10.048816,4.2384963,2
27268,9.480483,-1.3195683,7.606559,1
27282,-0.059062194,2.7433586,1.5678334,0
27289,9.761478,-2.4219203,7.3248124,1
27290,-7.494892,5.8586206,5.099288,2
27291,0.37271902,1.7707325,3.9821365,0
27293,12.172791,9.452795,4.871988,2
27297,7.0587134,6.383727,10.741367,2
27302,0.8715818,2.6699324,0.12675813,0
27310,9.240943,6.574977,10.799823,2
27331,10.803638,8.822851,4.308214,2
27332,-0.20180394,2.9107273,2.816782,0
27356,11.781646,10.221946,4.674664,2
27384,-0.06764898,2.7619128,1.4978931,0
27392,2.2614763,1.7525578,-0.555475,0
27399,9.12807,8.820868,3.8959205,2
27402,11.577349,8.954694,4.631667,2
27411,9.819523,-3.1631906,7.8389096,1
27418,10.697961,8.939855,4.265014,2
27428,8.828672,7.0407434,10.467802,2
27429,12.256431,-1.5211928,9.121153,1
27475,8.561054,9.199435,3.9252706,0
27488,11.687855,9.246749,4.568597,2
27507,11.989898,-1.4894766,9.2119465,1
27512,12.234187,-1.8017871,9.219376,1
27522,9.555688,-1.5985715,7.8689923,1
27524,9.565705,-1.4414713,7.470582,1
27531,10.031333,10.132936,4.289761,2
27542,7.317751,6.492633,10.860532,2
27560,11.558696,-0.38705206,8.226254,2
27565,9.77687,-1.5866275,6.88225,1
27582,9.970745,-1.8584443,7.044704,1
27606,10.482066,10.3883095,4.3792586,2
27616,-7.722853,5.65506,5.3683963,2
27626,11.81383,9.399897,4.650611,2
27640,10.096505,10.135301,4.260087,2
27653,9.114766,8.840007,3.8932776,2
27655,9.768694,-1.2686979,6.714844,1
27671,0.20412217,2.263138,3.3689773,0
27683,1.5968931,2.186372,-0.47132692,0
27695,11.980224,-1.5795299,9.348784,1
27701,1.6863203,2.1503327,-0.5272825,0
27707,10.112904,8.719773,4.0710335,2
27710,7.854834,7.155073,10.436847,2
27720,7.852248,5.9240427,10.689968,2
27726,9.596588,-0.94658476,7.221164,1
27734,11.801978,10.311169,4.7354264,2
27748,-0.24830431,2.7495706,2.1664753,0
27764,9.414157,9.845846,4.0878263,2
27772,11.833758,10.103796,4.8009896,2
27773,-0.015255312,2.437078,2.7538579,0
27775,10.055334,8.704882,4.075253,2
27829,9.618131,-2.7610412,7.619202,1
27832,9.31159,6.695926,10.55593,2
27839,11.56093,-0.23115234,8.011229,2
27845,12.375703,10.1040745,4.7879205,2
27849,10.804971,10.104495,4.3069854,2
27883,10.52671,10.082121,4.235918,2
27885,9.870397,-3.7938328,9.059822,1
27889,9.541214,6.61348,10.703486,2
27893,9.5688715,-3.0357735,8.533544,1
27904,9.577718,-3.4890842,8.907569,1
27918,8.696278,5.585034,10.862893,2
27950,12.109943,-1.0856642,8.76265,1
27958,9.422457,6.6340775,10.601642,2
27971,10.058822,10.193553,4.3577757,2
27976,-0.0595442,2.8088439,1.3701413,0
27994,-0.05512664,2.7853358,1.4435892,0
28000,11.203326,9.044604,4.4048133,2
28004,9.72136,-2.227309,7.541418,1
28015,9.605078,-2.9552298,8.362722,1
28017,9.950085,8.648665,3.9084291,2
28025,1.1390127,2.7392883,-0.019944137,0
28027,11.9509735,-2.6413,9.702356,1
28034,6.657241,7.3042264,10.481299,0
28059,9.376558,9.811326,4.0747075,2
28063,9.368923,-1.570634,7.6421576,1
28082,9.5322895,-2.2751696,7.0340896,1
28093,9.686683,-1.3661889,6.740141,1
28110,0.030010311,2.8695014,2.7977502,0
28114,7.9311724,6.1193333,10.741086,2
28116,9.850461,-3.6942263,8.344094,1
28117,1.2214785,2.6503212,-0.18992317,0
28123,10.2433,0.21281686,6.8250194,2
28126,11.417152,-0.13779074,7.827475,2
28152,9.672153,-1.2247937,7.582142,1
28162,9.33631,-1.7553756,7.8197064,1
28164,-0.18217191,2.4195964,3.3185585,0
28171,11.983906,-1.197752,9.091831,1
28180,0.08964702,14.696958,6.7237697,1
28184,9.627912,-3.7075872,8.887645,1
28191,9.369172,8.952506,4.05327,2
28195,9.526416,-1.4106257,7.592919,1
28216,9.672626,-3.7130544,9.074186,1
28235,9.295824,-1.7289126,7.7226768,1
28236,0.4483903,1.7356888,4.0849547,0
28239,8.909724,8.839942,3.924417,2
28261,9.699391,-1.4164706,6.7692065,1
28268,10.676832,10.390598,4.4785347,2
28280,9.596598,5.74818,10.684089,2
28285,-0.17453201,2.7380779,2.0860538,0
28308,10.301826,8.760064,4.06967,2
28318,9.560566,-2.8500552,8.304066,1
28326,0.1798348,1.9652534,3.4345999,0
28351,8.276202,7.2658644,10.642003,2
28363,9.523017,-2.9074557,8.489121,1
28371,9.92272,-3.4003358,8.261821,1
28393,9.658586,-1.8251786,7.118911,1
28414,12.143338,-2.520138,9.68822,1
28422,10.322605,-0.9716404,6.858379,1
28423,8.341741,7.2293386,10.555829,2
28445,10.222531,10.030199,4.0787926,2
28453,12.325914,-1.3525778,9.268627,1
28469,12.046798,-2.6118586,9.668639,1
28477,8.559129,6.1307626,10.918403,2
28513,10.323716,10.049613,4.1560373,2
28529,10.167243,-0.021992771,6.8882236,2
28562,11.762113,-0.9899025,8.780915,1
28591,8.634944,5.7732725,10.797275,2
28597,6.632176,7.25065,10.596689,0
28613,0.06250149,2.0345001,3.2838824,0
28622,-0.0665121,2.4551375,2.2443914,0
28626,9.314865,5.643206,10.674235,2
28637,9.325617,5.6720805,10.925657,2
28642,0.8790654,2.6762729,0.12697336,0
28646,0.05249026,2.263906,3.419329,0
28656,11.99143,-2.5955977,9.743719,1
28666,9.433536,6.6175056,10.640513,2
28667,-0.2806282,15.172984,6.8873835,2
28675,11.033702,10.385688,4.490592,2
28678,2.2753658,1.6854334,-0.5863912,0
28713,8.93396,6.7428565,10.693121,2
28726,10.591969,8.770333,4.132693,2
28730,10.988317,9.168934,4.165089,2
28737,-0.19932073,2.8446732,2.8911924,0
28738,12.31464,-1.8453516,9.242162,1
28743,-0.19625683,2.6968539,2.0212252,0
28751,12.015932,-0.9519471,8.971378,1
28759,10.812417,8.817364,4.3241534,2
28771,11.984274,-1.1729629,8.882345,1
28778,0.25741875,1.8757133,3.9871745,0
28779,0.98218834,2.6556525,0.0137976995,0
28800,10.822193,10.189536,4.4233975,2
28810,10.633619,8.81977,3.944694,2
28829,11.862338,-0.8831424,8.977897,1
28847,7.3135214,6.2257,10.812422,2
28855,-7.096377,5.723726,4.789875,0
28858,-7.458701,5.802632,5.0893483,2
28876,8.991205,6.8021603,10.633794,2
28899,10.212566,10.288721,4.313938,2
28907,0.2660613,1.7430598,3.2175522,0
28913,0.074617825,2.7916863,1.5419968,0
28930,12.133406,-1.4113601,9.013879,1
28944,8.003714,7.2182803,10.576201,2
28951,10.367798,10.241682,4.277242,2
28957,12.153095,-2.168382,9.431596,1
28974,12.3223,-1.7241982,9.222455,1
28988,9.603058,-3.631336,8.958017,1
29002,11.941352,-1.0851572,9.075652,1
29018,9.655099,-0.8041377,7.2193723,2
29019,8.849929,6.782678,10.808278,2
29027,10.92943,10.215993,4.28266,2
29034,8.4931555,9.055604,3.9090075,0
29038,7.821758,7.2594237,10.550616,2
29052,12.083268,10.114905,4.777765,1
29057,9.690996,-2.4402747,8.284746,1
29064,9.363261,6.7735705,10.632701,2
29088,9.571132,-1.4931792,7.5319023,1
29092,11.006585,8.672797,4.602331,2
29096,0.35602236,1.6238153,3.8115866,0
29138,8.859846,5.7573333,10.919157,2
29201,-0.39857396,2.9129238,2.7631454,0
29203,7.540023,7.1751466,10.59826,2
29207,9.709982,8.702095,3.927733,2
29210,8.475996,5.9885073,10.852893,2
29213,1.7036371,2.061164,-0.5138419,0
29220,9.752306,-1.4338557,6.7465153,1
29225,9.193487,9.681278,4.0664415,2
29230,9.501031,-1.5899158,7.659027,1
29233,-0.19986026,2.7605932,2.1023464,0
29234,8.4953575,5.7208037,10.917558,2
29235,9.370514,-1.6302176,7.5938454,1
29249,8.621751,5.7057323,10.906946,2
29259,12.054342,9.339002,4.7316604,1
29276,9.772085,-2.034638,7.0817966,1
29309,12.081258,-2.4133058,9.71784,1
29367,11.1829405,8.810506,4.476208,2
29381,11.89528,10.316419,4.7139573,2
29386,9.587541,-1.4133372,7.5669885,1
29404,9.5803795,9.939206,3.9041376,2
29412,9.623226,-3.600343,8.948421,1
29413,12.10307,10.099276,4.709842,2
29425,0.31141713,1.5612392,4.3175693,2
29427,8.6792755,5.611624,10.792595,2
29437,9.858633,-1.0055468,6.7866287,2
29445,9.5708685,-1.2524556,7.5009413,1
29452,9.466758,-1.4124763,7.5125203,1
29463,9.692968,-1.307465,6.6600375,1
29465,11.982598,-1.3985654,9.124717,1
29475,1.6235516,2.3439877,-0.42134148,0
29485,11.968717,-2.6668732,9.609084,1
29497,9.333884,-2.4547744,7.952796,1
29505,9.923687,8.992596,4.113739,2
29523,7.5179043,7.285737,10.422325,2
29524,9.757908,-1.0826482,6.768687,1
29546,9.405815,-1.6145936,7.5938272,1
29548,9.645026,-3.2856,8.8158245,1
29559,0.17787848,14.592376,6.6608343,1
29562,9.390924,9.766775,3.855211,2
29563,-0.06909085,2.5919251,3.324126,0
29568,12.120886,-1.2051135,9.140113,1
29575,11.017212,10.386392,4.392043,2
29604,-0.046362214,2.693197,2.477603,0
29610,11.768912,8.994239,4.640053,2
29614,9.801345,-1.5366874,6.861505,1
29627,-6.988179,5.823962,4.685166,0
29639,9.555277,9.809634,4.1005692,2
29645,-7.6907544,5.6746397,5.3326187,2
29657,9.008813,7.042057,10.598101,2
29663,-0.18553124,2.2998672,3.1582942,0
29680,12.115018,-2.2855504,9.499304,1
29699,12.163798,9.432355,4.675732,1
29707,10.500369,10.005137,4.1108875,2
29713,9.037289,5.7171726,10.992723,2
29719,11.837938,9.445287,4.6978,2
29721,12.018061,-2.5541458,9.772367,1
29733,9.342807,-1.9932643,7.667413,1
29734,6.823799,6.764501,10.784686,2
29736,9.53701,-2.5312095,7.834858,1
29761,6.743109,6.886672,10.693371,2
29771,9.538784,-2.4587233,8.050118,1
29779,12.102442,-1.0225201,8.776585,1
29781,-0.28339043,2.6643798,2.7037804,0
29795,7.0706034,6.445343,10.811568,2
29831,-0.1092778,2.5057194,2.9135036,0
29835,12.080935,-1.6417058,9.361883,1
29838,-0.34533006,2.7456582,2.96017,0
29847,9.976976,-0.6360656,6.75493,2
29858,7.300778,6.247149,10.798089,2
29901,10.253573,10.158573,4.149329,2
29924,6.73281,6.900434,10.731677,0
29931,-0.04320924,2.6970654,2.387553,0
29934,9.431067,-1.3031132,7.6103086,1
29943,0.1275953,1.9446731,2.5522532,0
29947,12.058826,-2.3112595,9.613651,1
29955,7.7680883,5.992938,10.6899605,2
29963,6.439495,7.2153773,10.619618,0
29965,9.256974,-1.9410743,7.7823544,1
29978,9.918366,-3.8447936,9.0538225,1
29982,-0.048436627,2.1708343,2.9825435,0
29987,9.445116,-1.6519488,7.488068,1
29988,11.952905,9.095187,4.8034596,2
29989,11.974014,-2.669118,9.644292,1
29994,9.533952,-3.1540966,8.695865,1
29995,0.041830886,1.9853437,3.6769726,0
30004,10.604058,10.088146,4.1818633,2
30015,0.0017426646,1.872147,3.7368078,0
30029,9.31462,-2.239339,8.00458,1
30032,0.34619766,1.6314307,4.193062,0
30053,0.051429283,2.4925466,2.6099553,0
30059,-0.22019486,15.094888,6.8569946,2
30071,12.014046,-1.4213685,9.261819,1
30104,7.0562425,6.5313773,10.948998,2
30113,9.428768,-1.2500265,7.210088,1
30114,8.70105,9.262138,3.954218,0
30129,12.079179,-1.7588154,9.494474,1
30145,9.435379,-1.7080495,7.5524096,1
30149,9.396401,-1.62336,7.43165,1
30164,8.983638,5.7515903,10.914756,2
30188,8.661995,5.942755,11.035109,2
30190,9.424688,8.806413,3.9552035,2
30222,9.091108,8.812718,3.903528,2
30224,7.450641,7.3674955,10.547388,2
30230,8.935928,5.804094,10.87268,2
30232,1.8234216,2.227382,-0.50471747,0
30233,8.322557,7.2605343,10.660944,2
30243,-0.075995386,2.7986028,3.050016,0
30246,-0.086574726,2.7289732,2.0319076,0
30261,7.9625406,7.2627378,10.706155,2
30274,9.582738,9.834262,3.8467636,2
30293,1.4168155,2.4106445,-0.478332,0
30301,10.135475,-0.18868485,6.844425,2
30305,11.387994,9.06528,4.208605,2
30306,7.804561,7.4968314,10.814822,2
30335,9.479268,-1.0552189,7.326424,1
30343,1.4704757,2.2510324,-0.42287678,0
30376,9.659564,-2.8548558,7.7842755,1
30411,9.381144,-3.3791282,8.648904,1
30414,9.732482,-1.7631603,6.987826,1
30444,12.088859,-1.4635608,9.280627,1
30458,-0.10472097,2.4676821,3.265872,0
30469,2.335314,1.6687661,-0.57998425,0
30474,7.589035,6.3140125,10.862316,2
30494,9.36054,6.738708,10.65256,2
30530,8.575984,5.6547303,10.936744,2
30534,1.3135592,2.584945,-0.26869732,0
30535,12.059685,-2.2156155,9.643877,1
30556,7.7201276,7.3710923,10.703109,2
30560,11.138894,9.200224,4.241542,2
30601,-0.13639106,2.7222006,1.6827307,0
30609,12.060414,-2.2909684,9.712831,1
30652,10.020562,5.856256,10.538081,1
30660,-0.062801324,2.6688268,2.155734,0
30674,9.650305,-3.6383166,8.863402,1
30677,8.872951,5.7429695,11.031671,2
30701,-0.23686156,2.800602,2.4401093,0
30713,11.697986,-0.3862814,8.180983,1
30717,9.277477,8.80484,3.8265138,2
30733,8.90754,6.796288,10.851885,2
30746,9.415958,-3.219879,8.562483,1
30778,-0.14791061,1.9657928,3.715472,0
30789,0.12514207,1.9809825,2.637182,0
30802,9.929188,-1.4660219,7.222537,1
30807,10.124683,-1.5524703,6.9177876,1
30833,9.3511715,-2.0813005,7.048407,1
30846,7.0090003,6.5353193,10.808973,2
30858,9.234801,5.692447,10.792061,2
30874,9.540382,9.833999,4.069774,2
30880,7.396358,6.219305,10.824362,2
30902,6.8077445,7.356735,10.654484,2
30910,9.466779,-1.7343313,7.718784,1
30927,7.3181396,6.4311714,11.016907,2
30931,8.327321,5.7778354,10.917958,2
30946,9.486458,-2.7197435,7.793203,1
30961,11.930883,10.111342,4.745023,2
30988,10.317998,8.770964,3.9861348,2
31013,0.26752406,14.493483,6.5811872,1
31015,11.632868,9.332846,4.534002,2
31018,12.158711,-2.1812427,9.481278,1
31024,-0.010169993,2.3948853,2.6349247,0
31059,9.984124,8.637769,4.115598,2
31060,11.0887,10.242481,4.3219047,2
31064,1.7603734,2.4690888,-0.5359628,0
31073,10.747245,8.810907,4.180116,2
31078,8.379639,5.8319435,11.035091,2
31092,12.347654,9.950936,4.7946343,2
31097,11.189296,8.9391165,4.467085,2
31107,7.4011965,7.3959117,10.519693,2
31109,-0.046005778,2.7826297,1.438074,0
31117,1.8960294,1.8802487,-0.5446441,0
31122,0.048185106,2.0935373,3.8852158,0
31124,10.189127,10.138184,4.0699496,2
31139,10.23861,5.9129834,10.414914,1
31160,9.733048,-1.9061142,7.0936294,1
31161,-0.012986704,14.812242,6.8057256,1
31169,8.576789,5.8711805,11.212104,2
31170,9.727829,-3.809849,9.048443,1
31178,9.966703,6.25605,10.48773,1
31186,0.22822282,1.7697349,4.084699,0
31205,-0.1736528,2.5020409,2.607369,0
31215,10.2503605,8.840673,3.9313648,2
31230,12.092046,9.357855,4.7370334,2
31232,9.635154,-1.7094066,6.9971504,1
31233,0.14518923,1.9817008,3.858418,0
31235,12.040014,-2.5482676,9.759749,1
31236,11.972353,-1.6330266,9.333213,1
31254,8.729944,8.839457,3.8298686,0
31264,7.1256785,7.357988,10.706939,2
31266,10.267804,10.151441,4.1434565,2
31283,8.720505,5.532729,10.942508,2
31287,1.6415431,2.1367288,-0.5234247,0
31302,10.711721,8.835613,4.423661,2
31303,10.002825,10.13605,4.1393614,2
31307,10.010934,8.657846,3.953053,2
31350,6.9615607,6.7126846,10.945201,2
31356,9.605785,-0.987985,7.2739954,1
31360,0.07003794,2.0797052,3.8971398,0
31369,9.760307,-1.2820815,6.809038,1
31373,9.221306,-1.6307313,7.7355285,1
31383,12.118867,-2.1516979,9.432601,1
31390,9.703875,6.5097547,10.675567,2
31393,-0.06566834,2.8328254,2.299407,0
31405,10.942522,10.238661,4.5606847,2
31409,12.099548,-2.483136,9.737097,1
31414,-0.23162284,2.667569,2.6689472,0
31422,8.67008,7.025628,10.473153,2
31429,9.523723,-1.652495,6.8774805,1
31435,12.0437765,-1.3532187,8.907362,1
31444,9.534242,9.84265,3.8910728,2
31468,9.724796,6.372149,10.702724,2
31475,9.582904,-1.047495,7.3407183,1
31503,12.03666,-2.0165343,9.565266,1
31508,-0.03900884,2.7889724,1.459777,0
31514,8.427671,7.2816176,10.811118,2
31515,9.404627,-3.4973347,8.68273,1
31519,9.986118,5.8849125,10.638767,1
31521,9.145355,8.907788,3.8312297,2
31525,0.00013955588,2.7648342,1.7294691,0
31558,9.764836,-1.2698871,6.8624835,1
31574,-0.12666747,2.4849598,3.3209586,0
31575,8.231791,7.240436,10.671844,2
31576,1.360726,2.619032,-0.3062348,0
31580,0.038714822,14.756147,6.7900987,1
31584,-0.052842703,2.1799033,3.7952409,0
31598,7.1748195,6.335046,10.826735,2
31600,9.617403,-2.8713677,7.559253,1
31609,8.492841,5.865271,11.16178,2
31613,8.360287,5.801747,10.942571,2
31627,-7.597852,5.5850587,5.2578835,2
31642,11.94401,-2.6325648,9.585583,1
31647,9.5502825,9.924969,4.02222,2
31654,8.166176,5.999895,11.17673,2
31663,8.615635,5.6153884,11.215551,2
31664,-7.0829206,5.8515134,4.767061,0
31670,9.706454,-1.0480771,7.485091,1
31676,9.237248,5.6001306,10.771579,2
31685,7.3762126,7.4087014,10.668146,0
31691,8.141387,5.873794,10.704161,2
31696,10.133175,-0.032137115,6.904692,2
31698,10.226171,0.19678208,6.819137,2
31707,8.568865,6.0141487,11.167412,2
31713,10.876383,10.217302,4.265614,2
31721,0.2465879,1.7033101,4.1242127,0
31724,9.845112,-1.0840716,6.7494373,2
31729,9.349561,-3.4265873,8.694898,1
31739,12.402181,9.9877405,4.8878493,1
31753,-0.2405226,2.3494604,3.07044,0
31758,9.574021,-3.2476032,7.9617763,1
31759,0.0028508236,2.660117,1.6247276,0
31760,2.2283306,1.7164159,-0.57768595,0
31761,2.4217114,1.6126462,-0.52558076,2
31763,-0.12019326,2.2371213,3.0685415,0
31775,9.365136,5.671332,10.8026705,2
31799,-0.15909058,2.740735,1.7465158,0
31816,8.917039,5.90466,11.011143,2
31839,9.295071,-2.0613513,7.6277843,1
31849,11.544373,8.963412,4.6069217,2
31855,11.772125,-0.6923612,8.40646,1
31891,8.457366,5.882225,11.226078,2
31892,7.028034,6.489577,10.876892,2
31905,9.675033,5.6234293,11.058944,1
31971,9.58834,-2.968439,8.254937,1
31973,9.48096,8.811191,3.8967426,2
31974,10.815897,8.767799,4.240362,2
31979,-0.10499162,2.741336,2.0143118,0
31984,-0.3497579,2.939336,2.7419968,0
31989,9.781916,5.769976,10.696699,2
31992,7.3975196,6.208532,10.859511,2
32010,9.620193,-1.4620045,6.7673984,1
32012,9.589113,-2.6437788,7.360252,1
32022,11.944628,-0.981198,8.712059,1
32049,10.551077,10.214789,4.1191173,2
32055,12.286351,-1.4065619,9.1353245,1
32081,-0.116465315,1.9422832,3.391611,0
32088,1.3350909,2.478979,-0.41581216,0
32093,12.30004,10.089571,4.7639327,2
32123,9.180804,6.8011327,10.869634,2
32163,10.315808,8.743798,3.9584305,2
32175,8.544561,8.936504,3.8073964,0
32177,8.212943,5.88167,10.9975815,2
32183,12.080708,-2.497165,9.534505,1
32204,9.650635,-0.78620595,7.1490874,2
32220,-0.08102796,2.383363,2.5973005,0
32230,9.91369,8.583502,3.7121797,2
32261,10.071968,-3.722421,8.650929,1
32264,9.887628,-3.1610742,7.6773477,1
32269,11.190584,10.179146,4.501199,2
32299,9.6033325,-3.2560923,7.912124,1
32312,-0.24897984,2.6488402,2.0753503,0
32334,-0.32295966,2.7846668,2.9043014,0
32336,-0.077037424,2.1232414,3.7893298,0
32380,8.692625,6.9766994,10.617736,2
32401,10.675462,8.768116,4.1933184,2
32413,-0.28457206,2.6200125,2.7617679,0
32424,9.406219,8.712965,3.9468653,2
32430,11.856494,9.027099,4.618437,2
32454,9.944605,-3.922398,8.892915,1
32479,9.081006,5.6879354,10.902885,2
32494,9.516317,-0.95158607,7.2742515,1
32503,9.755549,-1.5245799,6.8779874,1
32526,8.899746,6.9783936,10.514617,2
32589,9.435922,-3.344938,8.702617,1
32621,0.31298134,1.6093901,4.2552104,0
32631,9.772795,-0.6377087,7.1259437,1
32641,9.946723,-3.9274938,8.786499,1
32652,8.571139,8.910823,3.8344054,0
32656,7.711922,7.4877167,10.8662,2
32672,8.1707,7.33826,10.701783,2
32704,9.27808,-1.7522842,7.6083355,1
32722,9.626795,-3.0957627,8.4912,1
32723,11.702134,9.155098,4.4956346,2
32727,6.481168,7.1904073,10.683471,0
32734,7.8635044,7.2086134,10.509386,2
32737,10.131967,-0.15173912,6.7456427,2
32742,-0.24713068,15.1386385,6.8547416,2
32743,8.906323,9.410477,3.936937,0
32748,7.3142176,7.015411,10.582319,2
32751,-0.077226356,2.0335176,3.2282805,0
32752,-0.23566121,2.6899252,2.0048425,0
32760,10.2471,0.12509434,6.8625593,2
32763,8.831092,7.1248775,10.596543,2
32764,11.069722,10.144725,4.3471766,2
32769,9.04083,6.6079736,10.857594,2
32793,-0.23638308,2.5488834,3.1102567,0
32807,8.411029,5.7886577,11.020465,2
32827,8.657864,5.8412724,11.281693,2
32831,9.111152,9.585993,3.9108603,2
32837,8.553288,8.899054,3.8190596,0
32843,11.42054,9.074322,4.2310886,2
32848,11.9775915,-1.580992,9.332081,1
32854,0.07451178,2.761107,1.3415964,0
32858,9.739391,-3.7402217,9.022437,1
32860,-0.2226046,2.4938316,3.266688,0
32862,-7.208637,5.787162,4.8870234,0
32873,11.242122,10.1782875,4.511279,2
32882,7.0863833,6.38842,10.801451,2
32887,9.60645,-0.84479284,7.0636783,1
32889,6.9583187,7.381035,10.691412,2
32890,11.831407,-0.6958435,8.708399,1
32905,11.870702,-0.93284786,8.961216,1
32938,0.24951525,1.5589098,4.346954,0
32968,-0.10347473,1.9585788,3.7079487,0
32972,12.250517,-1.2629635,9.220779,1
32983,9.151586,-2.4952588,8.149046,1
32985,10.606791,10.060539,4.17421,2
32993,11.895406,-1.0119327,9.12528,1
33008,12.2731285,-1.8014388,9.190827,1
33010,8.249306,5.7633924,10.926887,2
33023,9.425708,-2.8241005,8.249632,1
33025,9.674114,5.725412,10.792011,2
33065,9.863735,-3.9816608,8.673971,1
33068,9.258311,-2.1133163,7.651454,1
33078,9.426196,-2.449932,8.3059635,1
33081,-0.35745588,2.5223212,2.7050502,0
33089,11.910227,10.032979,4.753006,2
33092,9.224064,-1.7834884,7.84328,1
33105,9.74654,9.966319,4.2262692,2
33108,9.617501,-0.9005004,7.240522,2
33112,9.122447,5.792462,11.0240555,2
33119,11.20314,10.211979,4.4216375,2
33127,10.097788,8.662126,3.775899,2
33131,10.445544,9.947811,3.9992924,2
33143,9.312738,9.754682,4.018086,2
33171,12.3744955,9.545653,4.801295,1
33187,10.790693,8.765772,4.2202187,2
33222,9.64458,-3.728471,8.7149,1
33239,10.566224,10.39233,4.256435,2
33248,8.837978,5.673415,11.0283,2
33290,1.6467425,2.0833652,-0.58382565,0
33291,8.876492,5.609979,11.054869,2
33296,9.494274,-1.5167557,7.49769,1
33297,12.141314,-2.223437,9.47588,1
33298,-0.34169677,2.7359197,2.5779355,0
33308,0.010500239,2.8063724,1.3085709,0
33310,1.4038252,2.3636653,-0.4589238,0
33332,11.647548,9.023287,4.55293,2
33339,9.094594,-2.409801,7.9118667,1
33364,7.318625,7.425501,10.675905,0
33366,12.055659,-2.5847635,9.79657,1
33381,12.147526,-1.3498063,9.342406,1
33394,9.530596,-0.7054659,7.0549974,1
33396,-0.104613476,2.0229633,3.767188,0
33400,7.792778,7.2495737,10.7854,2
33402,9.336351,-2.5774395,8.366495,1
33413,9.7138815,-0.7096608,7.1932635,1
33437,-0.19069688,2.382611,3.265752,0
33446,9.525071,-2.1212487,7.191219,1
33447,11.49957,9.12667,4.2890315,2
33461,11.444944,8.864504,4.7094083,2
33466,9.291876,-2.122017,8.036872,1
33474,12.270678,-1.1413995,9.061794,1
33481,9.829245,-0.80029017,6.921987,1
33499,9.5304,-2.8723328,7.634673,1
33533,12.104575,-1.0112548,8.685248,1
33536,9.986621,-3.9493704,8.853528,1
33540,11.237141,10.296176,4.358638,2
33582,8.709092,6.830721,10.807655,2
33583,9.377348,-2.6187286,7.871456,1
33594,11.606108,-0.25521666,8.259653,2
33601,2.199541,1.7895467,-0.60251176,0
33604,12.248369,-1.8973577,9.321682,1
33618,6.556559,7.119508,10.708328,0
33638,9.588664,-2.6200292,8.387688,1
33640,11.976489,-1.1447412,8.822917,1
33653,8.912885,7.0231,10.910622,2
33662,8.095155,6.0230675,11.070835,2
33666,10.282576,10.168904,3.8635457,2
33668,8.535575,7.052596,10.90734,2
33711,8.91534,6.6698008,10.872003,2
33714,9.435011,9.791049,3.8967605,2
33718,9.31844,-2.9417539,8.417212,1
33722,11.675065,10.2747555,4.7019105,2
33723,11.553263,9.056352,4.3230143,2
33729,9.231092,-2.319213,8.11011,1
33762,7.215794,6.282435,10.886484,2
33764,9.804166,-0.59359986,7.1849256,1
33777,8.49037,5.6466928,11.093571,2
33802,9.81704,-3.615939,8.245096,1
33807,11.66767,8.965278,4.501018,2
33816,12.183863,-1.6783377,9.285408,1
33827,9.436185,9.898551,4.049209,2
33830,12.271088,-1.6689032,9.118142,1
33834,9.93729,8.631016,3.9469478,2
33841,9.587663,-2.7783906,7.5393186,1
33848,8.721384,7.0239563,10.681846,2
33851,0.011818534,1.947889,3.8210974,0
33863,9.160033,8.888836,3.8378024,2
33864,9.531912,-3.3762777,8.691702,1
33882,9.555219,-3.4304466,8.678833,1
33886,9.746935,-3.767496,9.146241,1
33894,9.194084,5.787746,10.95034,2
33898,7.2255425,7.343435,10.815769,2
33918,-0.16426957,2.3647087,2.32647,0
33948,-7.6642942,5.694336,5.2979083,2
33954,7.160809,6.5899987,10.912093,2
33974,-0.30073538,2.268729,3.2273023,0
33975,-0.018592497,2.8162513,1.3470069,0
33976,9.393013,-3.0005555,8.358356,1
33985,9.4951725,9.883238,4.0736566,0
34035,9.354538,9.752514,3.825521,2
34037,9.3792,9.005209,3.9865503,2
34055,0.14226967,2.0293486,3.9322097,0
34058,11.624895,9.955602,4.6843266,2
34065,-0.08613686,2.7911694,1.3831729,0
34079,9.345607,8.850032,3.822837,2
34080,0.11543649,1.7643691,2.955612,0
34081,10.272527,8.832564,3.9317014,2
34083,1.3483452,2.5335078,-0.34104863,0
34092,2.3995724,1.5834261,-0.48673534,2
34097,9.110032,8.769638,3.8243155,2
34099,9.018534,5.7720613,11.005568,2
34106,-0.3746257,2.465864,2.8860946,0
34112,-0.27292585,2.7722676,2.2040465,0
34116,-0.11191547,2.7502668,1.4538519,0
34126,-0.18130487,2.792398,2.9074817,0
34135,12.102328,-1.3776921,9.283809,1
34143,9.891517,5.9774356,10.641494,2
34153,9.171733,-1.9908392,7.9364996,1
34166,9.409775,-1.2632349,7.487438,1
34167,11.2546425,8.867374,4.4012365,2
34169,11.21069,10.281878,4.340313,2
34172,9.343918,-1.8420147,7.7787457,1
34184,10.295699,5.9056835,10.406097,1
34186,11.143058,9.089062,3.9922562,2
34187,-0.031596858,2.7865548,1.4233288,0
34216,9.678195,-2.4010901,7.3324304,1
34226,-0.2645641,2.5479543,2.520044,0
34257,12.260512,9.411787,4.8788786,1
34259,11.003151,8.711571,4.438427,2
34272,0.31518206,1.5548639,4.3147855,0
34273,7.7162714,7.3490577,10.819526,2
34277,9.509597,-3.6490526,8.9087305,1
34298,-7.4975367,5.809358,5.117036,2
34302,9.684137,-3.0398188,7.64069,1
34312,9.234588,-2.6191142,8.129427,1
34331,12.155772,-1.0909302,8.801876,1
34337,-0.3495315,2.6412666,2.7445855,0
34342,9.33704,6.6292334,10.822064,2
34354,9.446884,6.680128,10.710193,2
34370,12.148412,-2.3846245,9.675094,1
34402,9.381532,-1.2064701,7.3707223,1
34411,9.200239,6.1299863,10.676845,2
34420,9.806995,-0.7103993,6.760987,1
34452,11.901177,10.130687,4.742551,2
34457,11.669814,8.963956,4.468312,2
34475,12.034317,-0.7677867,8.608506,1
34495,-0.3413044,2.7518728,2.334964,0
34504,2.0698922,1.949906,-0.59128404,0
34508,-0.24584226,2.4013128,2.8082027,0
34512,8.464499,8.977948,3.8459094,0
34515,0.0062516583,1.8281137,3.94504,0
34520,9.3039465,-1.5347573,7.6412487,1
34521,0.84179217,2.6763554,0.15844446,0
34526,6.563969,7.072343,10.664001,0
34546,12.176034,10.199698,4.6956286,2
34548,12.239863,-2.0112417,9.43773,1
34558,11.831003,10.2218275,4.4279594,2
34566,9.353673,-2.2467537,7.200308,1
34573,-0.1741103,2.4997754,2.3586473,0
34581,9.454691,-1.3810974,7.4513745,1
34600,10.533519,10.370259,4.065684,2
34606,7.1418376,7.3405643,10.694576,0
34609,8.250437,5.9583535,11.096331,2
34627,-0.016021028,14.817982,6.801266,1
34630,9.515392,-1.6711932,6.8753495,1
34635,-0.4569946,2.8694875,2.5729077,0
34636,9.738784,-0.5813532,7.1746755,1
34646,8.327518,7.3133607,10.704763,2
34654,10.148703,8.965954,3.9660616,2
34662,7.1457095,7.347348,10.716488,2
34679,10.277141,10.228909,4.1293573,2
34680,12.115439,-1.3617781,9.342472,1
34688,10.147472,8.796453,3.844776,2
34707,9.443611,-1.4078218,7.612476,1
34713,9.673235,6.471718,10.659455,2
34714,-7.7014637,5.6585493,5.340065,2
34717,9.062917,5.6241574,10.879271,2
34718,9.768388,10.074373,3.8802645,2
34735,7.508281,6.1469183,10.719144,2
34742,11.68947,-0.38560364,8.23352,2
34745,8.484082,5.9599676,11.091383,2
34750,9.297453,9.719536,3.924886,2
34753,9.7580805,6.476072,10.592893,1
34754,9.900754,8.633725,3.7496035,2
34757,0.05282886,1.9621743,3.967681,0
34780,8.5585165,9.038466,3.85847,0
34783,9.454177,-0.94796103,7.182763,1
34809,9.607934,-3.0247056,7.764827,1
34820,9.898271,-3.842907,8.905261,1
34821,9.323913,-2.17151,7.1455736,1
34836,9.437917,5.6893106,10.894476,2
34843,9.500816,-3.6382504,8.884867,1
34844,9.147058,6.705066,10.8468685,2
34849,8.633318,8.844149,3.8135364,0
34862,9.520833,9.027778,4.036545,2
34863,8.623361,7.0795584,10.586304,2
34887,9.589643,6.4609566,10.750875,2
34897,8.710764,5.675637,11.022374,2
34915,12.132126,-2.610911,9.780105,1
34925,0.028297704,2.0761442,3.3684015,0
34926,9.547862,-1.1300908,7.4226875,1
34927,6.6022744,7.1209235,10.748467,0
34935,9.7799425,-3.807108,9.156189,1
34939,9.790996,6.4547076,10.611814,2
34946,10.436645,10.155558,4.1430655,2
34953,7.1420035,6.4845037,10.910441,2
34959,11.942511,9.127144,4.7195735,2
34966,10.554231,10.391519,4.3276424,2
34971,9.1027355,9.429343,3.8952374,0
34973,10.618351,10.124727,4.1304703,2
34996,8.991854,6.831329,10.912501,2
35001,9.576142,-2.8873594,7.5735164,1
35005,7.970244,6.018221,11.123468,2
35010,7.471082,7.437924,10.760437,2
35045,9.880504,-3.9317546,8.708041,1
35057,11.650684,-0.26844454,8.105256,1
35063,10.897642,8.967503,4.3168488,2
35065,-0.06973911,2.5786815,2.6698332,0
35067,12.22505,-1.307935,8.949269,1
35068,8.51339,5.816191,11.301746,2
35076,11.681022,-0.34559533,8.274211,2
35077,9.629436,-1.2283992,6.6930103,1
35078,8.464652,5.8465543,11.119023,2
35094,10.104704,6.084465,10.493684,1
35099,9.95322,-0.3856226,7.0893326,2
35101,9.620088,-3.7252777,8.9819,1
35117,9.826472,-3.7796102,8.998676,1
35124,12.072462,-2.631431,9.788063,1
35130,-0.18883249,2.576723,2.0773652,0
35139,7.883036,7.5231504,10.836575,2
35148,9.960757,-3.6531546,8.824975,1
35161,9.854544,6.36653,10.615615,1
35164,7.7689137,7.4697537,10.819904,2
35171,9.468148,-0.8228993,7.058895,1
35172,9.327164,-1.8227533,7.6356926,1
35181,11.838189,-0.69923395,8.605253,1
35193,9.284632,-1.7766712,7.769854,1
35195,10.171845,-0.058891114,6.785027,2
35212,9.00525,-1.8939993,8.006252,1
35225,6.4947157,7.2468934,10.505887,0
35252,9.1836605,-1.6566889,7.4527845,1
35258,12.063165,-2.4633358,9.775688,1
35262,10.211841,5.9814854,10.493007,1
35271,9.199535,-2.0050871,7.6104965,1
35297,1.774976,1.9320524,-0.5430015,0
35333,-0.35022557,2.8034647,2.2817578,0
35341,-0.28317493,15.175436,6.8851967,0
35353,6.7101283,7.2891364,10.540845,0
35388,-7.5558467,5.820807,5.169734,2
35389,8.324544,5.914416,11.268916,2
35406,7.76841,7.4056735,10.868702,2
35418,10.202827,10.134871,3.889126,2
35423,10.551737,10.271053,4.0373626,2
35456,12.2619,10.076816,4.6622033,2
35463,12.351546,10.084874,4.67493,2
35504,10.169442,0.03607524,6.8488507,2
35509,9.559143,-1.0693604,7.4157653,1
35511,8.829925,5.8891783,11.165706,2
35537,9.555809,-2.69894,7.690823,1
35552,11.831328,10.319443,4.5016546,2
35556,12.453601,9.929018,4.8381233,1
35590,9.714349,-3.1005118,7.6365304,1
35601,6.9781013,7.277284,10.710436,2
35613,9.667869,-1.0455728,7.402376,1
35614,-0.06748014,1.9378009,3.4613225,0
35623,12.028054,-1.0713834,8.90099,1
35624,9.574056,-1.2258626,7.511243,1
35629,-0.31238192,2.0719159,3.5553155,0
35632,-0.018606866,14.819987,6.8072352,1
35633,9.652984,-3.7872498,9.104524,1
35634,9.696041,8.495275,4.028158,2
35678,10.243353,0.23541267,6.8151064,2
35692,11.983568,9.414442,4.5019298,2
35693,10.550371,10.125323,4.12063,2
35698,7.0931525,6.6870155,10.996991,2
35709,9.653756,-0.96315,6.782365,1
35712,1.7310271,1.973194,-0.55960804,0
35723,9.755823,-1.4083501,6.971569,1
35726,9.092138,-1.7321451,7.6067004,1
35729,-0.065476954,2.7889824,1.3360025,0
35744,9.658948,-2.4628925,7.3002167,1
35746,9.062068,-2.273057,7.9448013,1
35749,9.870817,-0.4080914,7.074123,1
35752,8.728606,6.808557,10.895756,2
35772,9.647387,-3.475221,8.737491,1
35773,9.399634,-2.3636825,8.17432,1
35778,9.456196,6.576791,10.697398,2
35783,9.225654,-2.1503527,8.055715,1
35784,12.140687,-1.0369596,8.946007,1
35793,6.5669117,7.1353636,10.64883,0
35795,10.2270975,10.115005,3.924092,2
35800,8.574283,5.9235444,11.216193,2
35804,1.3217211,2.2247605,-0.62621653,0
35808,9.249456,-1.6701757,7.6320863,1
35809,10.923907,10.249604,4.2080436,2
35813,-0.04912413,1.8807392,3.8800404,0
35818,9.569809,5.729323,10.880404,2
35830,10.460238,8.735409,3.925387,2
35833,9.613663,-0.5621485,7.0697527,2
35838,9.452264,6.2930894,10.86662,2
35850,12.08449,-0.9938015,9.076982,1
35863,12.133767,10.180001,4.671251,1
35867,9.451449,-1.0816559,7.4660277,1
35869,10.295278,8.6677885,3.845566,2
35885,9.580091,9.986408,4.1464653,2
35889,9.3858795,-3.3995001,8.69311,1
35892,0.37939447,1.5486218,4.329804,2
35897,9.536354,9.924433,4.1045785,2
35906,9.726007,-1.1063367,6.746997,1
35908,0.2754032,1.5687733,4.299469,2
35919,9.254867,-3.0033457,8.489401,1
35930,9.842692,-3.839154,8.669026,1
35934,9.549668,-1.3567592,6.7361627,1
35935,2.3290153,1.6506339,-0.60366344,0
35949,12.12618,-1.3097705,9.008417,1
35954,-6.9860153,5.8290267,4.6822824,0
35969,1.4108365,2.1638405,-0.6193261,0
35977,9.220091,-2.5831578,8.063852,1
35986,8.924184,6.8433723,10.8258505,2
35989,9.466197,5.840928,10.949436,2
35992,0.05188915,1.9947867,2.549979,0
36006,-0.20970073,2.5447133,3.4087958,0
36007,-6.979569,5.8192487,4.6773357,0
36009,9.526669,9.899229,4.0417676,2
36024,-0.3294512,2.0680735,3.5561874,0
36028,9.593604,-1.0673674,6.6832147,1
36039,0.11623922,2.0282028,2.6355472,0
36046,9.530649,-0.61671424,6.925136,2
36053,9.779849,6.431365,10.622312,2
36060,8.539355,7.2054396,10.960205,2
36072,7.7614503,7.372173,10.891299,2
36080,12.115312,9.446904,4.485589,2
36081,9.19379,6.7845645,10.748694,2
36084,9.671514,-3.3072047,7.9670835,1
36093,11.6432705,-0.27854386,8.168955,1
36095,1.9648609,1.9059782,-0.5881295,0
36097,9.469459,9.833362,3.8303344,2
36100,9.605115,-2.8923373,7.580835,1
36103,7.486339,7.245805,10.652545,2
36119,-0.114447854,2.7412844,1.509844,0
36127,9.883674,-3.8474352,8.505007,1
36141,9.466294,8.81611,3.9330442,2
36150,8.932188,5.6889462,11.071503,2
36162,-0.02650682,1.9433947,3.473852,0
36184,-0.31427652,2.2909708,3.4626553,0
36190,9.302242,-2.3408809,7.3996673,1
36194,-0.1572574,2.7098858,2.0148716,0
36218,9.455211,9.821486,3.8150363,2
36252,6.6073833,7.0524364,10.723097,0
36258,9.072909,7.0151,10.741099,2
36281,-7.4261675,5.7911315,5.0702624,2
36284,6.686631,7.318298,10.693574,0
36285,11.287138,8.948673,4.1331754,2
36287,9.328117,-3.3175137,8.735286,1
36289,-7.006511,5.78487,4.7039685,0
36317,9.564644,-1.8071371,7.1008615,1
36324,2.3612247,1.6418142,-0.5877451,0
36327,-0.39884475,2.9214182,2.7090218,0
36330,8.803282,6.975863,10.983627,2
36337,8.788382,9.37378,3.8576696,0
36365,-0.42184842,2.552278,2.7885594,0
36366,8.196561,7.1932793,10.712037,2
36377,10.70799,10.2265835,3.981929,2
36382,-6.9834533,5.8508973,4.675517,0
36386,9.184979,8.918909,3.9615712,0
36391,10.063596,-0.02936934,6.786042,2
36402,9.903154,-3.9833398,8.677335,1
36413,8.608255,6.779143,10.902242,2
36414,8.339201,7.3062057,10.719886,2
36426,9.303392,6.761977,10.832927,2
36433,0.04855642,2.4034,2.0654433,0
36470,11.9855795,-0.8358973,8.980858,1
36481,11.83121,-0.49698764,8.310166,2
36507,6.5411034,7.1490464,10.736674,0
36518,9.336139,-3.0863864,8.606694,1
36531,9.538563,-3.2281806,7.9507747,1
36542,9.175249,8.880738,3.8258824,2
36553,10.18812,0.16568011,6.8036456,2
36562,-7.3127155,5.794659,4.967675,0
36567,-0.3920059,2.8964489,2.59164,0
36569,11.760603,9.141387,4.5299273,2
36571,9.441021,-1.4988291,7.423093,1
36574,9.661945,-1.3377093,6.696979,1
36581,6.4365005,7.248947,10.638479,0
36605,8.026905,7.222764,10.55074,2
36630,9.275093,-1.7117604,7.6789904,1
36652,0.005929108,14.791594,6.791374,2
36657,9.46343,6.6463046,10.77876,2
36681,9.664772,-2.9117434,7.5081577,1
36683,6.7317996,7.3210416,10.629618,2
36684,10.060513,-0.43106747,6.9198546,2
36688,12.254329,-1.0708365,8.953034,1
36694,12.238253,-1.5288017,9.239206,1
36706,6.9335923,6.755559,10.925953,0
36717,-0.028351609,2.760533,1.3347846,0
36733,10.662379,10.389178,4.0775,2
36752,12.164715,-1.540816,9.5175085,1
36765,12.098895,-2.5335262,9.572052,1
36778,9.785957,-3.5887754,8.262528,1
36784,9.956569,-0.6529325,6.7136545,2
36801,10.76341,10.221294,4.0947833,2
36824,10.061968,-0.4133219,6.78786,2
36840,0.16853143,1.6653713,4.217554,0
36847,9.620124,-3.7577004,9.1313095,1
36852,-7.4719887,5.9057746,5.0711813,0
36862,-0.39134094,2.826112,2.5558121,0
36877,9.549978,-1.4652115,6.744079,1
36881,9.243273,-2.432505,7.366735,1
36919,-0.48678982,2.3472884,3.229982,0
36927,10.620361,10.397187,4.00863,2
36934,-0.38639867,2.1018515,3.528934,0
36937,10.504847,9.897064,3.9675083,2
36954,9.2561655,-2.3043525,7.151646,1
36973,11.778714,9.075716,4.498724,2
36990,9.081788,9.522383,3.8740637,0
36993,9.688945,-3.7649841,8.997359,1
36994,9.191238,-2.3393853,8.078888,1
37003,6.730897,7.323525,10.669695,0
37004,9.584831,6.5519147,10.809097,2
37006,7.031293,6.7422853,10.978047,2
37015,9.309413,-2.1029005,7.122041,1
37045,12.225904,-1.1726998,9.1549,1
37057,8.316247,7.2316904,10.630856,2
37061,7.186989,6.373003,10.919817,2
37073,10.488623,10.075227,4.082171,2
37081,9.857129,-0.8863252,6.694434,2
37095,10.8512,10.343138,4.0923767,2
37096,7.3984714,7.403995,10.830177,2
37122,-0.315536,2.239189,3.3367658,0
37125,12.454533,10.071017,4.7593565,2
37134,9.536916,-0.8230224,7.135315,1
37149,7.27152,6.25743,10.843404,2
37155,8.009987,7.254755,10.855309,2
37161,10.507605,10.390863,3.8853536,2
37162,0.03374468,2.13784,3.3518777,0
37171,8.610087,5.6321306,11.257887,2
37174,-0.13966146,2.2817082,2.5703409,0
37180,12.095565,-1.7122401,9.476833,1
37192,11.393894,9.195501,4.308949,2
37197,10.292336,10.195398,3.9723718,2
37207,11.10691,10.39051,4.247798,2
37212,9.341609,-1.5577046,7.8215036,1
37224,9.423489,-0.94809514,7.2998724,1
37230,9.664406,6.4034324,10.790206,2
37250,8.601647,8.83812,3.7623572,0
37277,9.598765,-3.340066,7.924988,1
37280,8.770515,6.9111238,10.875003,2
37290,7.676021,7.1181374,10.677263,2
37297,9.537676,-2.9867828,7.699374,1
37305,12.257183,-1.9847788,9.382903,1
37316,7.245055,6.2485757,10.903555,2
37333,9.501353,8.71385,3.8244672,2
37341,-0.24328618,2.4923332,3.3021052,0
37343,10.473951,10.310346,3.9709578,2
37354,-0.050583214,1.9146104,3.9413958,0
37372,-7.120483,5.7469034,4.8098598,0
37380,12.334592,-1.4219805,9.136527,1
37384,8.586984,7.156738,10.898349,2
37391,8.84413,9.42488,3.9639251,2
37403,7.5672445,7.4174056,10.910523,2
37422,9.525171,-0.52742904,7.034236,1
37443,8.213405,7.347103,10.819621,2
37456,9.642234,-0.73974687,7.2599688,1
37479,10.13606,8.8043995,3.888944,2
37481,7.6624413,7.50314,10.844408,2
37487,10.33571,8.70269,3.8956175,2
37508,12.15598,-1.4064776,9.419442,1
37511,-0.17513134,2.49725,2.3105884,0
37536,9.1276865,9.499554,3.8484795,2
37549,10.4121065,8.705454,3.9492276,2
37561,9.255161,-2.315751,7.257081,1
37570,-0.35173658,2.3208036,3.2025182,0
37575,6.803283,7.3236413,10.691628,2
37586,10.365513,10.339717,4.112923,2
37590,8.491164,5.8396487,11.314701,2
37607,9.505178,-3.6070983,8.841639,1
37613,9.17905,-1.8230182,7.7772036,1
37651,9.5782175,-3.6385188,8.578974,1
37658,9.527131,-3.0872934,7.7825646,1
37660,1.9203,1.7976676,-0.5940392,0
37665,8.477422,8.993882,3.8673847,0
37685,9.311017,-2.159325,7.2555466,1
37688,9.559867,6.6721473,10.877692,2
37697,-0.3965252,2.8604987,2.5929725,0
37706,-7.105165,5.6957135,4.8024297,0
37713,-7.669025,5.6737747,5.3088984,2
37716,11.510546,9.031185,4.2791767,2
37727,9.244015,-1.6803493,7.445732,1
37728,7.7980413,7.5136747,10.846911,2
37729,0.10838317,1.8353124,2.68173,0
37732,9.859094,8.669287,3.7858074,2
37734,-0.03320863,2.08218,2.5072634,0
37740,9.299584,5.755536,11.046966,2
37749,8.642216,5.8179307,11.156374,2
37769,10.002782,10.023528,3.8465593,2
37785,9.447821,-0.7688219,7.2203903,1
37789,11.18297,10.147065,4.4050465,2
37797,9.524586,-1.083589,7.2834864,2
37800,9.93425,-0.35739204,7.0087285,2
37807,7.7736406,7.340672,10.807302,2
37811,9.2492,6.8671074,10.803936,2
37832,7.4767485,6.4712033,10.919154,2
37853,11.043838,8.868518,4.127529,2
37854,9.033449,6.969842,10.85133,2
37860,12.012102,9.349342,4.389662,2
37868,12.109516,9.319945,4.6861334,1
37873,12.357611,10.159254,4.695012,2
37883,11.679014,-0.35345972,8.277955,2
37885,9.2491045,-3.3084512,8.532571,1
37902,10.962408,10.341285,4.2730627,2
37918,0.19008683,14.578064,6.6525555,1
37939,8.617496,8.9235115,3.8069837,0
37941,10.443864,10.261233,3.9961655,2
37956,9.67858,-1.2502586,6.646556,1
37957,12.075561,-2.5786662,9.804189,1
37979,9.371277,5.765534,11.019875,2
37986,9.312687,-3.3836408,8.6469145,1
38003,9.702488,-3.798615,9.03963,1
38014,9.421614,8.764866,3.7645965,2
38018,12.188146,-1.0286558,8.861074,1
38026,11.652967,9.386485,4.233381,2
38028,9.820771,-3.7295625,8.8228655,1
38036,-0.06501817,2.0938046,2.5237453,0
38039,-0.13939612,2.3557515,2.5364342,0
38041,9.676079,-1.4754133,6.8284073,1
38047,-0.3993726,2.440553,3.2821972,0
38054,7.663033,7.2557096,10.696025,2
38056,9.109886,-2.1154976,7.813897,1
38060,7.249189,7.381165,10.787033,2
38082,2.0559087,2.0287626,-0.501185,0
38086,1.348701,2.3662112,-0.5152551,0
38106,-0.011699243,1.8353629,3.6156425,0
38111,9.296046,9.707357,3.8591084,2
38117,8.1249075,7.3454638,10.793396,2
38148,7.258628,7.383721,10.83355,2
38150,9.770307,10.025412,3.9304533,2
38152,9.389317,-0.7566151,7.1169305,1
38153,12.530268,9.923169,4.9211235,1
38162,8.110116,7.166413,10.847347,2
38177,10.316311,10.162365,4.0082226,2
38187,12.255278,10.128529,4.647217,2
38189,9.452541,-2.637496,8.073593,1
38190,-0.22862706,2.3837092,2.374142,0
38215,9.107186,-2.4720538,8.030271,1
38223,9.541868,6.63601,10.682086,2
38226,-0.35651913,2.4009316,2.9885886,0
38230,9.348465,-2.520447,7.377544,1
38245,10.163778,6.0983734,10.473251,1
38248,-0.44947946,2.6313295,2.8671334,0
38254,8.637354,5.7694535,11.068383,2
38265,12.24577,-1.0241346,8.946825,1
38266,12.244984,10.119226,4.716149,1
38269,9.103218,5.8062506,11.050891,2
38292,9.751654,-3.8803663,9.025808,1
38295,9.867215,5.8532934,10.740503,2
38303,10.762799,8.817764,3.944552,2
38315,9.61359,-2.6561432,7.415135,1
38324,8.731412,7.033437,10.761948,2
38347,9.838882,8.663643,3.7630525,2
38354,8.848542,8.949231,3.7879353,0
38361,9.430185,-1.0058544,7.270408,1
38372,9.459635,-2.758049,7.9426227,1
38393,9.97211,8.796062,3.867133,2
38407,9.39914,5.6546097,10.947448,2
38418,8.689996,5.6117105,11.2398615,2
38421,8.416199,7.1176677,10.982902,2
38434,9.302065,6.764572,10.809795,2
38435,9.851835,9.859133,3.890346,2
38444,12.011335,-0.94858456,9.061465,1
38461,10.06932,-0.19685702,6.7517,2
38476,9.160168,-2.1089423,7.901656,1
38478,9.111971,6.7612333,10.867507,2
38479,10.045227,6.1853333,10.560446,1
38481,9.19812,-2.2366788,8.114104,1
38485,-0.029766073,1.757208,3.3434043,0
38499,11.906768,10.220994,4.6689634,2
38505,11.598793,10.065305,4.4865055,2
38508,10.105907,-0.20754178,6.809514,2
38519,9.510828,-3.7318156,8.945746,1
38520,1.2559326,2.3520775,-0.5071657,0
38527,0.0701052,1.7245282,3.1712103,0
38529,9.945168,-0.94067204,6.6818857,1
38558,7.620203,7.4778876,10.817906,2
38562,-0.20153406,2.6069856,3.224165,0
38566,7.096528,6.48518,11.002511,2
38591,9.480263,-3.5802367,8.481874,1
38592,9.118627,-2.1099005,7.8291116,1
38600,8.248904,7.206178,10.900112,2
38608,6.9685965,7.3350787,10.734686,0
38626,9.347988,6.5251484,10.734386,2
38658,9.339317,5.7487526,11.045815,2
38666,9.132565,6.9666867,10.777377,2
38671,7.1934457,7.261782,10.828087,2
38687,9.239752,6.9392605,10.786804,2
38689,9.263896,-3.2721052,8.496747,1
38697,7.163165,6.4077682,10.934829,0
38700,-7.482292,5.869962,5.08541,2
38709,12.2424755,-1.5168045,9.498184,1
38722,12.142913,-2.4530249,9.592356,1
38726,12.227022,-1.1411016,9.163978,1
38728,12.4872675,9.922489,4.9030476,1
38764,1.7989328,1.8267756,-0.54396427,0
38774,9.73543,-3.8643763,8.941531,1
38793,10.291104,8.716399,3.8370728,2
38822,-0.04604286,2.7742686,1.4371465,0
38842,7.4394464,6.5583935,10.976476,2
38844,9.343196,-1.1605393,7.4413567,1
38865,0.2991481,1.5500156,4.3356543,2
38881,-0.28309718,2.6922364,2.0799456,0
38894,11.948278,9.322667,4.355427,2
38904,11.998038,10.212974,4.604939,2
38909,9.295403,-1.0900145,7.498219,1
38911,9.746967,6.4096866,10.679763,2
38919,10.269587,0.27535725,6.828386,2
38920,9.509089,-3.1391284,7.8962955,1
38924,11.225851,9.128757,4.2334404,2
38928,9.28672,-2.248523,7.2142124,1
38934,1.7651336,1.8532668,-0.5121516,0
38935,7.133144,7.3357096,10.845481,2
38949,9.926976,-0.31333885,7.0740705,2
39011,6.5126443,7.291215,10.59626,0
39016,10.020793,6.2613997,10.571579,1
39017,0.32441053,1.5300859,4.3377852,0
39045,8.364636,7.127428,10.896446,2
39046,8.420708,5.850068,11.324648,2
39059,9.480261,6.591115,10.758741,2
39064,9.274864,-2.7919486,8.103857,1
39070,9.895003,9.967039,3.9462132,2
39079,-0.08331653,2.7564497,1.5199445,0
39093,7.1002765,6.3457003,10.914894,2
39096,1.3723648,2.1486633,-0.626622,0
39108,11.44432,9.322696,4.1759086,2
39125,9.485709,-3.4923968,8.821846,1
39131,0.0061436337,1.8184843,3.1270628,0
39137,10.013298,-0.2232841,6.7805395,1
39149,-0.48492828,2.860606,2.5238624,0
39152,12.333438,10.11742,4.7415805,1
39159,9.661946,-3.8088303,9.055617,1
39160,9.112311,-2.375372,7.9310536,1
39169,11.789037,-0.4927715,8.315165,1
39176,8.946153,8.7802,3.8024957,0
39182,-0.44964448,2.4525034,3.2000775,0
39183,9.900545,6.39266,10.610274,2
39184,12.047777,-2.651811,9.816546,1
39190,-0.46591127,2.8610063,2.567886,0
39197,9.277744,-2.4713426,7.3034678,1
39203,11.794874,9.031652,4.4823318,2
39204,7.060471,6.851343,10.989572,2
39206,9.539301,-2.880583,7.617121,1
39209,-0.4807437,2.3857393,3.1059997,0
39210,10.230322,8.68477,3.861219,2
39226,9.268069,-1.0522953,7.3775983,1
39235,9.890275,8.606799,3.6946154,2
39240,-7.7584424,5.6539574,5.405058,1
39241,9.59599,5.7587385,10.888143,2
39242,10.531155,10.249906,3.933767,2
39261,-0.2670169,2.0295703,3.7444599,0
39263,10.360621,10.189369,3.9664958,2
39283,-0.30383056,2.1029708,3.519778,0
39291,9.228567,-2.3386009,7.92732,1
39295,9.067862,5.7907276,11.1081085,2
39309,9.105654,9.601078,3.7917767,2
39313,-0.0149066225,2.8008397,1.3095374,0
39320,10.5818615,10.3731,3.8886561,2
39325,-0.10804143,2.2319748,2.90263,0
39327,9.013382,-1.9087579,7.964512,1
39334,0.297541,1.663849,4.145833,0
39336,9.505252,9.8897295,3.8267033,2
39353,1.3791802,2.3096993,-0.34217295,0
39354,10.472349,10.210339,3.9536214,2
39360,9.418214,-3.5562367,8.704754,1
39367,10.08207,6.192899,10.563908,1
39378,12.221733,9.44783,4.64174,1
39390,9.696836,-0.5103294,7.035653,2
39392,9.156814,-2.380901,8.06824,1
39407,12.021181,-0.87311625,9.046624,1
39417,12.046118,-2.5946128,9.782408,1
39429,9.992122,-0.20620173,6.763598,2
39434,9.093062,-2.4943643,8.031542,1
39455,12.222083,-2.372997,9.718098,1
39460,10.494716,8.777839,3.8986104,2
39464,10.858899,9.178054,4.1513157,2
39465,1.2434719,2.4522202,-0.43328744,0
39467,-0.4155823,2.842675,2.2986293,0
39475,-0.06614975,14.876961,6.835759,2
39495,9.143477,-2.539083,7.9433494,1
39499,-0.36592677,2.5200877,2.4433517,0
39522,0.017988268,1.9855129,2.6734016,0
39526,1.5231942,2.094023,-0.6327153,0
39543,9.542645,-0.5180098,6.9950657,1
39554,2.198775,1.7503436,-0.6472192,0
39562,8.6140175,7.1995196,10.748003,2
39571,11.380623,8.908781,4.2036824,2
39573,-0.3778596,2.376387,3.0748737,0
39575,10.018025,-0.24622388,6.9381924,2
39576,8.593074,7.062812,10.8363085,2
39591,11.665698,-0.31670415,8.133849,1
39597,-0.44746342,2.843664,2.4323466,0
39606,12.243028,9.502899,4.623012,2
39621,9.030688,-2.4190361,7.9704003,1
39624,0.00798715,1.7458094,4.0826645,0
39639,9.113888,-1.9412677,7.7928405,1
39641,12.244738,-1.2359325,9.268949,1
39686,9.022389,-2.2604876,7.855449,1
39694,9.855377,-1.040541,6.7161884,1
39704,-0.46624076,2.9097295,2.6324103,0
39713,-0.2258243,2.1070993,3.7876985,0
39715,9.126904,5.6265736,10.777355,2
39716,1.7453263,1.9854796,-0.5755939,0
39723,9.387765,-3.3636203,8.632551,1
39728,9.224531,-2.3694503,7.90153,1
39741,12.148144,-2.284286,9.619664,1
39757,7.4100227,7.4635086,10.775905,2
39759,9.823826,-4.0122066,8.908521,1
39765,9.301226,-1.62523,7.4277596,1
39774,10.248404,8.639283,3.836484,2
39789,11.886241,9.094994,4.55684,2
39804,9.4084835,-3.417868,8.678328,1
39839,2.4221025,1.6562965,-0.58461034,2
39858,6.9247456,6.8635955,10.801242,0
39862,8.4019985,5.952355,11.27602,2
39883,8.762186,5.606468,11.072349,2
39887,12.046971,-2.2788367,9.700638,1
39895,9.9931555,8.6570425,3.813705,2
39934,-0.38170743,2.9195228,2.7857919,0
39947,9.733479,10.043168,3.883249,2
39959,9.671697,6.499963,10.750158,2
39974,12.143436,9.455635,4.590744,1
39987,9.998482,-0.30956507,6.95406,2
39990,12.102095,-0.9240603,8.841274,1
40048,-0.111780845,1.9039127,3.7407541,0
40063,8.23938,7.348442,10.82881,2
40090,-7.3137765,5.629731,5.003157,0
40103,7.4019036,6.230626,10.933405,2
40106,7.2772446,6.55887,10.695581,2
40127,9.883213,8.644707,3.7437687,2
40139,-0.13890636,2.7569091,1.4345813,0
40141,-0.23367186,2.3146424,2.441109,0
40145,10.219878,8.916864,3.8728156,2
40146,-0.33323488,2.8085797,2.1182342,0
40155,12.071283,-2.5211327,9.605472,1
40162,9.386773,6.7266545,10.922453,2
40163,9.633247,-0.58914274,6.837604,1
40164,-0.32350656,2.4981897,2.4192083,0
40203,8.823357,6.8688116,10.8853035,2
40216,8.444854,5.993064,11.049825,2
40240,9.6526985,8.654272,3.6882691,2
40244,-0.39342996,2.558207,2.8641465,0
40248,0.9981234,2.5565171,-0.030495742,0
40250,8.506684,5.756492,11.003243,2
40251,9.060946,-1.9884334,7.980394,1
40252,9.58625,-3.2783175,7.9160795,1
40257,7.205325,6.601594,11.097647,2
40266,-0.12116215,1.8220772,3.5639515,0
40270,9.078975,-2.523771,7.9940143,1
40278,1.6390451,2.0774922,-0.5343054,0
40280,9.571592,-1.5956116,6.881846,1
40286,-0.34849766,2.2729108,3.3782697,0
40300,-7.720802,5.6671724,5.362504,2
40303,8.860748,5.5786724,11.020486,2
40309,-0.28805166,2.1660707,3.6795638,0
40324,11.124183,8.791636,4.3471036,2
40336,10.208486,8.647588,3.7781382,2
40338,9.789792,10.066452,3.8715446,2
40340,0.9185118,2.5488071,0.012489662,0
40350,9.589519,9.956036,3.9446828,2
40358,-0.45014486,2.8236833,2.3403916,0
40362,9.4748955,-0.9703655,7.254953,2
40399,8.585651,7.141526,10.947559,2
40409,7.278444,6.659203,10.950224,2
40433,9.48113,-3.066011,7.85237,1
40465,10.052715,6.182174,10.5816965,1
40474,7.917834,7.402125,10.890369,2
40478,12.217673,10.10897,4.661383,1
40496,2.1589675,1.7376796,-0.6123624,0
40499,9.193621,6.983884,10.760545,2
40535,9.44197,-1.560918,6.974787,1
40545,9.883388,-3.9891143,8.886812,1
40550,11.64733,-0.28210026,8.20368,1
40560,11.298238,8.839544,4.3550024,2
40563,-0.50351936,2.9068975,2.6732378,0
40566,7.1010203,6.4273834,10.869638,2
40574,8.59294,5.964993,11.212947,2
40578,9.718495,-0.6348389,7.0077367,1
40615,9.579551,-1.3972523,6.77516,1
40646,10.132192,-0.08012104,6.7633986,2
40648,9.624366,-3.8735166,9.196328,1
40653,12.382203,-1.4141765,9.295843,1
40656,11.533546,-0.12286723,7.9748874,2
40672,-0.15339343,2.7452722,1.4258038,0
40696,9.163627,-1.8614888,7.6031723,1
40704,11.45336,9.008688,4.1531234,2
40730,11.910532,-0.6176366,8.4742565,1
40731,12.12175,-2.5755718,9.750896,1
40755,1.7591791,1.9631003,-0.6154265,0
40757,9.303687,-1.8274107,7.6773944,1
40785,12.261644,-1.1937307,9.2214,1
40795,7.2322583,6.564886,11.044796,2
40799,8.484402,9.00838,3.8522544,0
40801,9.893565,-1.0205421,6.7548633,1
40803,9.5669775,-1.6161733,6.9080606,1
40814,12.386637,-1.2143568,9.202075,1
40816,12.06474,-0.8795241,9.025768,1
40819,9.555022,5.7571335,10.92201,2
40857,9.492906,-2.7650168,7.93297,1
40864,12.141124,-2.3057966,9.750928,1
40879,9.27158,-3.2287765,8.558536,1
40888,-7.0879726,5.726058,4.782187,0
40890,9.228271,-2.2691727,7.4671855,1
40911,0.23135135,1.5744534,4.288625,0
40912,8.126812,6.0448017,11.332945,2
40918,0.19116266,1.7705044,4.058012,0
40919,8.251137,7.312146,10.948231,2
40921,10.311305,8.668132,3.8077872,2
40932,-0.092354044,2.7972057,1.393396,0
40940,9.411349,-0.81359565,7.2343125,1
40941,9.060961,-2.565006,7.9801683,1
40953,10.072988,8.593389,3.7358658,2
40962,-0.35589164,2.3476913,3.2225718,0
40966,9.054161,6.9854364,10.856074,2
40979,1.7694436,2.0051093,-0.5875322,0
40987,9.490589,5.7411017,10.994578,2
41016,6.47261,7.165574,10.691221,0
41019,9.094742,-2.0020165,7.715648,1
41033,1.4262828,2.1600225,-0.59423065,0
41043,10.045465,5.9378433,10.662931,1
41049,0.021275656,1.9498188,3.9819913,0
41065,9.123946,6.9496,10.687835,2
41072,10.125061,10.16731,3.9526398,2
41084,-7.563799,5.6402674,5.222981,2
41092,9.197606,-1.4770533,7.6538496,1
41097,11.435998,9.01351,4.135275,2
41115,10.031485,8.787262,3.8495338,2
41125,12.156621,10.146031,4.6132855,2
41137,8.582309,8.887768,3.7641714,0
41148,8.897049,5.8274174,10.964847,2
41157,9.165283,-2.2905905,7.780136,1
41162,8.184382,6.0277905,11.174665,2
41169,11.363109,9.245115,4.21711,2
41172,9.140328,-2.0364406,8.001905,1
41176,9.070486,6.6466465,10.951712,2
41188,9.482403,6.7802033,10.742885,2
41197,9.514795,-2.181705,7.1200075,1
41205,12.320366,-0.92571896,8.925698,1
41209,9.442637,-0.7174113,7.112063,1
41213,12.04452,-1.454338,9.274061,1
41226,8.681595,9.224114,3.8964543,0
41230,9.573516,-1.2249514,6.704256,1
41233,10.233553,8.805254,3.808883,2
41234,7.3075633,6.281271,11.048603,2
41238,9.548343,-3.5881631,8.987836,1
41242,-0.4730471,2.7361953,2.814718,0
41258,8.555503,5.896548,11.069208,2
41289,1.7481414,1.925118,-0.59152615,0
41290,7.8265963,7.3703256,10.863997,2
41344,9.767653,-3.8319976,9.113922,1
41348,-7.1076007,5.8533144,4.791547,0
41350,-0.18785195,1.8227211,3.6279497,0
41351,11.817374,10.155247,4.534177,2
41364,12.15266,-2.4394984,9.679946,1
41383,9.093436,-2.484341,7.9685745,1
41413,-0.2842626,2.6618655,1.9235568,0
41431,11.942895,9.474292,4.485778,2
41440,-0.475066,2.8930976,2.564877,0
41453,-0.276478,1.9134136,3.7924335,0
41476,1.3749233,2.3010037,-0.40194437,0
41483,1.5300719,2.104152,-0.5156821,0
41484,11.038142,0.08777722,7.495171,2
41506,8.837901,5.5958924,11.111872,2
41512,-7.570148,5.7961183,5.183635,2
41522,11.517304,-0.20179543,7.9672585,2
41529,8.975415,8.787584,3.78941,2
41534,9.572185,-3.734547,8.547555,1
41538,9.068531,-1.6714149,7.6277223,1
41546,11.893908,10.188195,4.4518514,2
41553,7.0047708,7.343081,10.760054,2
41556,7.0867357,6.4412184,10.953742,2
41557,0.11467162,1.6107682,4.257605,0
41560,10.270761,0.2800825,6.8211513,2
41564,0.70612663,2.616267,0.27297375,0
41566,-7.415758,5.891394,5.006275,0
41575,7.2335396,7.323068,10.810597,2
41577,9.771995,-3.8771665,8.826693,1
41586,11.562947,10.010131,4.3665805,2
41598,6.951026,7.331788,10.805848,0
41608,8.601018,8.866987,3.7549915,0
41612,9.408937,8.782432,3.771333,2
41621,9.397837,-0.7723895,7.1166058,1
41631,9.323575,8.905446,3.874726,2
41642,9.710577,6.4950657,10.716475,2
41654,8.789584,6.969292,10.997345,2
41655,11.479926,9.074815,4.0885835,2
41661,7.1035757,6.368936,10.936319,2
41667,-0.2931901,1.9101118,3.529525,0
41681,-0.3336762,2.1407785,3.5327342,0
41695,7.8319263,7.513888,10.844948,2
41697,7.4342194,7.2726445,10.8675585,2
41708,9.562423,-2.7362242,7.431431,1
41725,11.146225,8.910816,4.0262704,2
41737,9.395977,6.6148953,10.843184,2
41744,11.447502,-0.095305614,7.8645644,2
41746,-0.43246642,2.8215933,2.3763776,0
41753,12.123771,-1.364591,9.330545,1
41771,12.144799,-2.1255953,9.510094,1
41778,-0.13352613,2.7549994,1.4942244,0
41798,9.619596,-2.9754035,7.5043597,1
41806,0.904628,2.5999072,0.042206354,0
41807,9.241387,-1.4844817,7.384095,1
41827,8.201773,6.1051073,11.186197,2
41857,9.20171,-1.7331858,7.5337763,1
41861,12.1221695,-0.9902273,9.141508,1
41864,10.189934,8.631233,3.7422712,2
41877,9.572314,5.7107363,10.992719,1
41881,10.67191,10.43761,4.057871,2
41885,11.959204,10.206266,4.4410357,2
41908,7.945029,5.9757648,10.996127,2
41920,12.403185,-1.1285481,9.123728,1
41928,9.357988,-0.7897206,7.170156,1
41932,6.90518,7.1121073,10.853133,2
41935,6.6885324,7.3537483,10.650237,0
41939,7.945013,7.3600364,10.78782,2
41945,10.149786,10.150346,3.8388946,2
41967,9.0788145,5.7337894,11.101274,2
41968,7.401009,6.227796,11.0058975,2
41969,9.099527,-2.4273915,8.101729,1
41972,9.565733,-2.8637693,7.539889,1
41977,-0.44843948,2.7374332,2.8591793,0
42004,-0.33663324,2.1134317,3.5857806,0
42007,7.8225784,7.3150105,10.832343,2
42018,9.682907,-0.8291165,6.844197,2
42024,10.166507,8.774926,3.8216028,2
42032,9.260238,5.717701,11.013926,2
42065,-7.4489827,5.882383,5.0601344,0
42069,10.503178,8.800113,3.8102002,2
42080,9.362988,-1.1885668,7.3562527,1
42106,11.609066,9.083208,4.200546,2
42120,8.572605,5.8749638,11.306724,2
42150,10.753827,10.445622,4.0374527,2
42161,12.324908,9.590225,4.5693016,2
42165,-0.34200874,2.0968432,3.6331751,0
42168,8.370711,5.9542327,11.288033,2
42170,9.340121,-3.4896882,8.680534,1
42200,-0.2959099,1.9653591,3.4662054,0
42224,12.333345,9.628586,4.596609,1
42237,9.116094,-2.417805,7.8821545,1
42240,7.582215,6.2735467,11.16002,2
42246,8.73481,5.762171,11.200615,2
42261,1.3624883,2.1519167,-0.64044464,0
42281,8.8793125,7.112106,10.9136715,2
42286,9.874728,9.949326,3.8939023,2
42288,9.375797,5.8643527,11.034634,2
42331,7.1550097,6.5259466,10.940218,0
42356,9.653782,6.771987,11.085551,2
42358,8.641621,7.199986,10.954377,2
42372,9.709138,6.5647306,10.703657,2
42387,7.196215,6.363548,10.969763,2
42395,0.8749432,2.6227062,0.07528078,0
42409,10.636063,10.4196415,4.0027475,2
42411,-0.110154875,1.9618118,3.4066365,0
42412,12.225519,-2.0746455,9.477105,1
42457,10.522144,8.760759,3.8089519,2
42458,11.789134,10.245891,4.3536496,2
42461,10.149796,6.193775,10.619925,1
42464,7.0054827,7.3643155,10.784466,2
42470,12.103588,-2.3348415,9.755467,1
42473,9.122886,-2.3994043,7.83889,1
42474,10.426578,10.268534,3.8642192,2
42480,-0.21280865,2.4516895,2.540121,0
42485,2.0345654,1.793598,-0.6449948,0
42493,7.257538,6.476343,11.072902,2
42507,6.623071,7.303986,10.682524,0
42513,-0.11350054,2.763174,1.4573077,0
42520,1.8747151,1.8188171,-0.6435503,0
42525,9.236616,-1.6444888,7.447457,1
42538,9.650186,9.898965,4.02468,2
42545,6.5170608,7.265855,10.661293,0
42546,9.681565,8.809729,3.758891,2
42568,9.702145,-3.7704222,8.394988,1
42577,-0.35220405,2.6583679,2.14136,0
42581,-0.38158268,2.5133047,2.3577297,0
42589,11.516373,9.070237,4.0701475,2
42598,9.725266,9.945062,3.8177605,2
42632,10.354715,10.239533,3.8444777,2
42641,10.697403,10.0738945,4.0649233,2
42647,-0.39633393,2.1971242,3.4054606,0
42648,10.047964,5.954854,10.630136,2
42653,1.2475476,2.2852232,-0.5546495,0
42655,10.243174,8.796345,3.8816342,2
42660,9.346981,-3.418298,8.74708,1
42661,-0.5929722,2.6859806,2.7602675,0
42663,9.550131,-3.7518086,8.556715,1
42678,9.789239,10.072897,3.887798,2
42679,12.016608,9.377639,4.392803,2
42682,7.6940002,7.4822187,10.857141,2
42686,9.563627,-0.73839694,7.080596,1
42702,12.021976,-2.6330059,9.832014,1
42713,12.108677,-2.201291,9.693658,1
42726,12.128123,-2.5055046,9.730273,1
42732,12.312461,-1.2846534,9.187015,1
42733,12.318389,-1.2831962,9.260625,1
42736,8.470949,7.04845,10.976752,2
42740,7.140356,6.617592,11.085217,2
42771,8.774216,6.596152,11.051684,2
42787,11.246745,8.955192,4.0953636,2
42802,8.682005,5.8986053,11.206725,2
42815,8.63789,5.8575807,11.262647,2
42824,9.465108,-0.60706073,7.085782,1
42829,11.230114,10.211294,4.283799,2
42831,8.67866,6.96538,10.824788,2
42847,10.135801,8.649268,3.7754743,2
42850,9.686164,-3.8134954,9.096034,1
42857,9.01237,8.804053,3.743919,2
42872,8.377239,7.373306,10.9277725,2
42883,9.066656,-2.276364,7.9590697,1
42885,0.023090357,1.7772979,3.1255782,0
42896,9.281185,8.849509,3.8470905,2
42903,8.081199,7.4055643,10.872743,2
42904,7.499439,7.2282457,10.803413,2
42925,12.183239,-1.4230102,9.467716,1
42938,11.863545,10.213819,4.3937507,2
42960,-0.35016322,2.7161913,2.3172026,0
42974,9.013736,-1.946936,8.020183,1
42978,10.377894,9.944344,3.9359276,2
42982,9.477286,-3.1199505,7.840695,1
43019,9.327851,-1.8406029,6.9846025,1
43042,10.010628,-0.120976515,6.720875,2
43053,9.540958,-1.0778158,6.7117968,1
43054,11.983776,10.047831,4.6149383,2
43072,-0.033223595,14.838358,6.815721,2
43077,9.64571,-3.5188084,8.069739,1
43103,-0.27030465,15.161646,6.878687,2
43118,-0.18398346,1.9013281,3.8708162,0
43124,10.364938,10.234735,3.7891893,2
43143,9.512036,-1.3908111,6.8141117,1
43150,-0.115727566,2.8061354,1.3732066,0
43154,7.7067385,7.3476944,10.774753,2
43158,7.2560654,7.3807335,10.814427,2
43164,12.062913,10.226966,4.5857406,2
43170,-0.28760886,2.680241,1.9208472,0
43177,9.315362,-1.8935387,7.0305624,1
43187,1.5436108,2.0096905,-0.6082453,0
43211,7.5987954,7.354992,10.846943,2
43224,9.652381,-0.7621676,7.213276,2
43227,10.471568,8.860454,3.9209294,2
43233,-0.25878462,2.7608397,1.8857954,0
43236,0.26862764,1.5583513,4.323302,2
43246,6.9227586,6.853097,10.93957,0
43249,9.139653,-2.7718973,8.29518,1
43262,0.028322777,2.726854,1.2790788,0
43267,7.768332,7.30483,10.8839655,2
43281,-0.5314805,2.3847303,3.0040953,0
43297,9.385875,-1.7236868,7.632768,1
43307,9.076286,-2.2311466,7.878227,1
43357,9.206617,-2.2843955,7.823434,1
43374,11.960858,10.176569,4.3970256,2
43382,9.059608,-1.8884971,7.5869145,1
43383,9.169574,-1.3589264,7.5289793,1
43400,6.8518257,7.3442025,10.78065,2
43401,12.125475,-2.1345465,9.613289,1
43408,7.199465,6.618197,11.1218815,2
43417,-0.10376515,1.9642552,3.590479,0
43421,7.401522,6.493917,11.052073,2
43431,-0.3793406,2.0016916,3.6675084,0
43436,-0.24775738,2.1225088,3.712006,0
43439,1.3264289,2.2044675,-0.60982573,0
43471,9.797524,-0.29259136,6.928864,2
43479,9.1103735,-1.6340164,7.525879,1
43501,9.245483,-2.6567528,8.086546,1
43528,-0.10551865,2.7636986,1.4262007,0
43533,9.388649,-2.3859458,7.243592,1
43569,1.2756827,2.3011842,-0.504025,0
43584,9.748279,-0.68425375,6.770188,2
43592,10.239289,6.060529,10.426983,1
43593,9.661786,-3.8448327,8.553509,1
43605,-0.27106294,15.162895,6.879312,2
43609,9.061646,-1.5674722,7.585818,1
43614,6.690369,7.3184676,10.779884,0
43626,-0.15365952,2.753808,1.3980956,0
43628,9.336607,-2.7067409,8.2292795,1
43633,7.669563,7.3906054,10.96114,2
43648,9.738579,6.4870667,10.72964,2
43659,12.177489,-2.6231134,9.736517,1
43676,-0.43918896,2.3943765,3.1328082,0
43704,12.395575,-1.2940903,9.224656,1
43707,8.178882,6.0215755,11.120403,2
43725,2.1984653,1.7090523,-0.62485206,0
43742,9.694122,-1.1362875,6.639915,1
43752,9.335542,-3.0251763,7.9378843,1
43771,12.364725,-1.2622422,9.231788,1
43780,6.455776,7.150795,10.667597,0
43788,10.129825,8.629104,3.7347188,2
43832,6.7414064,7.3497233,10.726972,2
43839,9.156211,5.7061086,11.047575,2
43871,12.1529455,-2.21539,9.482019,1
43882,8.411165,7.244077,11.048794,2
43903,9.545063,-0.5283046,6.9971476,1
43905,11.578584,9.036486,4.2264256,2
43940,10.939497,10.2701,4.1542153,2
43953,6.8903184,7.290991,10.765841,0
43954,9.62179,6.776228,11.089677,1
43957,10.489337,10.351997,3.9545436,2
43963,12.243838,9.55679,4.544682,2
43983,9.442274,-3.6858807,8.972264,1
43986,9.395554,-1.8731635,6.99831,1
43998,7.6981487,6.544071,10.793196,2
44017,6.7641926,6.864029,10.912146,0
44029,-0.13262823,2.7908046,1.5536846,0
44045,0.8055865,2.639786,0.15603383,0
44048,9.293461,6.8231483,10.853368,2
44057,8.28186,6.073973,11.233546,2
44062,8.91486,5.7766166,11.087306,2
44064,1.2787921,2.2872665,-0.55263007,0
44066,12.319189,-1.0218608,9.051686,1
44071,9.47224,9.847071,3.7887726,2
44077,9.414641,-3.5778496,8.567702,1
44078,8.29508,7.148573,11.063827,2
44109,9.073175,-2.360682,7.9408097,1
44114,9.594316,-3.7598627,9.002215,1
44115,9.154392,-1.9434441,7.7162533,1
44136,9.386637,-2.5688534,7.452818,1
44150,10.125408,8.732959,3.7926052,2
44151,11.981738,-1.1424077,9.206537,1
44158,10.683303,10.314662,3.9793713,2
44160,10.446268,10.374314,3.9965498,2
44190,9.072748,-2.6714985,8.037875,1
44191,12.084075,-2.2430553,9.640657,1
44193,-0.53766173,2.5029616,3.0326524,0
44204,10.16313,10.174851,3.817336,2
44218,10.798006,9.184214,3.9941328,2
44223,9.311683,-2.2319481,7.1025395,1
44228,9.358102,5.8191757,11.025388,2
44233,-0.15430883,1.8211569,3.521089,0
44236,-0.45398825,2.82267,2.475281,0
44239,9.806882,-3.4933727,8.194235,1
44240,9.269438,-2.3085458,7.203797,1
44249,9.683529,-0.5141263,6.7834444,2
44254,1.2923826,2.2187068,-0.53090423,0
44261,9.249463,-3.1029139,8.542865,1
44265,12.1045265,10.2122345,4.560276,2
44300,11.606132,-0.16216002,8.037534,2
44302,9.870988,-3.993282,8.797077,1
44323,9.726215,-3.5459557,8.482795,1
44331,9.821147,6.37474,10.710094,1
44334,11.452196,9.35519,4.1471915,2
44348,9.260453,-3.023348,8.206645,1
44351,9.386487,-1.0205057,7.300551,1
44360,-0.16705419,2.1072428,2.6396837,0
44364,-0.50453633,2.428171,2.9951878,0
44393,7.534188,7.4674683,10.771672,2
44423,11.141558,9.371698,4.00606,2
44427,9.068499,-2.1852665,7.794826,1
44428,9.479157,-0.8512989,7.212423,1
44441,9.380516,-0.9354045,7.408184,1
44450,11.453465,10.0617895,4.237409,2
44454,-0.5134045,2.4428353,3.0824356,0
44478,6.5224967,7.121659,10.775517,0
44502,-0.30151132,1.9404598,3.4820943,0
44503,1.2410254,2.411914,-0.4472648,0
44526,-0.05059023,1.7579364,3.3223848,0
44536,10.639303,10.342253,3.8958852,2
44541,0.23227282,14.530313,6.6143637,1
44554,9.667235,-3.8598876,8.963521,1
44567,9.312252,-0.7995559,7.166591,1
44583,6.638414,6.9994955,10.746951,0
44585,12.202568,-1.4727103,9.551491,1
44599,10.274715,8.7241535,3.8069472,2
44614,10.098145,-0.20318209,6.757145,2
44624,-0.13695985,1.8272389,3.9650874,0
44647,9.867163,-3.971254,8.726747,1
44650,-0.2562953,1.9750314,3.7990596,0
44660,9.567356,-3.747888,9.136774,1
44669,1.8292767,1.8566252,-0.5844165,0
44670,6.6361485,7.007847,10.824193,0
44681,9.325618,-1.3337362,7.5128136,1
44683,9.106971,-2.2391412,7.784579,1
44706,10.437361,10.132243,3.9556606,2
44709,9.738275,10.040903,3.8649564,2
44715,-0.52181506,2.8634474,2.6434183,0
44717,8.911809,6.966682,10.874573,2
44719,11.598448,9.428785,4.2008047,2
44739,1.7355168,1.791331,-0.575204,0
44748,10.278327,8.638877,3.7765234,2
44767,-0.31009224,2.411143,2.4919646,0
44768,9.3635645,-2.2937908,7.1805606,1
44770,9.372436,-1.0369408,7.2009406,1
44774,10.28846,8.636288,3.8179462,2
44787,8.6504965,9.211394,3.838842,0
44789,9.507274,-3.052995,7.789432,1
44794,9.009403,-2.4009516,7.8881764,1
44799,8.388508,5.804792,11.175888,2
44800,-0.27979633,15.172331,6.884427,2
44813,10.978443,10.334126,4.1183805,2
44819,11.564461,-0.1507598,7.9891825,2
44825,-0.36702207,2.0069335,3.6719766,0
44827,9.257626,5.7235837,11.046886,2
44842,9.295524,-3.3902357,8.78709,1
44860,8.501443,9.080922,3.857465,0
44861,-0.13364702,2.7943895,1.4812567,0
44870,-0.118336625,2.8136961,1.3624276,0
44872,-0.0004698256,14.801419,6.79508,2
44877,7.7180324,7.4471684,10.880992,2
44879,9.356487,-2.2609837,7.1812887,1
44900,9.627982,-0.4277625,6.9791355,1
44932,11.189909,9.250307,4.114646,2
44933,0.21486704,1.5674018,4.303619,2
44934,9.368479,-3.5861592,8.837139,1
44965,9.134766,-2.5342026,7.9427342,1
45001,-0.43423387,2.666896,2.2772088,0
45013,9.4970455,-3.0426779,7.748838,1
45016,9.082771,-1.9455963,7.838461,1
45024,10.789281,10.467094,3.9426768,2
45035,9.764184,8.810667,3.8020363,2
45038,7.917792,7.3216186,10.98165,2
45042,9.490626,-3.693955,8.94689,1
45060,9.579824,-2.7561245,7.45524,1
45069,12.199881,-1.1381688,9.124829,1
45107,9.368121,-0.5841591,7.06191,1
45109,9.505293,-3.689301,8.909488,1
45118,-0.32919484,1.9423631,3.564659,0
45126,9.512809,-2.8805325,7.5505095,1
45127,9.554167,-3.6495476,8.385741,1
45131,9.449368,-1.8565105,6.983267,1
45136,9.147726,8.708424,3.7145443,0
45144,9.187495,-1.6111392,7.4604225,1
45148,12.248778,9.533492,4.5252037,2
45152,-0.2582693,1.8917798,3.8379343,0
45158,9.803893,-3.9736993,8.903815,1
45183,10.537173,8.862327,3.79458,2
45184,10.702384,10.2729,4.0153637,2
45195,7.015799,6.667124,11.051643,2
45199,10.215652,8.886347,3.7876985,2
45206,10.144105,10.102814,3.9703543,2
45215,-0.3892475,2.097427,3.6047084,0
45216,0.2173974,14.548434,6.6278625,1
45217,9.165317,8.997198,3.869743,0
45230,1.1451726,2.4344378,-0.36573803,0
45246,9.210045,-2.7470837,8.010852,1
45269,10.645094,10.433721,4.0433464,2
45277,9.3864355,-3.5963721,8.80953,1
45280,10.439627,8.862093,3.9162984,2
45293,8.994672,-2.2455633,8.030959,1
45295,-0.06808874,2.7860327,1.4021857,0
45313,12.37591,10.166378,4.7096205,1
45314,-0.08048005,2.0022664,2.4741993,0
45320,9.618852,8.726147,3.7042484,2
45332,10.176016,10.161297,3.8548658,2
45333,-0.26561332,2.0802996,3.706641,0
45335,-0.46914294,2.8061,2.4535072,0
45348,12.150709,-2.621233,9.757063,1
45374,10.246543,6.0735965,10.425273,1
45383,12.288754,-1.0724831,9.000622,1
45384,11.786774,9.43214,4.277768,2
45385,9.568417,-1.7650863,6.9648905,1
45387,9.230383,-1.4206439,7.570788,1
45393,9.5315695,9.882013,3.8032246,2
45406,6.5827007,6.9979815,10.705446,0
45428,9.417488,-0.8480153,7.2406893,1
45431,12.245759,10.233843,4.659506,2
45439,9.484068,-0.48898488,6.968988,2
45443,-0.34548914,1.9506443,3.696674,0
45455,-0.34209347,2.2378755,3.0856302,0
45486,8.450205,6.0158105,11.115113,2
45490,2.096999,1.771137,-0.6226578,0
45503,10.629782,10.465649,4.07166,2
45504,9.119783,-1.8490788,7.8725843,1
45505,9.56044,-1.3317869,6.716521,1
45506,10.137907,5.92842,10.581041,1
45507,9.471378,-0.55939156,7.030866,1
45530,12.270609,-1.6649606,9.459312,1
45533,8.330778,5.9983935,11.158092,2
45544,12.2281,-2.2091591,9.607298,1
45546,6.9917126,7.31741,10.843892,0
45547,-0.30526116,2.5539713,2.460402,0
45561,10.508229,8.79054,3.8374965,2
45568,1.4641801,1.986826,-0.56356853,0
45577,9.441236,-1.8776064,6.9828234,1
45589,9.741521,6.4865484,10.765297,2
45590,9.154626,5.9208074,11.1374035,2
45607,9.563913,-3.7789342,8.919052,1
45624,10.718922,10.21131,4.089149,2
45642,11.459368,9.065849,4.1679196,2
45653,9.060648,6.9980326,10.779509,2
45657,10.987849,8.907775,3.9327736,2
45682,7.798895,7.536858,10.852681,2
45696,-0.52578163,2.7887225,2.424469,0
45701,9.549289,-3.6704357,8.472288,1
45706,8.629966,5.798029,11.307626,2
45713,12.2682,-1.1188899,9.120256,1
45720,8.981386,-2.3245463,8.038986,1
45743,1.2557957,2.2564218,-0.5731379,0
45757,9.818988,8.601786,3.74851,2
45775,-0.23444268,2.77075,1.9630582,0
45782,8.051584,7.237087,10.958012,2
45817,-0.39493433,2.4042077,3.273188,0
45820,1.9721024,1.8121442,-0.6215839,0
45823,9.360806,-3.5275502,8.719751,1
45825,12.240986,9.995216,4.63726,1
45831,9.621219,-3.8554144,9.095678,1
45848,1.7334547,1.8964926,-0.64098155,0
45860,10.080378,8.801106,3.7623744,2
45862,9.586258,8.786105,3.7092721,2
45890,8.49148,6.014025,11.201946,2
45905,-0.5539196,2.3866951,3.1228237,0
45907,9.972176,6.3293023,10.63902,1
45918,10.188661,10.164831,3.957165,2
45924,9.389891,-0.769471,7.156782,1
45935,9.607852,-1.2817388,6.686709,1
45942,-7.009025,5.7842197,4.707302,0
45966,9.227726,6.7360034,10.879481,2
45972,9.668341,-1.1273005,6.728151,1
45977,0.011351837,14.784087,6.7864227,1
45985,9.179377,9.594548,3.8475869,2
45991,-0.42939702,2.27686,3.3939335,0
45993,12.060461,10.165197,4.633303,2
45994,9.584954,-3.789955,9.1091585,1
45996,12.166172,-1.3698261,9.415404,1
45999,8.909516,5.834644,11.235572,2
46000,8.013699,7.2580924,11.010688,2
46012,9.658927,-3.723628,8.229044,1
46013,9.80342,-0.5760427,6.7012258,2
46020,9.316101,-1.1560196,7.289992,1
46026,9.366306,9.789748,3.72134,2
46039,9.335209,-3.3597167,8.473555,1
46042,9.551205,-3.0231636,7.634919,1
46046,-0.58275145,2.6336346,2.8156796,0
46047,12.094677,-2.4994757,9.791349,1
46055,9.749315,6.433182,10.774877,2
46060,11.205852,9.33384,3.9823165,2
46071,11.576233,-0.1533417,8.006572,2
46077,10.050846,10.006679,3.8535147,2
46092,12.119883,-0.89924335,8.936414,1
46101,9.289872,-1.3860074,7.4790206,1
46116,9.052039,6.6925817,11.01992,2
46127,1.9140546,1.7617342,-0.6260438,0
46130,-7.5181336,5.6875386,5.171568,2
46147,8.3435,6.0630927,11.235418,2
46150,12.345337,10.032273,4.6351604,2
46151,1.4199095,2.0994337,-0.6382112,0
46157,8.215768,5.9682665,11.2831335,2
46161,8.343747,7.205222,11.037226,2
46194,11.74284,-0.4032307,8.378253,1
46198,10.799389,10.251651,4.0768695,2
46203,-0.30178228,1.9964055,3.8042512,0
46213,9.2591095,5.7260776,11.058972,2
46224,10.440069,10.432395,3.9954715,2
46231,-6.9464407,5.82972,4.646451,0
46234,1.245376,2.400032,-0.4739647,0
46290,9.257955,-3.3332906,8.477896,1
46302,11.694653,-0.28849384,8.18331,2
46306,12.253451,-1.4035227,9.242622,1
46316,1.663219,1.9701298,-0.59699446,0
46325,10.7830925,10.328256,4.0252404,2
46335,9.255827,9.561613,3.8019502,2
46337,1.5063959,1.9818861,-0.6832468,0
46354,-0.51711917,2.9230552,2.6599674,0
46360,9.276265,6.7595415,10.83674,2
46368,7.175889,6.4812174,11.032653,2
46374,11.460369,8.941184,4.134896,2
46392,1.6602083,1.9312142,-0.6258847,0
46394,0.90540683,2.6205451,0.043266155,0
46396,9.716323,-3.8921375,9.052218,1
46403,8.547891,5.987521,11.219466,2
46409,10.060972,5.970313,10.637464,1
46419,-0.40421855,2.4041119,3.402968,0
46426,9.342346,8.665346,3.6711757,2
46428,9.698071,-3.7390459,8.24725,1
46443,9.378474,-2.0723445,7.1375704,1
46449,-0.31098926,2.7247891,3.1001263,0
46450,9.603766,-1.8000051,7.0212383,1
46451,12.200005,-1.3465865,9.279506,1
46466,8.663296,8.878344,3.7736177,0
46477,-0.40459633,2.1621177,3.4478168,0
46478,-0.47783455,2.1375673,3.4827845,0
46483,9.159993,6.739287,10.921966,2
46486,9.439365,-1.5650811,6.7938695,1
46493,0.21090683,14.5529585,6.6333427,1
46515,11.370447,9.291404,4.230178,2
46528,9.373191,8.732428,3.7136936,0
46542,9.537107,9.901773,4.0249615,0
46571,9.342344,-3.3066528,8.483848,1
46586,-0.3104514,2.4706247,2.4335897,0
46590,9.192704,9.6522665,3.8269413,2
46599,-7.5069447,5.8678937,5.1004577,2
46600,0.84010637,2.6051908,0.098024204,0
46609,9.747667,10.057803,3.8668234,2
46617,9.131121,-2.6090374,8.069101,1
46624,-0.18296282,2.1129434,2.733061,0
46639,9.208305,-1.1085237,7.3786554,1
46641,9.834608,-0.15015714,6.880918,2
46645,9.388639,-2.758086,8.083956,1
46650,9.066611,-2.0193157,7.777654,1
46687,11.684058,9.42455,4.1651382,2
46689,-0.5266119,2.5632408,2.690148,0
46726,9.756206,8.681804,3.6107454,2
46730,9.640222,6.6462884,10.893224,2
46733,9.682331,-0.6110888,6.713487,1
46744,-0.23508525,2.3257754,2.4087732,0
46757,10.775173,10.4538965,3.922536,2
46779,9.762058,6.430836,10.731551,1
46788,9.106435,-2.53899,7.9885225,1
46792,12.087663,-2.5608306,9.876374,1
46797,9.571747,-3.880813,9.059457,1
46801,12.333317,-1.1034125,9.106286,1
46806,8.485119,5.8993387,11.271016,2
46808,8.489711,6.0710254,11.1678295,2
46818,9.096227,-1.5593436,7.624895,1
46822,8.585884,5.7933216,11.340693,2
46824,11.733838,10.120415,4.3438435,2
46829,-0.020890445,14.820834,6.8102846,2
46836,12.1625805,-2.0835822,9.672349,1
46839,9.94914,8.57845,3.6684284,2
46851,9.312481,-3.4578426,8.702243,1
46854,7.8331203,7.4765325,10.93083,2
46858,9.125044,5.765335,11.008998,2
46864,1.9133127,1.7695382,-0.616784,0
46883,10.187932,10.1572,3.8870354,2
46886,0.79267323,2.6133575,0.15211996,0
46896,-0.13734266,1.8525062,3.9338803,0
46901,1.7361654,1.8221506,-0.52089703,0
46904,11.223671,9.008293,3.8883772,2
46912,9.8011675,6.4632454,10.800972,2
46928,9.449057,-3.454692,8.312958,1
46936,9.287231,-2.1381986,7.0613675,1
46940,6.730653,7.3411636,10.748269,2
46966,9.917114,-0.248872,6.7729015,2
46987,11.8681345,10.1339245,4.440708,2
46996,8.122551,7.358586,10.907904,2
47020,9.55439,-3.814662,8.951008,1
47024,9.5580225,5.8445044,10.959829,2
47029,0.94532025,2.5749617,-0.0058088917,0
47038,9.47709,-3.7109451,8.819991,1
47044,-0.026452277,1.9163852,2.6021242,0
47069,9.340845,8.698268,3.676764,2
47071,11.437515,10.304885,4.2958813,2
47084,9.548604,5.7282724,10.984192,2
47113,1.2011584,2.2493644,-0.5641749,0
47114,-0.44948655,2.1379857,3.5659487,0
47121,-0.5024665,2.832344,2.59782,0
47128,9.455225,-3.5931847,8.947781,1
47134,9.593642,-1.9413004,7.0336623,1
47167,-0.5023418,2.9183207,2.6688983,0
47182,8.59526,7.2432833,10.9754,2
47184,9.890508,-0.35966334,6.7701025,2
47193,10.198332,10.10018,3.8103745,2
47222,8.784026,9.357445,3.9350088,0
47225,9.340135,-3.4334176,8.330032,1
47241,12.35968,9.644641,4.602056,2
47252,9.084338,-2.0230165,7.7378864,1
47267,6.8559513,7.404406,10.765962,2
47288,12.143995,-0.86736083,8.800064,1
47289,2.3302193,1.600222,-0.50694364,2
47293,8.118686,7.097341,11.020351,2
47299,0.21886264,1.6913426,4.1160374,0
47302,9.144793,6.71983,10.924224,2
47303,-0.094289035,1.7964435,3.9903662,0
47321,11.127306,9.084867,3.9342918,2
47322,9.240185,8.813756,3.8091938,2
47323,10.682701,10.44848,3.9509597,2
47338,12.52294,10.012323,4.8093724,1
47339,-7.5346694,5.79247,5.156016,2
47342,9.063794,-2.1027908,7.906337,1
47343,12.109089,-2.393641,9.769541,1
47353,9.522509,-2.9118848,7.58017,1
47361,10.68858,10.228713,4.0337377,2
47385,11.960604,-0.9807006,9.109293,1
47388,9.142244,6.9888906,10.825131,2
47394,9.260847,-3.1357012,8.543152,1
47402,1.50758,1.9942043,-0.58996296,0
47410,9.339905,-1.041158,7.2643805,2
47416,-0.50701594,2.7606723,2.4588058,0
47421,10.701089,10.439585,3.951777,2
47429,7.1708565,6.6354322,11.101926,2
47464,9.614238,-0.7570317,6.717916,1
47491,9.2354,-3.2605362,8.59477,1
47498,9.058813,-2.3982213,7.98335,1
47514,11.806735,10.284543,4.368668,2
47523,9.073386,-2.2715497,7.939792,1
47562,9.048831,-1.7387713,7.8979383,1
47577,7.1170692,6.4415674,11.014471,2
47582,12.178556,9.488854,4.538105,2
47583,-0.36656663,1.9913186,3.6726954,0
47590,-0.2734503,1.9526176,3.7949567,0
47605,9.052343,-2.21641,7.9195113,1
47631,-0.21116921,2.7303145,1.4315965,0
47642,12.1195965,-1.2160263,9.274766,1
47644,9.533481,-3.6680057,8.445556,1
47646,11.702525,-0.26386163,8.2021885,1
47647,10.126431,-0.028670236,6.908375,2
47659,9.452162,-3.6707063,8.945789,1
47666,9.378651,-3.4564073,8.358225,1
47667,11.753571,-0.5107889,8.545262,1
47671,9.29636,-2.68435,8.349739,1
47672,2.2406554,1.6560572,-0.5919166,0
47674,9.115674,-2.6662195,8.086539,1
47676,9.428184,9.846366,3.7686653,2
47677,9.122609,-1.8636873,7.833562,1
47679,-0.23108727,2.733555,1.6680517,0
47684,9.94946,-0.1272886,6.800529,2
47687,6.708839,7.334573,10.752894,0
47711,9.139933,-1.6367995,7.443939,1
47713,11.424402,-0.05976921,7.850626,2
47716,6.9560585,6.6868505,10.874166,0
47736,-0.1626327,2.7402298,1.4972907,0
47746,6.4704213,7.196519,10.676347,0
47748,-0.42909908,2.4628243,3.194275,0
47749,9.346158,5.7828965,11.071141,2
47750,-0.33566132,2.3388393,2.8960238,0
47754,11.935848,9.264186,4.390335,2
47761,10.215661,8.674936,3.7673957,2
47773,8.371147,5.8867273,11.418573,2
47796,9.319344,-3.398523,8.549052,1
47798,9.126382,8.862466,3.770366,2
47806,9.093244,-1.7730678,7.413287,1
47815,9.58752,-0.9591995,6.6323867,1
47829,9.082222,8.804665,3.7450664,2
47831,7.169067,6.617051,11.083149,2
47836,10.127755,8.652406,3.7083454,2
47842,-0.12150239,2.1093035,2.4904547,0
47861,9.119406,-1.6554015,7.500311,1
47862,7.949857,7.350766,10.931212,2
47876,9.087405,-2.6988895,8.048189,1
47888,12.128058,10.146811,4.4812155,2
47903,9.524696,-1.2142496,6.691145,1
47915,12.1731615,-2.0426304,9.658385,1
47944,10.316161,8.951377,3.8358624,2
47966,9.032191,-2.4911764,7.979111,1
47973,7.060649,6.6036077,11.020772,2
47983,9.639768,5.761647,10.804915,2
47998,9.773512,-3.9162204,8.790617,1
48012,7.0560527,6.62093,11.019208,2
48020,10.841812,8.859638,3.9669712,2
48039,-0.23224069,2.7178245,1.5770838,0
48040,9.41617,-3.1691446,7.9612193,1
48049,10.353862,10.251617,3.9214716,2
48050,8.196001,7.2471013,11.0655365,2
48054,10.7109995,10.419059,3.953957,2
48062,9.116749,-1.8002717,7.566265,1
48077,9.651312,-0.8318747,6.670585,2
48089,10.863854,9.477453,3.9762897,2
48090,8.0079,7.2707233,10.993835,2
48092,11.278159,8.96299,4.0308366,2
48106,-0.3800605,2.1146317,3.341387,0
48123,9.258672,-2.1797335,7.054705,1
48125,9.532128,6.8014245,11.071096,2
48134,9.915008,-0.49167186,6.7644677,2
48138,12.1575365,10.154069,4.528559,2
48141,9.587037,-3.4208803,7.996751,1
48146,9.939149,-0.8313327,6.726033,2
48151,10.142698,6.16378,10.6152,1
48158,11.532765,9.056749,4.171202,2
48165,-0.3322115,1.9648509,3.711831,0
48169,8.650973,5.7557397,11.091242,2
48170,8.88268,9.441349,3.8012574,0
48189,9.588413,5.755597,10.934047,2
48199,10.310855,10.21964,3.8130155,2
48205,11.703276,10.284931,4.4071817,2
48208,8.674536,5.798024,11.323383,2
48211,9.3316345,-0.8562852,7.174763,1
48216,12.166593,-1.3790003,9.395352,1
48227,9.141373,-3.1488156,8.417464,1
48235,-0.23106489,1.8480874,3.9081345,0
48238,9.068447,-2.5621734,7.9804416,1
48239,8.091891,7.327464,11.045222,2
48258,8.83979,6.9111133,10.935743,2
48270,9.446382,-0.63824475,6.9763117,1
48292,9.536139,-3.7767859,8.929447,1
48293,0.0051284186,14.792043,6.792168,1
48305,-0.01530716,14.816259,6.805571,2
48307,10.41074,10.293939,3.8113873,2
48310,0.011408644,1.7166611,4.1057615,0
48314,12.28476,9.56303,4.5204434,2
48321,9.694401,-0.9483484,6.62358,1
48337,9.353498,9.692126,3.875446,2
48347,9.556793,-0.6226621,6.838908,1
48349,10.681366,8.920177,3.7542527,2
48370,9.405567,-3.2295241,7.9578557,1
48387,6.6100197,7.3150787,10.701762,0
48397,9.053985,-1.654061,7.573303,1
48402,9.527431,8.804215,3.71154,2
48407,9.557976,8.773915,3.7415605,2
48410,-0.34835297,1.9242077,3.605374,0
48411,9.652937,9.822905,3.8327625,2
48414,7.163618,6.3997345,10.950304,2
48439,-0.36787516,2.0583777,3.3945017,0
48441,7.026707,6.903049,10.972693,0
48444,9.028722,6.589491,10.959629,2
48464,9.385075,-0.63562816,7.0567117,1
48466,9.2290745,-2.4672902,7.4176807,1
48491,9.227491,-2.322692,7.133715,1
48509,-0.5598427,2.6248355,2.9075463,0
48512,9.921987,-0.44048515,6.7680926,2
48519,0.27933267,1.6246432,4.2644987,0
48537,7.0024533,6.5595837,10.971565,2
48562,7.3007097,6.4953327,11.108343,2
48570,11.75498,9.379749,4.210488,2
48573,6.4881,7.2715626,10.645207,0
48583,12.574012,9.986194,4.8563595,1
48603,9.182221,-2.6052632,7.890863,1
48609,1.4347697,2.120484,-0.6027559,0
48614,8.629069,8.865111,3.7382154,0
48619,1.7133433,1.8793396,-0.5998224,0
48646,7.8454432,6.180007,11.108847,2
48648,8.709894,8.838407,3.7667685,0
48650,10.065282,8.876153,3.7377932,2
48661,8.190137,7.3199573,10.998507,2
48667,9.8217125,-0.6147755,6.8442454,1
48669,9.330495,6.9489436,10.83703,2
48674,11.6143,9.970487,4.2887106,2
48675,9.426931,-1.7068672,6.9165015,1
48677,8.023374,7.2112303,11.073152,2
48683,-0.39039332,2.303353,3.254651,0
48697,12.393048,9.962787,4.6063495,2
48707,1.6824617,1.9222887,-0.62831706,0
48723,10.253491,0.273171,6.812622,2
48727,9.225714,-0.9272388,7.312543,1
48730,12.511708,9.718019,4.778464,1
48739,10.537982,10.276875,3.9481094,2
48744,9.506644,-0.784412,7.2773294,2
48747,12.122529,-1.261504,9.189145,1
48756,8.003711,7.4134107,10.994724,2
48763,12.281247,-1.1217531,9.107302,1
48770,9.209403,-0.8821901,7.211065,1
48776,-0.2481814,2.162918,3.1407905,0
48787,10.685468,10.311346,3.9404411,2
48791,1.7034562,1.7748762,-0.59215635,0
48835,12.569349,9.993896,4.852197,1
48849,7.831153,7.3384066,10.847472,2
48853,7.612412,6.228947,10.972164,2
48871,1.4479479,2.0182548,-0.5761933,0
48889,12.307891,-1.1904862,9.282113,1
48892,11.74106,9.178012,4.24207,2
48897,10.460002,10.333886,3.8212018,2
48898,12.511649,10.008539,4.7750683,1
48907,1.0339451,2.4401252,-0.28844404,0
48921,9.931562,-0.13645679,6.8575664,2
48922,8.127032,7.2855554,11.029384,2
48934,7.210951,6.515264,11.144388,2
48938,-0.3128353,2.3686874,2.4183097,0
48958,10.41835,10.2929735,3.84929,2
48965,11.5830555,-0.12652886,7.9874945,2
48967,10.556491,10.293257,3.876989,2
48977,11.702046,-0.29632667,8.160318,1
48986,-0.24676318,1.9363443,3.8059144,0
48999,10.234186,8.632471,3.7111404,2
49002,11.955045,9.4813175,4.3491263,2
49004,-0.57812804,2.5970817,2.7343764,0
49005,12.245775,-2.15345,9.629217,1
49007,9.473763,-0.6745087,7.219134,2
49016,7.426082,7.3599644,10.946494,2
49019,1.2558674,2.2048826,-0.5336965,0
49022,8.516113,9.049783,3.7977958,0
49025,9.247065,-3.3284528,8.390825,1
49027,-0.5737964,2.4536545,3.0372536,0
49045,12.114797,-2.6848319,9.829359,1
49077,9.945275,8.600577,3.6674883,2
49078,11.176865,9.026086,3.8953211,2
49101,9.352253,6.779145,10.861701,2
49109,-0.54565096,2.3084848,3.2921143,0
49121,9.730749,10.009741,3.8001494,2
49136,11.5510235,-0.10406361,7.9493923,2
49144,1.5439603,2.0731614,-0.51697916,0
49145,-0.27457985,2.714135,1.8411946,0
49147,11.590031,9.055699,4.1542964,2
49155,-0.025398634,2.7626805,1.4103336,0
49159,12.12684,-2.2137423,9.74886,1
49160,10.208214,0.17745459,6.801718,2
49194,-0.5366388,2.2522676,3.3162289,0
49202,10.261886,10.234282,3.8335063,2
49204,8.17425,7.3199587,10.999173,2
49212,9.582338,9.902557,3.904581,2
49217,1.4676974,2.0100763,-0.70563006,0
49220,1.673521,1.9135448,-0.5948014,0
49221,9.705359,-0.3166471,6.895332,2
49222,11.668797,9.192409,4.1525617,2
49226,10.119975,8.729078,3.7639585,2
49240,8.696321,7.2109323,10.968589,2
49243,9.5415,9.763891,3.801659,2
49244,-0.31094438,2.6959302,2.0010116,0
49254,9.071483,-1.8430415,7.6399913,1
49266,7.8975043,7.4092855,10.969039,2
49283,9.771901,6.4352784,10.794312,2
49296,9.252028,-2.2261136,7.0842667,1
49324,11.698182,9.073615,4.2916913,2
49334,8.6189,5.8428426,11.283407,2
49343,9.347764,-0.6794175,7.1216493,1
49371,8.603813,7.2296906,10.990066,2
49376,-0.5426412,2.8986816,2.6402411,0
49410,11.732637,-0.3090087,8.228284,1
49421,10.449304,10.279242,3.9039886,2
49429,9.498163,-0.8195585,7.259362,1
49433,8.75181,5.8232164,11.297663,2
49439,6.47103,7.1779804,10.740324,0
49447,11.65453,9.074619,4.2504554,2
49462,-0.52615106,2.863352,2.5486522,0
49463,9.673595,-3.9306548,8.950537,1
49470,9.813103,-0.16612972,6.872349,2
49471,11.092608,10.333444,4.120173,2
49490,9.010476,5.743849,11.076575,2
49501,12.252736,9.614659,4.533842,1
49502,8.69864,5.7155943,11.301503,2
49533,7.6473136,7.293165,10.986685,2
49542,8.958571,9.485021,3.7907667,0
49543,9.3631115,-3.4463341,8.444163,1
49545,9.170331,-2.0206313,7.294116,1
49561,-0.34650773,2.146274,3.5854685,0
49579,8.856597,5.838243,11.195653,2
49582,12.331488,-1.1254098,9.094538,1
49586,11.245699,10.174306,4.2544284,2
49614,-0.24081549,1.8611915,3.8169267,0
49638,12.220014,-1.4093814,9.404078,1
49645,9.474612,-3.75015,9.008653,1
49650,8.236208,7.2071743,11.0849495,2
49651,9.035073,-1.7432911,7.757858,1
49660,-0.58022547,2.514362,3.05485,0
49673,9.403648,6.727162,10.832091,2
49696,-7.0866876,5.754891,4.7780137,0
49699,9.2027445,-2.123811,7.094981,1
49700,6.5754275,7.1464977,10.819798,0
49703,9.233072,-2.3299468,7.1958904,1
49728,10.198516,8.679083,3.7605674,2
49729,0.29459262,1.5619478,4.321316,2
49745,9.332155,-0.6354641,7.132406,1
49750,9.450411,-3.7376237,8.939991,1
49751,11.98825,10.110816,4.3680882,2
49786,6.6098905,7.091676,10.810856,2
49812,9.737369,-3.9734497,9.004914,1
49814,9.286562,-1.948821,7.036491,1
49820,9.285491,-3.534388,8.616862,1
49828,7.7810426,6.276852,11.27641,2
49880,-0.2814521,2.3554788,2.3730366,0
49883,9.266455,-1.8908117,7.107308,1
49900,-0.6012178,2.6274748,2.8356938,0
49909,10.03792,-0.04293351,6.928092,2
49929,12.399072,-1.0706956,9.098119,1
49975,10.248043,8.624772,3.6508582,2
49988,11.50428,-0.09453653,7.9098754,2
49990,11.16527,10.029131,4.095834,2
49999,-0.417743,2.104916,3.5607855,0
