SourceIndex,UMAP1,UMAP2,Cluster
24,13.1222,2.50249,1
26,0.088000104,9.230867,1
50,22.504917,4.1873055,0
59,0.6261628,7.7772818,1
70,7.519629,-3.776194,0
74,16.106512,2.2230477,2
79,-1.8300775,9.289496,1
80,17.986898,6.280158,0
110,-0.07291884,10.068945,1
137,16.183607,2.218346,2
144,-1.2713997,7.5755987,1
147,6.064027,-1.4311119,2
148,0.8087617,9.0042515,1
156,14.289894,2.2995992,2
193,5.7018514,-2.1492772,2
201,0.5232829,9.23206,1
215,0.4782147,7.7345734,1
218,16.410616,1.4785949,2
219,16.936865,6.7937036,0
220,6.34246,-2.0258224,2
223,7.414452,-3.474229,0
229,6.7436457,-3.3292718,2
240,16.009762,8.147383,0
250,0.8848829,6.671277,2
259,-1.4271723,7.8306303,1
263,15.193896,1.6642745,2
266,15.29896,1.5469211,2
269,0.97871363,7.1650715,1
288,0.82310516,7.7478194,1
307,0.87535334,6.6773334,2
322,14.797585,2.5808089,2
346,16.613531,2.0272527,0
349,6.3443613,-1.6976607,2
357,5.398469,-1.5615878,2
358,17.820932,6.411764,0
361,5.2320795,-1.5720639,2
367,22.833406,4.6264825,0
370,-0.6825028,7.002323,2
384,13.847232,2.3227499,2
387,0.4188463,7.88029,1
389,16.574215,7.8929763,0
395,22.72744,4.3360705,0
408,16.904724,6.7537575,0
413,5.8169127,-0.93938303,2
417,1.0364975,6.5581923,2
448,5.6055193,-1.9712415,2
449,0.64787966,9.315806,1
466,0.53111833,9.344326,1
491,16.838575,1.970703,0
492,-1.6964896,8.5257635,1
494,14.691377,2.639697,2
508,16.686333,7.6083436,0
524,16.392506,7.769659,0
555,6.57778,-2.1251893,2
558,16.580269,1.3487275,2
594,18.054653,6.2524242,0
602,-0.590568,17.361063,1
605,5.737604,-2.168805,2
633,5.447229,-1.8555471,2
646,5.1351957,-0.9879953,2
675,16.937181,7.0986595,0
676,-1.2347997,7.4128914,1
679,18.04022,6.1905265,0
691,16.013891,1.3561856,2
716,23.159977,4.6690345,0
718,-0.55751055,6.869261,1
740,5.1665406,-0.830907,2
744,0.6607078,8.094627,1
765,7.778468,-3.7960095,0
773,16.461689,1.4055986,0
802,7.4762993,-3.7512305,0
804,14.919427,2.655136,2
814,16.765963,7.238136,0
823,16.011734,2.310579,2
850,-1.8405992,8.439102,1
854,0.7292103,7.6358204,1
857,14.035897,2.6803923,2
859,0.19994226,9.681139,1
878,-0.2827809,10.559754,1
883,1.2511091,6.0823355,2
890,6.123805,-2.7333531,2
921,13.645319,2.5531495,2
932,16.57854,7.614576,0
947,23.45267,5.585503,0
971,23.12752,4.5456076,0
977,-1.3620753,7.9332414,1
996,17.465452,6.743862,0
999,14.879098,2.598582,2
1002,17.873806,6.3871765,0
1003,15.4533825,1.5218847,2
1022,17.781197,6.535534,0
1027,15.9370575,8.214074,0
1046,-0.46425834,10.4566345,1
1071,0.58838886,8.242129,1
1074,16.354385,7.8179173,0
1076,16.703526,1.9654394,0
1097,0.82764965,8.34805,1
1102,16.876692,7.148237,0
1109,0.52320063,9.00226,1
1111,0.307171,9.557416,1
1116,0.8576682,6.6583114,2
1131,5.86608,-2.4402986,2
1133,-0.15902391,10.115246,1
1134,14.143637,2.6457613,2
1138,13.635929,2.2110822,2
1142,6.492564,-1.7849617,2
1152,6.4639463,-3.2035654,2
1175,15.679269,1.4709506,2
1178,6.5451646,-2.0511823,2
1205,5.831195,-0.94616985,2
1211,6.473642,-3.235792,2
1215,0.6379175,9.158709,1
1231,0.8719238,6.8600507,2
1244,5.2268205,-1.5943874,2
1256,0.7894267,8.79539,1
1261,14.924235,2.5369656,2
1264,-1.1625654,7.3178225,1
1268,14.945476,2.5939415,2
1282,14.915633,2.5628371,2
1355,18.103117,6.129967,0
1371,-1.4072242,7.944167,1
1398,15.34356,1.4095234,2
1418,6.72426,-3.3129287,0
1424,17.83187,6.424731,0
1425,18.11334,6.1409063,0
1437,-0.049409688,17.140348,2
1441,0.60820645,7.8338623,1
1444,16.8931,7.31778,0
1451,7.319495,-3.308819,0
1472,16.451948,7.7084928,0
1473,16.843874,1.8451637,0
1478,7.061904,-2.894825,2
1480,17.710842,6.5717773,0
1489,5.795494,-0.82139856,2
1501,5.484323,-2.0468605,2
1516,14.402923,1.8848547,2
1524,6.44946,-3.2425573,2
1535,-0.09815785,10.063575,1
1536,-0.2586369,10.5466795,1
1561,-1.5410035,8.208717,1
1583,6.5983286,-2.1568122,2
1593,0.7786989,9.148955,1
1614,0.76221657,8.781255,1
1622,5.6169505,-2.02651,2
1639,16.972519,7.288444,0
1655,15.999677,8.143836,0
1658,16.192078,2.19028,2
1661,5.9486036,-2.4431808,2
1669,22.41513,4.255664,0
1695,-0.41727242,10.53242,1
1699,6.921347,-2.8132236,2
1722,1.0638151,8.183176,1
1729,5.6374407,-2.0314162,2
1730,0.67899156,8.324082,1
1734,0.6466758,7.583525,1
1740,18.023787,6.2581387,0
1745,7.403626,-3.752898,0
1757,6.4990816,-1.9240655,2
1764,-1.6662811,8.318422,1
1768,6.475669,-1.9420495,2
1777,13.96239,2.2301452,2
1785,16.392612,7.766189,0
1794,-1.8995106,9.334148,1
1801,5.817802,-2.3151517,2
1807,-1.8277307,9.234282,1
1810,15.750598,1.3648111,2
1825,5.2420244,-1.6030219,2
1841,16.393906,1.4101826,2
1858,22.142513,4.0882463,2
1872,14.258085,2.612138,2
1895,13.823967,2.2332022,2
1908,0.7464868,7.812056,1
1915,6.589513,-2.0621095,2
1922,12.985745,2.4364362,1
1930,14.872212,2.51222,2
1939,-9.300733,2.5701478,2
1944,5.8561583,-1.4478823,2
1960,-1.4494128,7.7073536,1
1962,17.6424,6.6083097,0
1972,-1.5837742,8.182045,1
1994,6.368539,-1.589012,2
1996,23.168348,4.497428,0
2016,-0.2577519,10.23883,1
2029,5.6896753,-1.98446,2
2039,-1.3124068,7.6271462,1
2040,15.956833,8.217732,0
2053,22.390713,4.187621,0
2070,15.075755,1.8291447,2
2077,13.320211,2.5496964,2
2079,6.478413,-1.9792447,2
2092,-0.7171657,6.9525623,2
2097,6.4657407,-1.7453153,2
2103,6.8208117,-3.3875012,2
2114,13.789662,2.383136,2
2121,5.925802,-1.0578022,2
2125,14.2991705,2.658585,2
2130,-1.1138086,7.1790757,1
2137,5.154615,-0.25540227,1
2144,-8.716205,2.787715,0
2149,16.942638,6.8469973,0
2160,7.2882843,-3.3150032,2
2172,-9.2738905,2.5836458,2
2177,16.402216,1.4052411,2
2178,5.764505,-0.93610495,2
2182,0.14506342,9.938077,1
2187,5.9713435,-0.9825884,2
2204,15.726869,1.466287,2
2213,16.755167,7.367407,0
2221,7.026473,-3.0233812,2
2229,-1.60191,7.9675307,1
2254,17.781706,6.559828,0
2269,14.082273,2.6933985,2
2293,6.547196,-2.1093273,2
2296,-0.16734202,10.068961,1
2306,-1.8594592,9.340105,1
2314,15.878252,8.299475,0
2343,13.864127,2.3208332,2
2353,16.716862,7.4020023,0
2354,16.360004,2.1175241,2
2358,5.592473,-1.9700657,2
2367,13.592773,2.4391212,2
2372,15.575616,1.5355424,2
2373,15.661533,1.3469826,2
2385,14.120056,2.3035069,2
2386,6.458281,-1.7439414,2
2390,13.432726,2.3655648,2
2406,14.12127,2.6838806,2
2415,17.468958,6.6847,0
2434,16.794786,7.2467303,0
2443,17.16629,7.0900016,0
2453,0.41737622,8.098625,1
2472,16.591381,7.401913,0
2473,6.548846,-2.1025167,2
2488,15.250738,2.5570705,2
2491,-0.13937384,9.768313,1
2509,18.058167,6.144693,2
2518,15.150404,2.5477512,2
2538,15.407848,1.6054466,2
2539,-8.682636,2.764963,0
2549,0.6788334,8.824704,1
2552,23.180422,4.6742954,0
2567,0.48210812,9.616903,1
2569,23.002817,4.5379095,0
2597,14.875653,2.6193864,2
2603,0.89922506,6.4285607,2
2604,0.35546747,9.475986,1
2620,7.3702836,-3.2574117,0
2626,0.8650102,8.902262,1
2640,0.18244398,8.928588,1
2645,13.807342,2.639054,2
2669,0.6815193,8.274792,1
2670,5.3353367,-1.7145052,2
2671,6.5554,-2.0536854,2
2676,13.111247,2.5180006,1
2682,0.9494373,6.8991814,2
2684,0.7281753,8.488496,1
2702,-1.568103,8.03481,1
2712,0.7774161,7.764012,1
2721,15.124071,2.3035133,2
2739,0.59234935,7.5542746,1
2740,13.422251,2.3331351,2
2741,-0.30501378,10.011545,1
2749,15.374478,2.5070536,2
2758,15.1294565,1.6653123,2
2759,1.1266758,6.8025827,1
2768,16.227835,2.2463746,2
2775,15.169953,1.6585785,2
2780,0.52052355,7.8036118,1
2784,17.028017,6.77141,0
2812,15.564021,1.5906795,2
2824,0.5064009,8.097354,1
2828,14.614914,2.514528,2
2836,0.2617146,17.146168,2
2839,16.20572,2.2790542,2
2843,23.013485,4.5598426,0
2847,-1.7849778,8.872423,1
2906,16.788168,7.3477035,0
2911,0.9006672,8.224614,1
2914,0.17381409,9.310421,1
2933,6.0969524,-1.2124194,2
2937,-0.03525973,17.142185,2
2945,-1.0617949,7.2577953,1
2957,17.964666,6.294617,0
2959,23.137648,4.9246516,0
2978,14.219181,2.650708,2
2983,16.247004,7.891631,0
3000,15.686098,1.448798,2
3008,15.206883,1.6692376,2
3018,0.7317974,7.7152553,1
3037,18.223223,6.1027613,0
3042,-0.073064886,10.047591,1
3058,0.7085494,7.5868955,1
3069,5.381304,-1.7070062,2
3074,6.2229776,-1.2447683,2
3079,16.950253,7.2620463,0
3098,0.78104377,8.36359,1
3106,6.2486515,-1.5717074,2
3109,13.71043,2.2431295,2
3111,-1.749306,8.969049,1
3124,14.2980585,1.9642074,2
3133,-9.090557,2.7867098,2
3142,16.46413,2.1128435,2
3143,5.9473186,-2.509181,2
3168,14.29429,2.369507,2
3181,1.0202365,8.221481,1
3183,-0.44509843,10.369752,1
3188,23.441385,5.560173,0
3217,0.67335296,9.162223,1
3219,15.22857,2.5099895,2
3229,0.45904702,8.219568,1
3249,6.0478253,-2.4892254,2
3258,6.8647714,-2.5505507,2
3264,6.186237,-1.1366366,2
3266,5.6058235,-0.6274557,1
3267,15.114002,2.5625827,2
3278,-1.6975064,8.528042,1
3281,0.82519466,6.7357836,2
3293,14.27282,2.6834729,2
3306,6.5364275,-3.008916,2
3309,7.010008,-2.8649707,2
3313,0.39087224,9.268788,1
3315,6.3134484,-1.3321718,2
3326,17.261883,6.9527025,0
3330,13.804901,2.7155101,2
3342,6.343282,-1.7603416,2
3343,-1.0810438,7.3465776,1
3356,6.6539464,-2.2560427,2
3361,0.5311659,9.190681,1
3382,-1.6036681,8.1795225,1
3393,-0.90700275,7.2627597,2
3413,15.764789,1.4142668,2
3435,6.332481,-1.8525851,2
3441,6.666525,-2.1547248,2
3447,13.647844,2.6028807,2
3455,-0.6825257,7.011747,2
3459,5.772246,-1.0509969,2
3495,-1.2883992,7.6731806,1
3529,5.774533,-2.2041118,2
3572,16.381504,7.7211776,0
3573,23.347027,4.841502,0
3575,14.140277,2.5839388,2
3601,5.1633825,-0.9925568,2
3608,15.917406,8.26651,0
3618,5.1601024,-0.5060292,1
3630,14.371646,2.697565,2
3640,-1.8357849,8.69023,1
3650,13.736726,2.3669064,2
3681,-1.2423108,7.377431,1
3696,17.062885,7.085033,0
3726,-1.6794672,8.521813,1
3749,16.822947,7.48579,0
3781,-0.40593913,10.312734,1
3782,0.7181609,7.302433,1
3802,17.7888,6.4226365,0
3803,15.905645,8.1443205,0
3811,-0.08532329,17.158669,2
3814,0.79346985,6.734737,2
3831,17.955742,6.400359,0
3836,17.779936,6.566446,0
3847,5.589249,-1.8619982,2
3914,17.144224,7.0580606,0
3939,6.4417043,-1.9447803,2
3943,14.195842,2.6731703,2
3945,0.8050313,6.3986444,2
3949,-1.1596508,7.3701077,1
3950,-0.34547985,6.8065386,2
3970,17.33923,6.5558887,0
3999,-1.3562315,7.5580173,1
4008,16.189304,2.2283046,2
4021,-1.5307677,7.906642,1
4028,7.213319,-3.1391706,2
4063,0.50178874,9.415018,1
4068,6.740252,-3.3539186,2
4074,13.646534,2.6331944,2
4075,13.380812,2.556274,2
4089,-1.357606,7.8357286,1
4095,15.837386,1.3955128,2
4100,15.41702,1.6904814,2
4104,-1.8683378,9.355738,1
4111,5.521102,-1.9955977,2
4113,0.8465398,8.321975,1
4128,1.0917926,7.8180614,1
4134,6.4439573,-2.0096502,2
4140,0.2797483,8.604964,1
4160,6.404471,-2.165792,2
4162,6.5164776,-1.9949664,2
4167,0.8020222,7.035908,1
4182,15.153477,1.6391269,2
4183,-0.17431785,9.759282,1
4193,6.8599486,-3.366231,0
4201,0.66555333,7.536694,1
4216,-1.3227175,7.7907114,1
4219,0.26892725,8.8065605,1
4225,15.485205,1.561976,2
4231,6.668866,-2.0734234,2
4248,13.464322,2.4251442,1
4251,1.1582423,7.591966,1
4262,14.094053,2.1898074,2
4265,15.147807,1.6902488,2
4281,6.1830406,-1.3427961,2
4285,15.621272,2.270001,2
4296,0.3752644,8.614837,1
4298,15.030534,1.672288,2
4305,0.9214374,8.061785,1
4312,-9.371915,2.5380344,1
4321,17.429644,6.7135863,0
4329,23.152681,4.5423517,0
4345,7.3815064,-3.315758,0
4350,5.1924195,-1.0101455,2
4353,16.968954,6.9707985,0
4365,6.6290855,-1.9073728,2
4370,0.07993207,10.315015,1
4373,5.6086645,-1.9909652,2
4376,13.434084,2.5812895,2
4395,22.36503,4.252368,0
4406,15.893535,8.234316,0
4409,5.453128,-2.0331142,2
4420,0.21260038,9.72361,1
4425,15.340746,1.6697612,2
4438,17.461834,6.8346972,0
4442,-1.4582602,7.8383574,1
4447,5.085925,-0.8317647,2
4448,-0.4016774,17.268892,1
4462,23.222254,4.764286,0
4471,15.94654,8.1263485,0
4486,0.18408133,9.295944,1
4501,5.5829735,-2.0403168,2
4502,-1.3212144,7.5061536,1
4507,0.7598776,7.6752934,1
4513,15.68884,1.4148561,2
4516,6.467187,-3.1957552,2
4519,0.29186937,9.13478,1
4533,-0.4725342,10.418169,1
4544,14.062038,2.6605847,2
4562,23.427694,5.5268383,0
4568,0.8344598,7.424939,1
4575,-8.769143,2.7256284,0
4581,-1.8301607,9.201999,1
4583,15.687096,1.4757655,2
4590,16.151052,2.227892,2
4603,5.1499224,-0.9964314,2
4606,0.20603812,17.130964,2
4611,0.06741002,10.357248,1
4617,23.106562,4.5950027,0
4629,6.067754,-1.6497699,2
4656,16.760593,7.284931,0
4669,5.062261,-0.7081551,1
4670,5.5699024,-1.9269723,2
4684,6.616071,-2.11455,2
4686,0.848431,7.077913,1
4687,0.84125054,9.038351,1
4690,16.230959,1.3840743,2
4708,15.958242,8.193891,0
4711,14.013836,1.8144928,2
4712,-0.41873053,6.700741,2
4715,0.29202485,9.151098,1
4722,0.11202201,8.779627,1
4740,14.1770935,2.6163864,2
4741,0.43751106,8.495309,1
4747,-1.2752532,7.6816673,1
4762,15.247286,1.639091,2
4769,-1.7862664,8.694629,1
4781,-1.2001905,7.444986,1
4784,15.341219,2.211517,2
4787,18.18016,6.0886836,2
4798,-0.11823547,9.768674,1
4819,0.81867486,8.403846,1
4823,15.287041,1.6763939,2
4831,5.1394744,-0.28164357,1
4837,5.555391,-1.9256866,2
4844,0.8100261,6.735399,2
4846,23.444681,5.5789957,0
4852,6.8049197,-2.6089556,2
4888,-1.254057,7.4632173,2
4897,0.6824538,9.153921,1
4900,0.8531249,7.4823966,1
4910,17.409101,6.8529305,0
4923,23.316046,5.0176067,0
4939,17.657139,6.563307,0
4942,16.092144,8.023317,0
4948,16.764841,7.4872065,0
4953,5.8553677,-0.84762186,2
4956,7.2960143,-3.6831648,0
4963,5.221641,-0.29316586,1
4973,6.657501,-2.0417013,2
4989,-8.569679,2.8879275,0
4994,-1.5148592,8.016389,1
5000,16.514217,2.1059537,2
5010,-0.25136265,10.448412,1
5019,17.146723,7.282666,0
5024,22.829786,4.3572707,0
5033,6.6006017,-2.1689632,2
5049,16.462824,1.3473021,2
5058,6.6861835,-2.2144349,2
5060,16.059933,8.068571,0
5069,0.15120856,9.271546,1
5078,16.50066,1.4173161,2
5090,-0.35010752,10.259576,1
5101,5.397046,-0.3669037,1
5115,15.865669,1.3823105,2
5116,15.688282,2.4537168,2
5126,6.47892,-1.96933,2
5134,17.171854,7.028775,0
5135,5.1565566,-0.36186495,1
5143,14.919792,2.4220533,2
5176,17.611143,6.7159266,0
5195,16.15335,2.2566104,2
5200,-1.9550326,9.097745,1
5209,0.21998963,8.660126,1
5231,15.740865,1.3897926,2
5234,6.0892463,-1.676878,2
5246,16.732067,2.0329695,2
5254,16.050001,8.067345,0
5274,16.390106,2.0002096,0
5282,-1.5832351,7.9352303,1
5289,14.857263,2.3098125,2
5305,14.832952,2.6945343,2
5325,5.8239985,-2.1926315,2
5326,-1.5241729,7.657004,1
5330,-9.359953,2.545088,2
5333,0.947114,6.5381055,2
5341,16.878813,7.188978,0
5342,0.88842595,6.796628,1
5352,0.7038906,7.648046,1
5361,0.96051455,8.111243,1
5370,14.532736,2.6711464,2
5378,22.780624,4.4908705,0
5389,16.657434,7.5504646,0
5395,5.225361,-1.5589935,2
5404,0.622079,8.839283,1
5411,-0.13509136,9.978188,1
5416,16.1031,2.2935977,2
5437,16.580667,7.5337534,0
5440,15.67617,1.3787626,2
5470,6.7354436,-2.400716,2
5477,16.134806,1.4399451,2
5495,0.4138502,8.178477,1
5498,15.294757,1.5695242,2
5511,16.126255,8.05733,0
5529,-0.4571008,10.449154,1
5536,0.9052329,6.5097227,2
5546,0.6961006,8.703325,1
5547,0.78160524,8.495819,1
5550,0.4081261,8.129227,1
5552,23.38074,5.1312666,0
5562,-1.459827,7.8562174,1
5566,15.114227,2.5807405,2
5569,16.461138,7.63867,0
5576,6.0388255,-2.5371015,2
5581,15.113927,1.8458033,2
5587,13.793943,2.0194507,2
5590,-1.8773743,9.322475,1
5592,-1.6760594,8.236315,1
5600,0.22831471,9.685088,1
5601,0.31506228,9.774776,1
5629,-0.4945684,17.303682,1
5643,0.23199783,8.654279,1
5664,5.2420106,-0.9707222,2
5674,23.433043,5.5774555,0
5676,14.674032,2.625571,2
5680,1.0560849,8.214599,1
5712,6.555066,-3.2339475,2
5716,0.29519358,9.157951,1
5724,0.53327113,9.311453,1
5754,23.179216,4.800056,0
5756,5.2734847,-1.6536419,2
5770,16.2161,2.2659,2
5792,16.790262,7.2543097,0
5806,0.72763336,9.076882,1
5807,17.355358,6.8193164,0
5821,6.976264,-2.642758,2
5826,-0.23662059,17.213455,1
5831,13.151634,2.4384787,1
5848,-0.3380175,17.242468,1
5858,0.762794,7.058523,1
5869,6.421754,-3.1775577,2
5871,0.92452145,7.2610054,1
5877,5.1978793,-0.27611795,1
5881,16.806898,1.9434823,0
5885,14.769696,1.6778836,2
5900,5.135823,-0.94520825,2
5906,15.4068,2.3529391,2
5907,14.046112,1.7325062,2
5910,15.906632,1.2271852,2
5973,15.977622,8.242226,0
5985,-1.7505072,8.643042,1
5987,23.011454,4.589089,0
5988,6.5487633,-1.9583275,2
5989,18.016804,6.3323917,0
6000,16.564016,2.1247392,2
6004,0.842211,7.043282,2
6007,0.7367541,9.062471,1
6008,-8.914007,2.8581648,0
6009,16.751665,1.4078074,2
6015,6.511314,-1.5752043,2
6028,7.346858,-3.4393842,0
6037,18.02007,6.3265624,0
6040,15.478489,1.5139831,2
6041,0.73536134,7.485324,1
6044,-8.9641905,2.8324075,0
6052,14.077677,2.258423,2
6076,0.9618206,7.183088,1
6090,13.223355,2.344713,2
6097,16.748102,7.418288,0
6098,0.7750946,8.660366,1
6101,5.1507683,-0.42422542,1
6120,-0.3756903,10.315668,1
6133,-1.5026076,7.810214,1
6137,16.930595,7.241421,0
6138,5.140619,-1.143367,2
6158,-1.3195801,7.426814,1
6161,0.7472888,9.046602,1
6167,16.820173,7.3484473,0
6186,6.5488124,-2.0216873,2
6188,0.64218843,8.162262,1
6192,6.5062456,-1.985141,2
6196,-1.2806653,7.311169,1
6213,7.1216073,-2.9549673,2
6267,0.966789,6.3010063,2
6274,16.878387,1.8697551,0
6282,6.4136696,-3.2769723,0
6284,0.8541338,6.671745,2
6291,14.204623,2.6946313,2
6292,16.930534,7.2014594,0
6294,16.913624,6.779428,0
6299,-1.9105849,9.28263,1
6305,5.457622,-1.8634596,2
6318,17.20098,1.3923206,0
6322,5.5937653,-2.1598492,2
6334,0.33413392,9.487453,1
6344,14.159445,2.0366151,2
6350,0.3553249,8.649543,1
6375,1.0362866,7.6825795,1
6384,6.961429,-2.812095,2
6400,5.7207823,-0.75407165,2
6403,16.92371,7.260131,0
6418,14.705337,2.5688317,2
6426,22.948166,4.756966,0
6441,-0.2695722,10.652565,1
6442,16.02385,1.3657385,2
6446,17.258512,6.9850283,0
6450,15.923739,8.150095,0
6452,13.9694605,2.5973144,2
6484,-9.317449,2.5807273,2
6486,18.101633,6.089403,2
6496,13.101833,2.468939,2
6507,16.943195,7.355437,0
6513,15.029729,2.587467,2
6516,17.628662,6.6012616,0
6524,0.9976455,7.6356916,1
6534,0.93953073,8.050987,1
6536,14.1147375,2.6657128,2
6552,13.868631,2.6770422,2
6554,6.076238,-1.1743457,2
6555,5.531542,-0.46607462,1
6560,-0.27489322,10.661411,1
6577,-0.1441733,9.950443,1
6591,-1.7618114,9.479845,1
6599,13.642949,2.4333386,2
6610,15.907199,8.141502,0
6636,17.403034,6.484341,0
6640,5.875308,-1.1061205,2
6646,22.404663,4.2733784,0
6657,0.4723728,8.571575,1
6658,0.02950892,9.753903,1
6673,0.83559877,6.8030276,2
6699,-1.6169587,7.923004,1
6709,22.905516,4.585833,0
6714,17.110525,7.2984653,0
6735,-0.38788128,17.26483,1
6776,15.536432,1.4427296,2
6781,13.504918,2.406809,2
6784,6.698588,-2.4619105,2
6798,0.13255635,9.473383,1
6801,0.8711207,6.9201856,2
6812,0.29995927,8.793888,1
6847,13.211606,2.41332,1
6856,5.304854,-1.6714814,2
6864,5.687875,-1.1607003,2
6888,-0.53147763,17.324419,1
6901,-1.2914686,7.600076,1
6915,0.120649725,8.7087145,1
6917,16.880434,7.530227,0
6920,23.013077,4.4638605,0
6925,-1.8596296,9.424713,1
6927,5.2002234,-0.27783117,1
6930,0.931499,7.666757,1
6943,-0.19676374,10.34046,1
6951,5.892519,-2.3818552,2
6952,6.686635,-2.0366607,2
6954,15.953197,8.187433,0
6969,14.291694,2.6459239,2
6973,16.557087,1.3616296,2
6977,23.404993,5.3387427,0
6991,-0.4025539,10.460459,1
6994,-8.473217,2.9217775,0
7000,-0.24145278,10.504068,1
7001,0.2543185,10.055379,1
7016,0.82722676,7.261112,1
7021,18.003487,6.285274,0
7031,0.80773175,7.3802733,1
7035,17.795685,6.3647494,0
7049,5.127482,-0.93643016,2
7051,16.724083,2.0201256,2
7075,1.0418148,7.204417,1
7077,13.23225,2.345176,2
7085,-1.7168157,8.468439,1
7089,-0.055357665,9.70134,1
7117,-0.92864954,7.1822915,1
7122,5.4297442,-2.0029242,2
7124,15.309263,2.46032,2
7128,0.93073535,8.39273,1
7136,16.823135,6.8648953,0
7145,-8.781119,2.7912061,0
7153,16.762066,7.438768,0
7159,16.725975,1.3382708,0
7167,13.452603,2.6159682,2
7178,0.46506223,6.593476,2
7189,16.296259,2.207984,2
7190,7.0592103,-3.1434886,2
7197,16.303719,2.2377071,2
7215,5.4534564,-1.8610611,2
7232,-1.4171926,7.5401936,1
7234,-0.024194995,10.229671,1
7236,6.9744196,-2.8172133,2
7238,6.560111,-1.9783324,2
7240,18.058935,6.1869526,0
7252,-1.6009876,8.13847,1
7278,6.074304,-2.6224973,2
7282,0.85539407,8.49159,1
7293,6.323786,-1.6628774,2
7303,22.847332,4.579764,0
7304,0.7001016,9.201114,1
7310,18.17109,6.201233,0
7322,15.00915,2.4340413,2
7342,5.719577,-2.1705976,2
7350,0.6706869,9.322228,1
7353,6.705993,-2.2440944,2
7356,17.65433,6.4456024,0
7367,15.685404,2.2079098,2
7418,0.19544594,9.27614,1
7424,5.6149797,-2.1191738,2
7436,-1.1096089,7.260888,1
7441,0.4264846,8.968538,1
7455,23.202513,4.789588,0
7487,17.084435,6.6969094,0
7489,15.989662,8.218763,0
7491,6.324546,-1.6181436,2
7504,6.4173913,-1.8027568,2
7505,17.410944,6.7443333,0
7509,17.965239,6.355553,0
7511,22.336716,4.207613,0
7519,0.25022763,9.157802,1
7520,16.090164,2.2580848,2
7523,15.122428,1.4685937,2
7524,5.6905427,-2.2797034,2
7533,17.013647,1.6707612,0
7547,-1.2907358,7.359904,1
7553,16.288715,1.3531702,2
7554,16.107052,2.2643838,2
7559,16.960915,6.7421627,0
7574,1.092885,7.3285794,1
7575,0.93727624,6.571208,2
7588,5.0651956,-1.196524,2
7598,16.527508,7.6875854,0
7602,5.448027,-1.8782321,2
7604,0.014095756,10.1918335,1
7623,5.219592,-0.29693285,1
7629,13.038808,2.3737252,1
7684,0.93362576,6.4461336,2
7701,14.338822,2.5807323,2
7705,0.9282185,6.544622,2
7710,-0.20739895,10.150884,1
7718,13.614943,2.2452483,2
7725,0.41918886,8.992218,1
7729,13.56124,2.320881,2
7748,0.42613146,9.108115,1
7750,0.7866613,7.218284,1
7755,14.733075,2.684475,2
7762,5.563443,-1.9405406,2
7764,6.365397,-1.6040723,2
7780,-9.025269,2.80646,2
7795,0.22105989,9.96658,1
7854,5.71338,-0.79288554,2
7860,-1.6223667,8.227438,1
7862,0.52060354,8.325329,1
7872,18.230711,6.108166,2
7881,5.6022315,-1.9700624,2
7884,0.53506196,9.447918,1
7886,0.10561494,9.302318,1
7900,7.026164,-2.720177,2
7918,0.7673677,6.6110625,2
7947,5.8433437,-2.3343158,2
7950,16.640404,7.58757,0
7957,17.758055,6.5056424,0
7959,1.1251131,8.073364,1
7985,13.15652,2.433133,1
7999,-1.7608306,9.233482,1
8004,6.3693275,-2.0589054,2
8009,-0.42163378,10.239634,1
8010,15.935886,8.212135,0
8011,15.176563,2.483842,2
8016,13.760935,2.2360544,2
8017,12.950297,2.4472487,1
8021,15.860594,8.199204,0
8035,0.21689163,8.883513,1
8050,-1.9122896,9.180643,1
8064,15.917352,8.1409,0
8077,-0.094153754,17.188732,1
8085,15.600275,1.4763442,2
8116,7.1225104,-2.9228067,2
8124,-0.031406708,17.080008,2
8143,15.299718,1.3796822,2
8146,0.513155,7.7890787,1
8153,17.912378,6.5111485,0
8172,7.426439,-3.3214684,2
8176,-2.0136309,9.360301,1
8179,1.0195748,7.5206633,2
8188,13.334947,2.5397282,2
8193,0.4020971,9.503795,1
8199,-1.4443637,7.862617,1
8211,14.194098,2.6815925,2
8212,-0.44244164,10.387658,1
8221,0.45275885,8.785703,1
8224,0.7486888,7.240552,1
8238,6.277272,-1.3038218,2
8246,-0.51228034,10.499626,1
8247,7.2487073,-3.164554,2
8254,16.823435,1.8430566,0
8261,-1.6378131,8.278169,1
8268,5.428839,-1.8353842,2
8273,6.333149,-1.468435,2
8279,0.27022153,8.934299,1
8310,17.190905,1.3475715,0
8311,0.8251633,8.350688,1
8314,7.1405354,-2.8152442,2
8320,0.7558232,6.475331,2
8351,-0.18454829,10.21949,1
8353,5.739312,-2.3207338,2
8367,6.8738675,-2.9311197,2
8370,0.63019687,8.556609,1
8380,7.0296655,-3.613028,0
8397,16.40537,2.1349375,2
8421,-0.2598231,10.395248,1
8425,-1.0225604,7.1478343,1
8444,0.7518431,8.95677,1
8449,5.797067,-2.2450395,2
8453,6.160867,-2.7559657,2
8471,-1.3649486,7.7031507,1
8479,16.909456,6.8003607,0
8485,13.669693,2.3936028,2
8487,5.1606593,-1.2817531,2
8499,0.805617,6.6687136,2
8501,0.8453199,7.9120274,1
8523,7.183131,-3.092079,2
8534,15.956243,1.4980028,2
8546,16.811459,7.239766,0
8549,0.93021995,7.582284,1
8551,-1.4962083,7.8618746,1
8556,0.9461113,6.4926515,2
8561,17.328646,6.8633204,0
8565,15.68069,1.3578719,2
8567,15.9019165,8.160542,0
8597,0.49881747,8.58472,1
8598,14.912072,2.5024784,2
8599,5.8311925,-1.0012636,2
8602,16.147501,7.9923882,0
8605,6.530816,-3.2525244,2
8608,15.1543045,2.4473293,2
8618,-1.5534985,7.8075867,1
8620,17.434885,6.884506,0
8636,17.244898,6.9740963,0
8637,6.610746,-1.7825863,2
8642,-1.7659565,8.575282,1
8657,0.9057048,8.536169,1
8659,22.42137,4.2790275,0
8665,6.6848054,-2.1135254,2
8666,5.3963733,-1.6771544,2
8667,0.8648027,6.9976335,1
8694,5.416593,-1.593378,2
8708,0.8912853,7.961123,1
8714,-8.479778,2.9127045,0
8719,5.9327583,-2.682801,2
8723,7.0753183,-2.9801238,2
8736,14.090786,2.5837831,2
8744,5.473498,-1.9037225,2
8773,13.972377,2.5822556,2
8777,-0.65245914,6.927139,1
8786,6.416686,-3.228991,2
8798,0.5450958,9.541544,1
8815,5.680536,-0.7017193,2
8818,6.9428415,-2.7850416,2
8822,-1.9218647,9.327294,1
8827,-1.9335251,9.376462,1
8842,-1.9002522,9.245393,1
8846,22.220625,4.1610374,2
8877,-9.330526,2.5764403,2
8878,14.065165,2.535296,2
8893,12.930896,2.47977,1
8896,0.73342144,8.836739,1
8907,6.772978,-2.3542926,2
8910,13.588345,2.3296685,2
8911,6.236663,-1.7491672,2
8927,0.7198394,9.282008,1
8936,1.0256045,6.584461,2
8940,6.52641,-1.6321858,2
8954,-1.6693505,8.135247,1
8963,0.9316693,6.4485874,2
8972,0.7432004,9.22269,1
8978,7.536705,-3.4916606,0
8983,15.000635,2.5306835,2
8988,17.101585,6.5986896,0
8993,6.7829075,-2.485275,2
8995,5.383108,-1.1914948,2
9009,5.0557485,-0.71751285,2
9029,6.080139,-2.95367,2
9040,0.20941941,10.139485,1
9042,17.76244,6.484898,0
9070,18.151438,6.186039,0
9075,6.31311,-1.746639,2
9076,6.705135,-2.3885105,2
9082,-0.3763504,10.407337,1
9083,15.388464,2.4581199,2
9123,17.401373,6.914986,0
9127,6.52011,-2.0748327,2
9131,15.497249,1.5186399,2
9138,15.309024,1.6088681,2
9155,0.78127706,7.863511,1
9157,5.521664,-1.8875536,2
9167,0.76728755,7.8474913,1
9175,0.6164992,7.674257,1
9188,23.395256,5.1994185,0
9192,16.876379,6.7432833,0
9197,22.846634,4.655997,0
9198,6.407268,-1.6869302,2
9202,5.092463,-0.61943024,2
9218,23.37716,5.100708,0
9244,13.538473,2.279307,2
9276,-1.6038903,7.954328,1
9282,6.510055,-3.2224216,2
9283,-1.607557,8.133331,1
9284,22.715576,4.32414,0
9292,5.6113005,-0.8917772,2
9328,0.8725541,6.616535,2
9340,5.5299673,-2.148509,2
9354,-0.49848336,17.32111,1
9362,14.217641,2.7125528,2
9363,0.21967885,9.435031,1
9368,5.0815916,-0.50829834,2
9370,6.5694456,-2.0057178,2
9392,0.95134753,8.313896,1
9413,0.72858065,7.6095414,1
9430,17.444061,6.875708,0
9431,0.72836167,8.405295,1
9432,6.6282616,-2.2292163,2
9458,16.237162,2.1008031,0
9460,6.1785746,-1.6566267,2
9475,16.348204,7.8884315,0
9476,16.0039,8.1635,0
9480,1.1750004,7.912304,1
9489,15.662312,1.4712723,2
9502,15.907318,1.2991431,2
9508,-1.4710038,8.003173,1
9514,14.716224,2.6305938,2
9519,14.787934,1.6122913,2
9529,17.608278,6.976239,0
9542,-0.5617046,17.347437,1
9555,18.153181,6.1004853,2
9574,5.160153,-1.5021604,2
9586,0.6317749,9.235376,1
9591,0.78505254,8.277703,1
9600,-0.025900759,9.550283,1
9608,-1.6200637,7.9597435,1
9617,18.116737,6.1973343,0
9635,0.3830526,8.564306,1
9637,-0.109512806,10.330653,1
9653,-9.3059,2.5880651,1
9658,6.338042,-3.1954813,2
9661,0.94105464,6.4649777,2
9670,6.820459,-3.4493465,0
9697,14.852654,2.5129175,2
9700,7.1143804,-3.5639143,0
9722,15.127428,2.561853,2
9725,23.179304,4.628249,0
9741,0.8561755,9.087545,1
9743,6.006193,-2.5791523,2
9744,0.80560553,8.440553,1
9748,0.33709425,9.994977,1
9757,16.440481,8.002542,0
9765,-0.37900424,6.6956916,2
9796,16.93035,6.816842,0
9806,-8.722386,2.7981822,0
9823,-0.2595774,10.390712,1
9828,5.099042,-0.8886555,2
9837,0.8477522,6.826184,2
9842,0.7566731,9.15757,1
9844,-1.7163277,8.377175,1
9864,15.447808,2.4231787,2
9889,0.73174614,7.1817565,1
9903,14.174401,2.58325,2
9910,0.17014612,9.061019,1
9913,16.252968,2.2731268,2
9927,16.705631,7.6113377,0
9953,-1.9406178,8.752743,1
9965,6.7093587,-2.131599,2
9968,16.279795,1.2151178,2
9975,0.7925088,8.936567,1
9981,15.839305,2.3287475,2
9983,17.142918,6.990514,0
9985,14.286269,1.8359051,2
9986,0.075563565,9.880107,1
9993,22.195179,4.112062,0
10007,13.480411,2.4890952,2
10021,-0.50019085,6.7752433,1
10045,5.584362,-2.1689146,2
10046,0.6883328,7.369847,1
10049,22.949696,4.7046757,0
10054,15.923885,1.2388074,2
10068,6.7010555,-2.210303,2
10071,23.328993,5.236585,0
10073,0.27733174,8.483355,1
10087,13.171116,2.306142,1
10095,-8.901051,2.7767553,0
10111,0.836893,7.296795,1
10113,15.279044,1.4683268,2
10124,-0.18654418,10.183161,1
10130,17.13422,7.0971494,0
10150,22.913177,4.6801133,0
10165,0.8175392,8.458572,1
10168,-9.004473,2.8411667,0
10170,13.633689,2.0741236,2
10171,0.14213537,9.7837515,1
10176,7.3028765,-3.3590157,0
10223,1.0555526,7.0798473,1
10228,0.47146952,8.48584,1
10229,0.95530003,6.6433377,2
10244,-0.48339745,10.4305105,1
10249,0.3027775,8.940572,1
10260,5.786311,-0.7867038,2
10289,0.6789615,9.0885515,1
10306,17.089384,6.932575,0
10311,-1.6698942,8.245969,1
10313,0.7805095,6.5908,2
10335,13.753943,2.1402347,2
10345,-8.929608,2.7955434,0
10347,23.363935,5.1544023,0
10357,13.17055,2.4599185,1
10363,22.8444,4.60531,0
10365,15.451016,1.6751186,2
10389,17.55954,6.7271576,0
10396,7.0698195,-2.9577956,2
10401,0.86918575,8.146869,1
10442,17.95219,6.4925513,0
10462,16.709778,7.396197,0
10467,7.123181,-2.9669871,2
10475,6.4876776,-2.1119397,2
10480,0.17876182,9.347245,1
10490,-0.51931727,10.363461,1
10511,16.537685,1.247265,2
10531,15.002553,2.4737165,2
10549,0.55561197,8.227363,1
10550,6.563804,-2.099849,2
10561,16.481005,7.634902,0
10572,1.0144701,6.710771,2
10576,16.878551,7.198623,0
10587,18.097569,6.2516785,0
10613,0.9061954,7.0278625,2
10623,22.959284,4.614492,0
10630,14.442112,2.5966744,2
10638,6.852305,-2.6719663,2
10671,0.70632356,8.998573,1
10677,14.189483,2.0086732,2
10679,-0.5833509,17.355282,1
10680,7.396734,-3.3657882,0
10691,-1.9127523,9.295934,1
10698,14.486953,2.4605927,2
10709,1.0524741,8.008474,1
10721,0.2949462,9.104528,1
10722,5.888205,-2.3915,2
10733,13.849448,2.1371913,2
10745,6.2266016,-1.252433,2
10759,15.329089,1.3838805,2
10761,5.928647,-2.4305325,2
10810,16.204948,2.2548313,2
10817,5.5444517,-0.83160776,2
10852,6.4010396,-1.9479855,2
10899,-0.24581842,10.654225,1
10922,0.85608184,7.452882,1
10961,7.4213457,-3.2714107,2
10993,6.601441,-2.144648,2
10994,18.284702,6.128761,0
11007,16.013327,8.3495655,0
11058,0.3124295,8.274532,1
11059,6.4544916,-3.2253852,2
11066,-1.8231503,9.157169,1
11067,-9.344244,2.5632756,2
11090,16.038912,8.223898,0
11106,6.222664,-1.3475566,2
11113,5.79278,-0.7460743,2
11115,17.676306,6.5675564,0
11124,-0.03257596,9.849399,1
11126,18.020233,6.341786,0
11137,16.710709,7.4772696,0
11151,14.402548,2.2579026,2
11173,13.142273,2.439887,2
11174,17.176214,6.8131294,0
11179,1.2533803,8.399394,1
11181,16.000547,8.379101,0
11186,0.860233,8.703466,1
11208,0.8516784,6.5418344,2
11222,6.7760196,-3.3173726,2
11274,1.0164262,6.9602637,2
11276,0.406532,8.418062,1
11295,-1.9891918,9.315356,1
11301,-0.69479364,6.804224,2
11313,0.36715883,17.156786,2
11326,13.078976,2.4902155,1
11327,-0.13381669,10.16763,1
11341,-0.16642006,10.613935,1
11348,0.958784,8.668885,1
11351,-9.298535,2.5804412,2
11354,5.3484473,-1.7500249,2
11360,5.827817,-0.69804704,2
11381,14.924704,1.7576839,2
11383,14.701826,2.529976,2
11388,16.129807,8.026165,0
11393,6.3199873,-2.993166,2
11409,6.465503,-3.2949605,2
11424,0.37272918,17.173782,2
11426,-0.43767777,10.376045,1
11429,13.588907,2.2393773,2
11434,15.965968,8.474653,0
11435,14.09013,1.7626,2
11438,16.18912,8.079134,0
11483,6.4235406,-1.7066627,2
11487,5.89671,-0.86090237,2
11488,-0.10449726,17.182932,1
11501,-8.4745245,2.9108973,0
11519,23.267515,4.8582325,0
11537,15.844675,1.3687103,2
11541,-0.45339444,6.7119365,2
11563,7.6044846,-3.724216,0
11566,0.79461306,9.365237,1
11572,-1.7894084,9.292499,1
11574,7.187337,-3.3913507,0
11581,0.72875977,9.282774,1
11584,14.936728,2.562182,2
11585,5.675517,-2.2937174,2
11590,15.008333,2.5321958,2
11607,1.0398804,8.1011715,1
11616,0.7085954,9.14403,1
11617,-0.4550056,10.345733,1
11619,-0.095290825,10.017423,1
11622,-1.4510202,7.828146,1
11634,0.32021192,9.511912,1
11646,14.628302,2.6114461,2
11658,6.8475018,-2.1498847,2
11662,15.931932,2.2009566,2
11682,16.46171,2.123305,2
11703,-0.5535509,17.34291,1
11709,15.176798,2.5548751,2
11712,15.796532,2.1550794,2
11717,6.1916556,-2.9225519,2
11720,0.895377,6.9250174,1
11721,22.279358,4.161847,0
11724,5.62143,-0.81193197,2
11730,6.760576,-1.853079,2
11745,-1.598011,7.7902226,1
11750,5.1273823,-0.22620535,1
11759,6.2753205,-3.032592,2
11771,0.8861599,6.5249815,2
11773,-1.7159125,8.4997835,1
11790,16.633974,7.7184877,0
11793,0.49282134,8.759735,1
11794,16.565147,1.2195735,2
11797,5.5760427,-2.0819995,2
11799,14.949618,2.5043645,2
11816,15.449482,1.5041691,2
11831,16.97205,7.559728,0
11836,5.935694,-2.7964766,2
11841,13.661274,2.1944406,2
11845,0.90931946,9.03983,1
11851,23.094212,4.5028687,0
11870,-8.468191,2.9342327,0
11883,-1.8541824,9.249698,1
11893,5.8172064,-1.0107751,2
11894,0.085310265,9.338524,1
11909,0.51236683,9.513339,1
11911,14.19539,2.6310265,2
11914,16.60439,7.718104,0
11915,17.760715,6.537731,0
11918,0.56231195,9.27118,1
11919,17.57811,6.698187,0
11929,-1.664116,8.1403,1
11934,6.4015713,-1.2400763,2
11942,0.88019943,8.415369,1
11945,16.773546,7.590543,0
11947,0.85775477,8.877748,1
11954,17.166126,7.006792,0
11956,7.1106086,-3.0783458,2
11969,5.2569304,-1.3080463,2
11986,1.0277953,6.5658464,2
11987,0.016649753,9.662216,1
11991,-1.636315,8.140695,1
12019,0.6957496,9.134451,1
12034,23.35366,5.125393,0
12035,5.4148917,-1.9960487,2
12047,23.07951,4.5625315,0
12070,15.579133,1.3366963,2
12074,6.057903,-2.645659,2
12085,-9.281774,2.6213114,2
12091,-9.363831,2.549154,2
12105,23.418312,5.1213856,0
12108,5.0580807,-0.7904646,2
12114,17.889658,6.268318,0
12117,16.8775,7.3634973,0
12163,0.5761499,8.157454,1
12165,6.5577497,-2.0993912,2
12167,12.948849,2.4268963,1
12176,0.80694187,9.285034,1
12178,6.052945,-2.8156667,2
12185,17.110195,1.5019629,0
12190,15.720327,1.4596872,2
12193,16.352903,2.1897924,2
12194,0.83812255,7.089252,1
12200,0.2549983,8.770164,1
12213,16.872833,7.569856,0
12231,16.651667,7.742808,0
12245,-1.0871907,7.324182,1
12262,5.174894,-1.2826675,2
12266,0.028081411,10.188405,1
12268,6.9068213,-2.770042,2
12286,13.435126,2.5396838,1
12302,-1.1620346,7.252079,1
12314,-9.270351,2.6342247,2
12316,14.580374,1.5017699,2
12326,15.276719,1.4144028,2
12327,0.9491169,7.8972645,1
12336,1.1867313,8.287214,1
12346,1.0260198,6.9618263,1
12358,-1.8609625,8.534666,1
12374,16.979311,6.810736,0
12379,16.03352,8.217904,0
12380,-1.9888953,9.365165,1
12388,17.841013,6.4224205,0
12389,0.70676154,7.807008,1
12399,0.22163527,9.206545,1
12404,16.836845,7.3135123,0
12419,6.562109,-1.839755,2
12423,6.7648697,-2.3223398,2
12446,15.939057,2.1624324,2
12450,17.819433,6.5969877,0
12462,18.07312,6.155692,0
12488,0.5057937,7.67182,1
12490,17.390299,6.899827,0
12493,-0.33342665,10.6484785,1
12495,23.318674,5.073943,0
12504,15.955764,2.2207148,2
12533,-1.7588539,8.12362,1
12555,14.230308,2.6639981,2
12580,22.471811,4.3052626,0
12605,6.590251,-1.9149991,2
12626,15.093597,2.4798517,2
12634,15.43126,1.7307956,2
12639,15.52839,1.3961996,2
12653,15.156529,2.5675013,2
12707,14.512122,1.64138,2
12709,-1.0658282,7.3553243,1
12729,0.23004535,10.212385,1
12755,17.402433,6.948258,0
12781,23.184313,5.024972,0
12794,13.582068,2.2947617,2
12798,5.673143,-2.18694,2
12801,0.9897137,8.091323,1
12803,-1.5589951,7.9876866,1
12807,0.7585824,7.012962,1
12808,6.570405,-1.5187762,2
12815,-1.643428,8.201047,1
12818,6.5554814,-3.2501698,2
12820,0.6898789,9.112172,1
12835,5.352617,-2.0363252,2
12848,1.0701715,8.398121,1
12854,0.3221735,9.091975,1
12870,13.627262,2.2316308,2
12872,5.762582,-2.132296,2
12877,5.63137,-0.7406342,2
12909,17.528881,6.807426,0
12923,16.971914,7.38842,0
12926,16.927027,1.787752,0
12936,6.0300565,-2.6006339,2
12969,-1.943391,8.405154,1
12989,0.953668,8.225749,1
13002,15.955999,8.350283,0
13005,15.62112,1.3917929,2
13023,13.602423,2.2638931,2
13027,-0.19058853,10.34864,1
13042,17.44309,6.437762,0
13052,17.599636,6.9803605,0
13078,17.61524,7.0555105,0
13117,14.588228,1.4138625,2
13121,-1.9362689,8.980323,1
13141,-0.46195558,10.536193,1
13154,-0.14403614,10.6778965,1
13158,17.494186,6.78188,0
13166,6.002679,-2.7828314,2
13176,6.1385245,-1.0990101,2
13178,-1.5773332,8.411271,1
13186,-0.57657766,6.967211,2
13198,-0.111356094,10.706957,1
13203,18.170696,6.244549,0
13211,-0.03111638,9.765345,1
13231,16.95361,1.6902028,0
13238,0.4094838,17.189333,2
13271,0.401537,10.097289,1
13275,-2.0454488,8.860311,1
13277,6.7951717,-2.2580864,2
13278,5.8929534,-0.73593867,2
13287,5.3957386,-2.0137472,2
13297,14.405044,2.603866,2
13298,0.26390046,10.321643,1
13299,-1.5360223,8.0174055,1
13319,5.404,-0.4520988,1
13321,-1.7055033,8.46703,1
13325,0.7004198,7.7240214,1
13332,13.176627,2.4140882,1
13333,23.221165,4.543456,0
13337,0.10704881,10.031296,1
13346,6.931788,-3.5143201,0
13356,0.8270541,6.4535127,2
13364,0.13426319,9.182372,1
13378,5.076068,-0.8169162,2
13380,-1.4073596,7.503745,1
13407,17.077152,7.268112,0
13408,0.30113024,9.109824,1
13423,17.071129,1.2220426,0
13435,16.032112,8.120255,0
13438,22.164696,4.1094327,2
13447,7.3355856,-3.7506883,0
13449,0.86473584,8.077685,1
13450,14.826643,2.4181259,2
13462,16.43434,2.1850958,2
13471,14.55138,2.4247835,2
13483,0.5757536,8.7691965,1
13494,16.575394,1.9620149,0
13498,14.524714,1.4893858,2
13513,13.756808,2.1185787,2
13518,-0.43807736,6.782054,1
13523,23.341402,5.0915504,0
13553,1.050358,8.644263,1
13565,6.2335587,-2.9522707,2
13569,22.74322,4.419599,0
13570,0.23752145,9.21565,1
13578,23.232555,4.6663113,0
13583,15.928449,1.4865808,2
13586,16.806686,7.415187,0
13598,0.92628264,6.8586636,2
13618,0.22203478,9.546293,1
13628,0.36243996,17.166954,2
13639,-8.74671,2.7823718,0
13680,23.431213,5.54606,0
13688,-1.769251,8.504277,1
13691,0.09723707,9.803941,1
13692,6.4993663,-3.2320273,2
13696,16.840456,7.523662,0
13715,1.273891,8.189052,1
13722,0.8244462,6.4700685,2
13742,5.6207194,-2.523563,2
13753,0.26054543,10.045357,1
13761,7.395159,-3.2562728,0
13763,18.201809,6.185232,0
13787,0.9122741,6.648686,2
13788,6.464434,-1.8587592,2
13808,1.2898947,7.3561335,1
13817,14.827656,1.6995642,2
13824,6.369342,-1.3137496,2
13825,0.85251236,6.478431,2
13827,0.7818579,7.8603883,1
13833,23.057337,4.7901955,0
13834,5.5314746,-2.113281,2
13836,16.778664,7.2969494,0
13839,5.7261777,-2.412263,2
13840,-1.9816191,9.359418,1
13849,0.86747915,7.8428135,1
13859,15.994628,1.3092802,2
13862,-1.6398386,8.033268,1
13873,17.235481,6.9955096,0
13892,-0.26790717,10.425538,1
13896,15.365043,1.3512568,2
13905,6.2972126,-1.5258901,2
13913,17.815987,6.6200075,0
13918,16.08875,8.215869,0
13952,16.900196,7.576954,0
13964,17.113869,1.2961618,0
13970,-1.4219809,8.046254,1
13973,15.945667,8.11189,0
13981,17.526194,6.7719073,0
13997,15.734198,1.3121057,2
14011,23.255634,5.096818,0
14018,17.284988,7.3169947,0
14025,0.73537064,9.345196,1
14026,5.1213255,-0.8456658,2
14032,17.283417,7.0784874,0
14057,17.069448,7.2803874,0
14069,-0.7934428,6.8329167,2
14070,15.566044,2.3080366,2
14084,-0.6372654,6.978368,2
14088,0.34853,9.925935,1
14099,0.39744854,17.194012,2
14102,-1.3424569,7.398031,1
14143,16.197508,2.2483363,2
14144,15.740019,1.3382787,2
14159,0.92902297,9.132717,1
14171,1.1622435,7.821896,1
14174,22.959797,4.776459,0
14178,0.83710366,7.260472,1
14193,17.334364,6.971288,0
14202,6.341615,-2.9465601,2
14207,22.211283,4.131847,0
14215,-1.4915409,8.331458,1
14217,1.0020875,8.914297,1
14242,16.253593,8.022235,0
14250,-0.055750377,10.169153,1
14252,16.66881,1.9751979,2
14256,-0.43840063,10.448797,1
14258,0.7659694,7.670799,1
14264,16.696604,1.8592325,0
14268,23.356596,4.93358,0
14269,-1.733194,8.073764,1
14277,5.699613,-2.2074914,2
14280,23.232714,4.8565454,0
14285,14.170761,2.617861,2
14315,6.4819474,-2.3860533,2
14332,0.9731185,6.6184235,2
14338,14.32723,1.5058095,2
14349,6.557542,-1.6935415,2
14353,14.293915,1.8720179,2
14367,5.565236,-2.2142885,2
14380,22.423372,4.386102,0
14384,18.076542,6.4215617,0
14389,-0.28769636,10.604779,1
14393,5.762162,-0.8718213,2
14421,6.621898,-2.1177495,2
14435,15.924257,2.2765827,2
14441,5.063787,-1.1086875,2
14446,23.16744,4.9026957,0
14472,-1.5522494,7.7136955,1
14491,13.708072,2.5839856,2
14503,6.4433217,-3.316043,0
14520,6.877865,-3.5597022,2
14531,16.09247,8.30614,0
14533,7.514111,-3.7875056,0
14550,-1.2843913,7.3461328,1
14553,22.393555,4.273017,0
14554,-0.40203667,10.357871,1
14564,15.384266,1.4080726,2
14575,-0.17531562,10.254865,1
14592,23.22211,5.067398,0
14601,0.60172707,9.511997,1
14604,6.5959187,-1.4984097,2
14614,5.623731,-0.9892452,2
14619,13.66027,2.5311258,2
14634,13.390176,2.2707057,2
14643,-8.661108,2.7605498,0
14654,6.6691284,-1.40379,2
14658,-1.5283188,7.818794,1
14660,16.6634,7.722284,0
14664,0.79548234,9.4552145,1
14678,6.6300097,-2.2217937,2
14682,5.26546,-1.7296312,2
14683,0.7758773,8.058071,1
14702,6.230881,-1.0492998,2
14720,5.656556,-2.3345237,2
14722,5.0487294,-1.2022523,2
14723,-1.9932861,9.363308,1
14730,22.83239,4.5907564,0
14731,0.7315956,7.816426,1
14735,-0.6798748,6.9217806,2
14738,18.24436,6.185599,0
14787,-9.111727,2.7792332,2
14794,-0.6843769,6.9089756,1
14834,6.69601,-1.6307082,2
14837,6.2927527,-1.1803384,2
14842,-0.5711937,17.35048,1
14854,6.2237253,-3.14922,2
14857,6.394324,-1.6564604,2
14862,-1.6583456,8.129831,1
14864,5.328201,-0.34594357,1
14875,14.903079,2.5344036,2
14883,6.0482454,-2.755487,2
14897,0.2534154,9.077376,1
14900,1.0761337,7.9005046,1
14907,6.139432,-0.9773346,2
14908,-0.8195736,7.019751,1
14914,14.968617,2.5112233,2
14917,-8.866574,2.804727,0
14920,14.481058,2.4160254,2
14921,17.695078,6.768268,0
14945,17.296658,7.1249037,0
14956,17.486076,6.8005543,0
14968,7.1851497,-3.6316907,0
14971,6.076012,-2.9820914,2
14979,15.350061,1.4475143,2
15000,13.102167,2.4410925,1
15006,-1.0876431,7.190833,1
15012,15.923694,8.227795,0
15014,23.14116,4.814708,0
15016,13.96951,1.7570297,2
15018,1.0815427,8.679956,1
15028,6.690777,-3.3204045,0
15065,6.2655244,-2.9018116,2
15093,15.379794,1.3268543,2
15097,6.2355638,-3.1741245,2
15107,5.934824,-2.5646596,2
15117,16.945963,7.2767587,0
15156,1.1875407,7.769155,1
15171,1.0044122,6.6976748,2
15172,14.1243105,1.6024196,2
15191,-0.40968704,10.358533,1
15193,0.6596087,9.092756,1
15201,15.982156,2.4234545,2
15206,14.441481,2.7225022,2
15218,1.3029466,8.2064295,1
15224,0.5009665,9.229029,1
15228,17.049637,7.100719,0
15234,-0.2587847,10.006034,1
15235,-9.08196,2.7985458,2
15240,16.960094,7.4244328,0
15257,0.18771051,10.411143,1
15286,12.993118,2.3544524,1
15295,15.641257,1.4099554,2
15314,-0.43225837,6.599758,2
15328,17.346233,6.923635,0
15330,1.0556918,7.423815,2
15335,16.445353,7.9011693,0
15340,15.171698,2.5414448,2
15342,1.1473991,7.720777,1
15349,14.373629,1.7946843,2
15353,17.204992,6.998972,0
15358,16.254839,2.2072582,2
15359,0.41941392,10.1813345,1
15368,-1.953975,9.363929,1
15370,-0.45931715,10.467044,1
15378,17.8236,6.59461,0
15392,0.80954486,8.642567,1
15394,0.22096387,17.120598,2
15396,5.254102,-0.28528363,1
15403,-1.6946088,8.100944,1
15405,-0.45998767,10.62988,1
15413,-1.5060748,7.7587833,1
15416,-0.33562675,10.474556,1
15417,12.999977,2.3642838,1
15418,13.073018,2.4187033,1
15420,0.19281054,9.084231,1
15430,12.861525,2.3459766,1
15435,-0.22139587,10.410941,1
15438,7.273841,-3.0880547,2
15448,6.8753676,-3.3929985,0
15449,14.583959,2.4986534,2
15451,0.9529055,9.085832,1
15463,-9.2451315,2.6167324,2
15474,6.169934,-1.3196692,2
15487,0.970802,6.9886613,2
15488,0.49859834,9.184332,1
15498,0.7530408,6.619424,2
15508,15.322347,1.5231856,2
15514,6.3423367,-1.3841953,2
15517,5.183511,-1.4890265,2
15518,14.03537,1.9028856,2
15520,-1.2239022,7.367464,1
15543,5.096878,-1.3918374,2
15545,5.9443064,-0.8254965,2
15546,14.213771,2.6139975,2
15566,15.356596,1.2838835,2
15567,0.6438637,8.512815,1
15572,17.691422,6.631198,0
15591,5.7367387,-0.6471176,2
15596,-1.5144718,7.796368,1
15615,0.75234216,9.199686,1
15630,15.862638,2.1845706,2
15632,23.232054,4.8634853,0
15636,5.7787166,-0.9112244,2
15639,14.977742,1.7417966,2
15644,-1.04047,7.120334,2
15659,14.192317,2.645037,2
15672,-0.16107626,10.691749,1
15680,23.294823,5.0730844,0
15686,17.449186,7.009593,0
15687,1.299217,8.314702,1
15688,-9.312205,2.5602212,2
15696,16.767534,7.635052,0
15700,0.610992,8.570267,1
15704,1.2433581,8.550926,1
15715,17.600266,6.7507715,0
15723,-0.40529406,17.254265,1
15740,15.943242,8.239797,0
15750,14.4599285,2.5069993,2
15753,15.534309,1.3423691,2
15769,0.55640113,8.863273,1
15773,17.111479,7.175859,0
15791,13.1512165,2.235496,2
15815,6.876129,-2.5646942,2
15819,-0.5295632,6.6146507,2
15833,0.8937573,8.891076,1
15834,18.022024,6.5206933,0
15838,22.14798,4.087237,2
15839,16.628428,7.9258423,0
15844,-1.7119329,9.304134,1
15857,15.780715,2.2391107,2
15892,15.979839,8.352352,0
15894,1.0626588,7.9871516,1
15900,-1.9494022,9.213835,1
15913,0.20046596,10.374785,1
15931,0.72607046,8.122303,1
15933,-2.021872,8.345661,1
15958,14.737721,1.5784135,2
15976,5.60587,-2.620786,2
15984,16.991243,1.6194552,0
15986,22.906973,4.4863915,0
15993,15.784928,1.2650992,2
16007,1.1671973,7.5649943,1
16011,1.0615159,8.599521,1
16020,14.581881,1.757059,2
16022,0.768249,8.091555,1
16036,6.5589323,-1.8957192,2
16061,1.0269147,8.188232,1
16064,0.4116304,8.260606,1
16065,-9.167947,2.7512164,2
16066,0.76120514,8.886535,1
16070,-1.5776454,7.763309,1
16072,23.356678,5.1640816,0
16106,16.16379,2.1807425,2
16114,23.097027,5.042771,0
16119,0.32888862,8.934428,1
16138,22.903975,4.7060843,0
16157,0.5644055,9.446456,1
16164,15.016404,2.3700786,2
16166,15.020465,2.3160474,2
16168,5.4121146,-2.1681645,2
16176,5.924,-0.7884655,2
16180,-8.460004,2.9198678,0
16189,6.5346346,-1.9623547,2
16206,22.434021,4.299099,0
16211,-1.7197506,8.503746,1
16235,5.251758,-1.9395049,2
16241,15.075352,2.4710548,2
16251,15.501019,1.4166667,2
16253,0.9562963,6.4738827,2
16260,6.057022,-0.810831,2
16264,1.0575278,6.845371,1
16270,6.7213984,-3.460127,2
16278,-1.9471071,9.2619,1
16303,-1.851937,9.356581,1
16314,0.22331873,10.264064,1
16321,23.020878,4.679673,0
16325,0.7651682,8.754948,1
16336,-0.19086127,10.65888,1
16341,6.6610875,-2.3358822,2
16362,23.00857,4.5782266,0
16369,1.1289656,8.773842,1
16382,14.101174,2.1774178,2
16391,-1.3316078,7.406943,1
16395,6.0840645,-3.1768093,2
16403,13.351477,2.3607504,2
16408,13.56702,2.1546414,2
16409,17.568892,6.9269185,0
16427,15.510094,2.2814946,2
16435,5.171925,-1.1059655,2
16440,5.516073,-2.2224452,2
16443,5.9484305,-2.903911,2
16481,5.924729,-0.8111053,2
16484,16.61441,1.8311296,2
16518,14.521852,2.340204,2
16536,6.7177052,-1.5833049,2
16544,5.110004,-1.0776378,2
16546,16.890402,7.541179,0
16549,0.96159863,8.365446,1
16554,22.216368,4.145341,2
16566,15.525942,2.3853476,2
16568,-8.446036,2.9385004,0
16574,0.600298,7.730582,1
16581,15.5627575,2.3482652,2
16589,5.995302,-2.7297482,2
16592,6.009962,-1.9456809,2
16599,14.935612,1.403947,2
16609,5.27521,-1.6728073,2
16615,0.17983057,9.475447,1
16634,6.0631557,-1.5527523,2
16641,-0.30454126,10.178745,1
16655,14.033473,1.5965064,2
16658,0.44088742,9.721347,1
16664,-0.7650079,6.957972,1
16668,6.0370164,-2.5824046,2
16693,-2.0029042,9.339926,1
16700,23.34864,5.1693153,0
16736,16.45956,1.3150185,2
16742,6.204185,-1.1569974,2
16745,-9.039915,2.820547,2
16750,17.484545,6.78421,0
16768,5.4828343,-1.9443603,2
16772,5.7060194,-2.1248457,2
16789,16.823248,7.3895774,0
16792,17.30413,7.1024194,0
16793,6.458877,-3.2225053,2
16795,-0.79771155,6.951336,2
16816,0.95880574,8.668886,1
16818,14.552982,2.1097891,2
16823,-0.06788535,9.785755,1
16856,14.539805,2.7414331,2
16860,5.051178,-0.8564932,2
16862,1.1849836,7.1868725,1
16880,15.510258,1.262083,2
16896,0.446283,8.488545,1
16927,-1.5042328,7.798938,1
16928,-2.0096319,9.359203,1
16945,0.7287603,7.9822516,1
16976,-1.1950947,7.450552,1
16978,-1.575104,7.792064,1
16993,1.3537961,7.2567763,2
16998,5.0784,-0.6180566,2
17015,22.981861,4.5202007,0
17049,0.2457437,9.031007,1
17062,23.015495,4.6297245,0
17065,6.410013,-3.1862843,2
17075,0.5639315,7.9712634,1
17080,5.031006,-1.2658169,2
17081,7.5590606,-3.4617171,0
17092,17.563656,6.897966,0
17096,6.60445,-1.5435832,2
17111,6.813156,-2.455278,2
17124,5.486595,-2.5434852,2
17141,17.012972,6.914905,0
17147,1.0647109,8.430078,1
17163,22.87891,4.603419,0
17176,6.368461,-3.2608643,2
17191,16.33476,1.187383,2
17200,17.108278,1.2397214,0
17215,5.368978,-2.3183439,2
17232,15.944576,2.1812053,2
17236,-1.9713619,8.349267,1
17250,-0.3533566,10.349699,1
17261,5.321414,-1.6293681,2
17281,13.800726,2.5289936,2
17283,16.273375,1.2160366,2
17293,16.78678,7.5879016,0
17316,16.887451,1.8195829,0
17317,14.7497015,2.508447,2
17318,17.390394,6.919261,0
17322,6.7307725,-1.4909422,2
17327,1.1121385,8.64836,1
17332,1.0112178,8.98182,1
17350,-8.719444,2.7827117,0
17354,1.0003165,8.102019,1
17359,14.783703,2.6520057,2
17360,16.720922,1.8419398,2
17368,6.1948023,-3.0247788,2
17371,0.7678891,9.235148,1
17373,-0.057310376,17.152647,2
17411,-0.33329025,10.259132,1
17431,17.247547,7.3594737,0
17445,0.08312859,9.52436,1
17455,13.748329,1.8292834,2
17483,0.5132843,9.808813,1
17491,-1.8243077,8.356346,1
17494,0.51625574,7.973821,1
17502,17.338387,7.131869,0
17508,-0.7719579,7.0525737,1
17528,17.231031,6.981884,0
17534,16.84491,7.237861,0
17540,15.617379,1.2906309,2
17563,-9.376771,2.5414987,1
17566,14.585729,2.2587774,2
17596,-1.5911683,7.760348,1
17603,5.8847895,-2.7412922,2
17618,23.409836,5.323693,0
17621,6.208845,-1.0463023,2
17659,17.184546,7.3528934,0
17662,17.447807,7.0791,0
17663,22.419176,4.278371,0
17671,5.143001,-1.4607265,2
17673,0.39402285,9.791474,1
17678,16.069202,2.202653,2
17695,5.07159,-1.7381611,2
17703,6.82906,-2.2853386,2
17706,13.531224,2.5079434,2
17711,15.432606,2.3949316,2
17720,16.100754,8.37004,0
17763,-9.0240965,2.8382516,2
17772,-0.5738339,17.35054,1
17795,0.78366405,8.057669,1
17810,16.981659,7.6989703,0
17811,0.44526967,8.331194,1
17814,16.382807,2.0053532,2
17828,15.984338,1.3278719,2
17862,0.11710398,9.992095,1
17870,0.9172975,6.7017546,2
17876,0.077417396,9.343972,1
17908,7.148148,-2.5488997,2
17913,16.04295,8.368626,0
17917,22.200268,4.118857,2
17938,23.075998,4.7048035,0
17948,6.718323,-2.3804712,2
17950,6.565306,-3.348346,2
17961,-1.1987932,7.377544,1
17972,0.7952286,7.7315497,1
17978,5.3904624,-2.454423,2
17980,5.1835804,-1.6523972,2
18020,-9.045105,2.8230932,2
18021,0.982685,8.402656,1
18053,6.280448,-1.2765661,2
18068,5.289426,-0.32939252,1
18074,1.2512956,6.2383637,2
18089,-1.2680632,7.3864317,1
18103,0.6158743,9.953228,1
18107,-0.14300837,10.4861,1
18145,14.477659,2.201359,2
18159,16.514572,1.6692369,2
18162,-8.431354,2.9388921,0
18172,1.0193264,8.735008,1
18176,-1.8149137,8.540972,1
18192,0.8236568,9.288497,1
18194,6.763549,-1.7264599,2
18198,15.072856,2.464803,2
18216,14.547414,2.5735924,2
18217,1.3183279,7.8209634,1
18220,16.000639,1.3626894,2
18224,0.5779004,8.474118,1
18231,7.166716,-2.4996228,2
18234,0.29038915,8.617097,1
18239,0.99715257,8.376697,1
18264,5.1554403,-1.880286,2
18267,14.602874,2.3435254,2
18274,14.251891,1.7140889,2
18278,-1.282014,7.5937195,1
18290,22.941626,4.456395,0
18301,0.98167026,7.2502737,1
18303,16.996666,7.579862,0
18304,16.131126,2.187198,2
18309,-1.9169453,9.3102045,1
18313,-0.5113919,17.319136,1
18329,16.781406,1.7892536,0
18333,6.6016784,-1.3512579,2
18353,16.741917,7.8098187,0
18355,15.392213,1.3204564,2
18391,17.17305,7.3436217,0
18420,15.865739,2.3208916,2
18423,5.60157,-2.5103166,2
18440,6.750019,-1.7853978,2
18443,-1.9559958,9.431021,1
18450,1.1536379,7.96716,1
18459,7.5927453,-3.6823528,0
18465,17.177944,7.16146,0
18475,17.03761,1.2665244,0
18477,-1.4530628,7.701956,1
18483,14.627063,2.1965187,2
18498,-1.5432241,7.673251,1
18521,-1.4375296,7.44325,1
18523,-8.477579,2.9214168,0
18528,6.6529446,-1.5403022,2
18532,5.488854,-2.1939344,2
18543,5.6995516,-0.5717108,2
18556,0.5150751,8.998671,1
18567,14.386547,2.1017609,2
18595,-8.484352,2.8982487,0
18598,16.063656,2.2932289,2
18600,0.43718296,9.9883795,1
18603,5.480117,-0.4193389,1
18620,17.141386,1.3580608,0
18635,6.798359,-1.7156396,2
18639,23.29351,5.065247,0
18661,17.033167,7.4134603,0
18709,6.46672,-1.8465551,2
18733,16.97378,7.4615192,0
18749,6.919541,-3.6040812,2
18765,14.41789,1.4288132,2
18771,5.6432934,-0.62408084,2
18776,0.312387,10.22163,1
18781,-0.8217454,7.073793,2
18800,15.946658,1.2775934,2
18806,17.901463,6.6760163,0
18808,-0.4986779,6.6501865,2
18811,17.036455,7.7428684,0
18829,14.264868,2.119969,2
18834,5.140364,-1.055139,2
18847,15.041995,2.3377454,2
18848,17.640602,6.9886475,0
18855,-8.990101,2.8225687,0
18856,1.2061712,7.838549,1
18860,-1.9120866,9.299599,1
18864,5.244763,-0.27566513,1
18870,1.229296,8.843549,1
18875,18.31675,6.149013,0
18878,-1.7750657,8.6505995,1
18899,16.578829,2.0752468,2
18909,0.5572416,9.73662,1
18920,14.491233,1.51657,2
18946,0.9561895,8.79627,1
18958,16.849285,1.2344463,2
18961,-1.6698031,7.902149,1
18972,13.42092,2.2489996,2
18979,1.0297307,8.9929085,1
18994,17.454958,6.9642105,0
18997,1.0220698,6.4079037,2
19006,15.709538,2.1849227,2
19015,-1.5263795,7.883512,1
19018,14.799697,1.3006238,2
19039,1.3278805,8.134865,1
19041,0.4279237,10.326252,1
19048,14.167544,1.623085,2
19050,0.87275904,7.6371346,1
19052,23.278559,5.0705566,0
19066,-0.16292992,10.045014,1
19073,14.369051,2.4013574,2
19074,12.831513,2.3500233,1
19080,14.440778,1.9683207,2
19081,14.352137,2.0634573,2
19088,16.435768,1.2892115,0
19094,14.666237,2.4598444,2
19102,13.436599,1.7504929,2
19116,-9.01647,2.7237947,2
19124,18.154287,6.568823,0
19131,15.728406,1.2374231,2
19132,5.157561,-1.351953,2
19137,1.3382034,8.514017,1
19147,0.10109206,17.158073,2
19148,1.2996845,8.245613,1
19162,-8.688571,2.7901907,0
19166,0.8870381,7.1605844,1
19167,15.567354,1.3227078,2
19171,18.19233,6.211633,0
19199,-1.1494844,7.307068,1
19210,1.343866,7.2106314,1
19225,-2.0343702,8.366818,1
19230,4.9254856,-0.5927134,1
19239,18.043287,6.320305,0
19245,0.36374447,17.166357,2
19254,0.69972533,7.4436026,1
19270,6.0235443,-2.7815557,2
19301,14.3469,1.4848576,2
19305,7.581434,-3.4196112,0
19323,0.5112902,9.614361,1
19326,-1.5587934,7.9423428,1
19337,6.391233,-3.4774382,2
19342,18.06143,6.3745775,0
19344,1.0439214,7.26625,1
19350,1.0364765,8.87714,1
19369,-0.07198682,10.182959,1
19377,6.2290525,-3.1049967,2
19384,17.899563,6.403681,0
19386,5.3676715,-2.1043332,2
19415,5.827154,-1.0161836,2
19419,6.0006423,-0.9895774,2
19433,5.894887,-2.8326104,2
19451,-9.188798,2.7053854,2
19462,5.4996777,-0.34901717,1
19464,17.694445,6.593203,0
19487,0.7954468,8.9078245,1
19515,5.7474985,-1.2612231,2
19536,5.5478563,-0.43056965,2
19545,0.42804047,8.292465,1
19560,6.767289,-1.3117372,2
19567,6.2729325,-1.4199533,2
19568,-2.0257323,9.347399,1
19591,0.259909,9.281181,1
19600,-1.1311032,7.1938267,1
19604,22.98733,4.629515,0
19605,16.154617,1.1372322,2
19609,6.840318,-2.0915375,2
19656,16.202847,1.2519975,2
19658,17.160814,7.651235,0
19661,1.0458361,8.534016,1
19665,5.366528,-2.1754177,2
19704,17.462227,7.1341057,0
19709,4.9647408,-0.60403895,2
19712,4.944994,-1.1599846,2
19724,-1.4872702,7.503105,1
19736,16.24946,2.1241055,2
19753,7.145216,-3.0844755,0
19754,17.893534,6.5393763,0
19755,5.244576,-1.815417,2
19796,7.2550373,-2.956439,2
19821,5.2368913,-1.7575389,2
19839,18.010239,6.8084764,0
19842,5.962786,-0.7748369,2
19850,14.148008,1.6398406,2
19857,17.34024,7.243928,0
19862,-1.8221296,8.044272,1
19879,0.3107876,9.160485,1
19880,16.984821,7.016255,0
19881,16.214518,2.0911374,2
19890,-1.0398412,7.0537796,1
19893,0.123956576,9.68383,1
19897,5.38471,-2.1633043,2
19913,15.487418,1.1640515,2
19920,-1.9790221,9.202774,1
19940,0.97524476,9.332114,1
19968,6.8743453,-2.7677522,2
19975,17.38939,7.063592,0
20009,1.0032641,7.2856545,1
20045,16.729721,7.7398324,0
20046,0.9144987,9.608523,1
20056,1.1420277,6.4820375,2
20063,15.985327,2.1913068,2
20074,7.206202,-2.7053118,2
20090,6.939027,-2.0802314,2
20097,15.243494,1.290457,2
20102,0.95473135,8.569279,1
20104,7.2324185,-2.508262,2
20107,16.929668,7.525469,0
20110,23.296068,5.1433682,0
20114,15.521909,1.3016547,2
20123,15.109231,1.3370227,2
20128,0.5555579,9.671463,1
20176,18.120428,6.339355,0
20178,0.981002,8.649358,1
20184,14.860767,2.1550517,2
20195,16.632595,7.9633374,0
20200,-2.0734043,9.367861,1
20205,-0.6124125,6.7899013,2
20207,6.9728026,-2.675479,2
20214,22.398539,4.280671,0
20222,6.816972,-2.5927482,2
20232,23.354908,5.1925154,0
20233,6.310911,-1.0519477,2
20253,0.6943669,7.7070827,1
20260,17.539394,6.7725477,0
20264,-1.8817332,8.733314,1
20267,5.073487,-1.1404738,2
20272,5.9849367,-2.858326,2
20277,0.8216298,7.7587557,1
20281,23.349928,5.2061644,0
20285,23.372318,5.5025334,0
20296,6.0064106,-0.8179414,2
20327,14.779754,1.680665,2
20331,16.13066,2.1104321,2
20344,16.482645,8.108477,0
20345,7.0202637,-3.640386,0
20358,16.166122,1.1665283,0
20361,0.83179855,8.2565975,1
20363,22.972397,4.6127105,0
20368,1.0844725,9.0861845,1
20393,23.375443,5.23486,0
20424,18.518038,6.240274,2
20425,6.305402,-3.2930834,2
20437,22.519606,4.3031125,0
20441,-0.096387595,10.7365265,1
20444,-2.0162354,9.37707,1
20449,0.38124806,17.155895,2
20450,17.211617,7.216857,0
20453,13.560331,1.9701219,2
20462,5.084697,-1.2905043,2
20469,0.80907965,9.246604,1
20474,7.2388573,-2.8677602,2
20475,17.142387,7.762622,0
20502,1.0282999,7.5704017,1
20513,16.494917,1.23317,0
20515,-9.077534,2.796006,2
20516,0.56194264,9.53561,1
20530,0.78899264,9.684526,1
20532,14.613061,1.5229701,2
20539,6.682968,-1.6024938,2
20543,-2.0985212,8.560778,1
20555,5.2593703,-1.9825082,2
20570,15.862528,1.1484451,2
20575,5.2362022,-1.8367295,2
20579,7.534835,-3.7267349,0
20580,18.341194,6.1752753,0
20584,5.544091,-2.6417394,2
20612,16.642809,7.9289894,0
20615,1.2483481,7.042405,2
20624,13.890549,1.4536476,2
20627,16.16163,8.50159,0
20653,1.3272955,8.776822,1
20660,13.331263,2.1931756,2
20674,23.351387,5.4471874,0
20675,-9.288877,2.5830736,2
20678,14.678763,2.057127,2
20687,-1.79872,8.610248,1
20726,13.456632,2.5332422,2
20743,17.828476,6.81661,0
20749,17.102913,1.2606295,0
20753,6.7777944,-3.521104,2
20761,1.0720994,8.271966,1
20766,23.022799,4.448034,0
20767,17.753132,6.8384933,0
20774,18.20604,6.5690465,0
20779,22.614185,4.35709,0
20782,-1.4283884,7.487013,1
20793,0.5838775,9.791704,1
20801,22.230778,4.140625,2
20804,13.092732,2.290967,1
20829,17.520626,7.147556,0
20832,17.185701,7.225838,0
20844,18.142488,6.433097,0
20857,14.376872,1.4986414,2
20861,15.748109,1.2659446,2
20869,14.064148,1.5728085,2
20877,-1.978246,9.248484,1
20892,-0.25722066,10.234767,1
20903,5.2371445,-1.9813538,2
20906,15.751364,1.2444329,2
20919,-1.5906525,7.7884684,1
20921,6.2166495,-3.230839,2
20978,1.3546668,7.3742704,1
20987,14.485472,1.3432016,2
20998,6.7132993,-1.3224342,2
21004,1.2383807,7.3358603,1
21014,-1.3256435,7.3423643,1
21023,0.84174377,6.476418,2
21027,15.16237,2.407036,2
21028,1.0181046,6.8300905,1
21031,15.949704,8.46382,0
21046,13.825696,2.1869724,2
21061,5.0454116,-1.3638271,2
21079,13.257084,2.2443953,1
21081,5.648068,-0.5168585,2
21088,16.017254,1.2726731,2
21089,6.4220586,-1.2818754,2
21130,22.392672,4.257063,0
21139,-0.4505457,10.388408,1
21142,-0.6523366,6.9050965,2
21143,15.910301,2.1450903,2
21144,6.1334677,-0.9801893,2
21148,17.354986,7.782704,0
21149,0.95867264,7.5887556,1
21183,0.043569095,10.442877,1
21191,14.831816,2.1605988,2
21205,1.0183144,7.2170157,1
21212,5.022854,-0.9408943,2
21222,17.348871,7.124292,0
21228,0.94317913,6.421757,2
21244,16.07398,1.1299999,2
21275,0.92095864,6.878092,1
21298,13.339466,2.2251544,2
21303,4.9331694,-1.0597965,1
21341,13.096888,2.3260074,1
21355,1.3639785,7.5927114,1
21362,-1.0991163,7.173322,1
21368,6.472172,-1.3734576,2
21375,15.680601,2.0122774,2
21380,0.84128505,9.001334,1
21389,1.1388638,6.996657,2
21400,7.0558977,-3.0110497,2
21410,23.26865,5.2050295,0
21412,15.979241,1.3009334,2
21413,6.823006,-3.6223955,2
21420,13.527743,1.9086416,2
21426,-0.29289022,10.281521,1
21439,-0.7293043,6.9614096,2
21451,6.5979543,-1.4745511,2
21467,6.552329,-1.4981596,2
21469,6.6292925,-1.4609764,2
21502,16.774147,7.6392856,0
21503,-1.9231066,8.301685,1
21508,-8.968208,2.8014317,0
21509,14.341304,1.5323986,2
21521,17.934345,6.47565,0
21531,-0.21492879,10.693903,1
21534,1.0489515,8.055693,1
21564,0.8678442,8.772797,1
21599,16.827745,1.2196118,2
21601,16.121075,8.404267,0
21603,0.40224943,10.269468,1
21614,14.810898,2.3310153,2
21624,14.352311,1.9433805,2
21625,6.0309534,-0.99467707,2
21638,22.8583,4.5906386,0
21643,6.460533,-1.754424,2
21648,17.467152,7.470091,0
21649,14.520492,2.2771666,2
21662,-1.954168,8.424085,1
21664,6.1342998,-0.49298012,1
21677,6.064674,-0.8766394,2
21701,16.006504,8.431829,0
21712,16.060389,8.299209,0
21715,0.29951164,8.733139,1
21716,1.2860173,8.40994,1
21718,15.536804,1.2560226,2
21720,6.559158,-0.828799,2
21721,0.84530324,9.0089445,1
21743,6.350842,-0.87644434,2
21755,1.0508388,7.474505,1
21762,17.203918,1.327313,0
21763,7.1113977,-2.9564772,2
21775,4.8926697,-0.8995386,2
21789,6.95887,-3.5441163,2
21802,6.5017624,-1.815777,2
21815,6.9002438,-1.962079,2
21822,17.10539,1.4059696,0
21826,15.579569,2.2875748,2
21828,6.839596,-1.6835492,2
21839,6.881025,-1.569386,2
21856,-0.25793675,10.709911,1
21868,6.5194316,-1.2828511,2
21869,0.5534077,9.525997,1
21873,0.3869984,10.278436,1
21875,-0.70464814,6.816766,1
21880,5.4966555,-0.49774435,1
21894,13.742006,1.9306176,2
21896,1.0794632,8.879458,1
21898,1.1712539,8.16984,1
21910,16.249325,2.0520082,2
21911,0.82850647,8.838438,1
21915,16.370281,1.9392548,2
21923,0.06902112,10.765686,1
21924,5.038269,-0.8708328,2
21927,17.265131,7.743447,0
21930,5.4431643,-2.1464434,2
21933,13.971277,1.5233543,2
21939,22.931437,4.5874405,0
21942,5.388967,-0.69708717,2
21953,17.009092,7.478341,0
21963,16.834854,1.5112379,2
21977,1.18262,8.652888,1
21983,14.269857,2.231482,2
21995,5.046447,-1.2285801,2
21996,6.950258,-2.7144802,2
22003,6.1729836,-2.915434,2
22004,15.499957,2.4122756,2
22011,15.893355,2.1453197,2
22012,6.785636,-3.4530323,2
22017,6.117124,-0.8523421,2
22026,14.455053,1.3818152,2
22043,17.109444,1.341924,0
22044,5.493516,-2.3871458,2
22051,1.2777475,7.2121005,1
22054,15.381776,0.9148141,2
22056,-8.786226,2.6991951,0
22061,14.242532,1.4007204,2
22063,14.83381,1.5840439,2
22078,22.567778,4.7618623,0
22081,5.9569244,-3.121767,2
22089,15.2606125,1.2793219,2
22092,13.171068,2.293675,2
22103,6.4472523,-1.0875823,2
22124,5.6773133,-0.68441236,2
22140,4.9940963,-0.9032621,2
22141,0.92548776,9.077158,1
22157,16.108574,2.2454221,2
22163,5.87804,-2.8228803,2
22179,-0.16272233,10.680492,1
22191,0.08052464,10.394658,1
22222,0.93085474,8.419313,1
22225,7.0327325,-2.7511966,2
22232,1.0349247,8.334442,1
22236,17.426788,6.9265237,0
22244,15.365922,2.2078135,2
22253,5.9514303,-2.7742088,2
22254,1.1762184,7.7384934,1
22263,1.3150723,8.157318,1
22287,15.622582,2.2582006,2
22310,5.3120856,-2.1118214,2
22319,0.97715414,7.804927,1
22338,22.4674,4.313277,0
22342,5.475708,-0.44512844,1
22344,-2.0549185,9.190648,1
22356,14.8558035,2.3402271,2
22358,22.461857,4.362504,0
22361,13.104433,2.2015917,1
22363,4.9445915,-1.1485236,2
22372,6.880421,-2.010592,2
22382,0.412727,10.166164,1
22407,14.942028,1.2034099,2
22412,22.323313,4.2368264,0
22437,16.667858,7.8584275,0
22458,16.15429,1.091405,2
22465,1.2296712,7.7138457,1
22478,5.9629765,-3.034818,2
22483,1.1978625,8.292429,1
22490,6.5663147,-0.79749113,2
22499,-2.0660896,9.316149,1
22508,1.0768538,8.106781,1
22509,-0.022558285,9.652108,1
22510,6.03616,-2.9481304,2
22513,16.015934,8.500268,0
22515,16.602606,8.120838,0
22525,1.4580156,7.9242187,1
22531,6.2222853,-0.87076247,2
22538,22.757923,4.4728346,0
22555,7.4417295,-3.8230076,0
22561,6.3962445,-3.3460197,2
22566,-1.8013988,7.9732127,1
22577,14.306183,1.3284433,2
22578,5.896656,-0.59333354,2
22579,16.02367,1.0228924,2
22601,17.53206,6.864111,0
22635,16.021137,2.1164641,2
22644,15.719429,2.3334649,2
22649,7.066986,-2.4210818,2
22655,0.4451457,9.297555,1
22661,7.578804,-3.3605535,2
22668,0.5960894,10.010837,1
22672,1.2686298,7.976062,1
22673,7.4127264,-2.9604115,2
22681,-0.74008274,6.874728,2
22686,5.128412,-1.035297,2
22688,-1.9074816,8.994792,1
22727,1.3349143,8.503818,1
22743,6.516564,-1.476207,2
22751,-8.470348,2.9149003,0
22773,14.553278,1.3578296,2
22777,15.818639,2.148781,2
22779,15.758393,1.3168262,2
22780,0.7631148,9.563523,1
22794,17.405165,7.2227736,0
22798,13.295314,1.9348046,2
22805,13.206161,2.110551,2
22835,5.722015,-0.5360698,2
22841,15.984984,8.380013,0
22848,6.465126,-1.1312969,2
22857,1.0886893,6.573368,2
22869,1.0567186,8.574975,1
22876,6.5232525,-1.4276694,2
22893,1.258582,8.696732,1
22926,0.2483547,9.711781,1
22945,16.856367,7.619977,0
22949,23.249586,5.1633663,0
22968,0.9136413,7.7839456,1
22984,1.2793235,6.8784924,1
23013,5.395153,-0.35371754,1
23016,14.47115,1.4649626,2
23035,5.4679527,-0.40287644,1
23042,5.2852345,-2.171009,2
23044,7.302487,-3.14031,2
23052,15.239553,1.2543198,2
23053,5.0208015,-1.207425,2
23058,-0.47714186,17.30428,1
23070,6.0054436,-0.8196847,2
23081,5.9190397,-0.88399786,2
23082,23.10561,5.039179,0
23113,17.479753,7.240054,0
23118,5.006981,-1.2267239,2
23123,1.4995204,7.2659183,1
23135,6.50785,-1.7704294,2
23137,18.0913,6.6347327,0
23138,5.763769,-2.8474286,2
23144,-8.599222,2.9187717,0
23148,17.15574,7.498829,0
23157,-0.27416906,17.247929,1
23164,6.369564,-1.2857434,2
23170,7.2432594,-2.5101292,2
23204,5.6247625,-2.3470824,2
23205,6.3925896,-0.85157067,2
23212,13.779387,2.0864277,2
23226,6.089471,-0.91553974,2
23234,22.194988,4.151307,0
23245,23.31805,5.1113553,0
23247,6.053227,-2.9981344,2
23261,1.5198622,8.440221,1
23265,0.47496912,9.353743,1
23270,7.4784923,-3.2311144,2
23301,1.3684397,6.91114,2
23305,6.875943,-1.7728921,2
23311,7.109865,-2.8232312,2
23345,0.5213375,7.9023232,1
23360,6.7871256,-1.6633103,2
23373,17.003462,1.3558416,0
23399,1.276335,6.4200134,2
23415,14.933071,2.2706656,2
23416,18.160881,6.6559763,0
23426,1.1437582,6.6014357,2
23430,17.713041,7.0059395,0
23434,14.051201,2.1281264,2
23435,6.284931,-3.1136026,2
23445,16.275019,1.040315,2
23447,16.060322,2.0737529,2
23458,1.2736713,7.015821,1
23459,6.9446926,-2.0127673,2
23476,-1.2088864,7.2650056,1
23483,17.494213,6.841988,0
23496,6.9891047,-2.9015987,2
23501,22.84883,4.5850463,0
23507,5.4029207,-2.5045907,2
23509,6.7962418,-3.5540316,2
23517,1.2723888,7.781458,1
23524,1.6784458,7.855367,1
23527,15.793641,1.1445371,2
23530,1.4286275,8.360601,1
23533,23.259846,4.964537,0
23537,22.875914,4.646981,0
23551,1.3274027,8.24919,1
23558,16.011095,2.0844789,2
23576,-0.60076374,6.629813,2
23589,1.0741614,6.526358,2
23597,1.0827562,6.4982185,2
23600,16.334017,2.029172,2
23601,-1.2085708,7.19832,1
23636,23.050545,4.555854,0
23663,22.390814,4.262723,0
23666,6.961277,-3.6202538,2
23679,-1.9652779,8.005713,1
23731,0.35716727,10.13374,1
23732,5.0879035,-1.3022754,2
23736,0.4171428,17.19926,2
23744,-1.0745627,7.0830264,1
23745,-1.2299045,7.2122064,1
23749,13.509156,2.127663,2
23765,5.261811,-2.2719016,2
23766,18.227024,6.591076,0
23775,1.0346851,9.040406,1
23801,15.748786,2.1451735,2
23802,0.16992123,10.673151,1
23830,5.1929407,-2.099366,2
23838,17.453114,7.203994,0
23848,22.680515,4.541837,0
23850,6.9464383,-2.0684102,2
23875,15.6314125,2.3223386,2
23876,-1.5618477,7.7612815,1
23895,6.9127946,-3.6548722,2
23900,13.677454,1.8402201,2
23901,17.07298,7.4478273,0
23909,13.779967,1.6960783,2
23910,18.101656,6.9732223,0
23923,17.61309,7.1271834,0
23934,1.0617298,7.1640825,1
23949,23.154669,4.925099,0
23963,0.23559152,10.244792,1
23971,15.750974,2.199335,2
23982,13.4341,2.050387,2
23987,12.945423,2.2802515,1
23990,0.110256605,9.895491,1
23991,14.872509,2.1353495,2
24022,23.42924,5.5381355,0
24024,5.053615,-0.26530933,1
24054,0.70927376,10.125495,1
24061,6.5190763,-1.2488432,2
24084,16.362766,1.820515,0
24112,6.5675597,-1.2290049,2
24113,17.614334,7.383104,0
24115,1.1319809,6.8613796,2
24119,16.11186,1.1808912,2
24130,0.17429355,10.337744,1
24135,1.2378775,6.904548,1
24144,0.85192007,9.793056,1
24172,-9.16564,2.7294729,2
24181,7.203272,-2.2104254,2
24196,7.4069304,-2.8782485,2
24198,0.6529081,7.7586994,1
24204,16.050941,2.1099849,2
24212,4.9159455,-0.6889433,2
24233,1.0674628,7.8868523,1
24235,16.011826,8.471024,0
24252,7.2340565,-2.6143858,2
24254,16.35729,8.313075,0
24262,5.4459867,-1.7420223,2
24271,0.42305177,10.126659,1
24277,1.1801479,7.834676,1
24292,13.964797,1.5094067,2
24304,15.007514,1.1913623,2
24319,6.0233693,-3.0569696,2
24322,-1.0360467,7.0998793,1
24323,15.988147,1.077961,2
24333,16.300352,1.8025044,2
24335,6.823875,-1.2244387,2
24361,16.095596,0.9859514,2
24370,16.981104,7.6696553,0
24375,5.071757,-1.6370358,2
24377,1.5134209,7.8854995,1
24380,0.98200357,8.286222,1
24387,16.704063,8.050522,0
24395,1.0115374,8.989589,1
24396,1.3913776,8.421419,1
24406,17.132105,7.1588397,0
24410,14.654153,2.2312033,2
24418,17.721422,7.064352,0
24445,22.693224,4.645711,0
24451,13.968717,1.495145,2
24452,1.2862849,7.251134,1
24462,1.411216,8.714295,1
24496,1.4173825,6.85764,1
24505,-1.1608888,7.1701117,1
24522,17.229681,7.6920953,0
24528,-2.0353632,8.814075,1
24544,-1.4176611,7.4158463,1
24554,15.460541,1.0863583,2
24559,13.210771,1.9709454,2
24575,17.82598,6.891635,0
24596,12.98215,2.0652683,1
24601,6.9604416,-1.6069611,2
24603,17.43002,7.278023,0
24609,22.85599,4.6685176,0
24610,5.5730863,-2.671636,2
24612,15.87933,1.1655438,2
24643,-0.124955066,17.190235,1
24651,1.3448825,6.8966274,2
24653,13.447555,1.8194833,2
24654,5.0143538,-1.1360044,2
24658,0.6534519,9.330624,1
24674,1.0032743,9.284235,1
24686,6.063002,-0.57213175,2
24690,0.39460477,9.786421,1
24717,23.052568,5.0942564,0
24722,5.0959234,-1.9934047,2
24731,1.5651428,8.703052,1
24732,4.866599,-0.9909983,2
24739,14.521257,1.5275519,2
24763,5.763742,-2.7624676,2
24775,7.1475277,-2.3285785,2
24778,14.584936,2.0648596,2
24781,6.8288274,-3.4990366,2
24785,4.999916,-1.1086512,2
24827,0.026917266,10.37147,1
24830,1.243731,6.083734,2
24832,23.347069,5.1751018,0
24834,13.941773,2.18868,2
24855,-1.4092288,7.3333893,1
24858,5.399977,-2.5308173,2
24862,14.202747,1.2124195,2
24865,-2.1179297,9.12618,1
24867,23.04113,4.6732183,0
24881,-1.4467667,7.3237023,1
24891,14.512422,2.0575206,2
24897,4.946277,-0.8553024,1
24902,0.6028472,9.927543,1
24935,17.958475,6.7153015,0
24936,15.125435,1.8763276,2
24940,1.3831239,6.777031,1
24946,1.4871433,8.323954,1
24951,16.353266,8.324613,0
24954,16.046711,1.0906671,2
24955,5.565958,-0.4812314,1
24958,5.6953588,-2.756371,2
24962,14.328556,1.4039527,2
24978,-9.09073,2.799377,2
24988,17.277744,8.187954,0
25007,1.1919163,8.689093,1
25009,0.11444557,10.333732,1
25010,16.852047,7.896443,0
25015,5.924017,-0.5681507,2
25051,7.6187167,-3.7297823,0
25059,-0.088196434,17.15064,1
25065,1.5485876,8.670091,1
25074,22.317926,4.212591,0
25085,7.4415536,-3.4680424,0
25087,6.6910105,-1.6315006,2
25090,-8.6613655,2.7601569,0
25098,7.576344,-3.4320126,0
25101,17.648222,7.1089735,0
25104,15.408805,1.083086,2
25109,-0.36615247,10.538299,1
25118,14.155689,1.4064447,2
25124,13.6043415,1.7465076,2
25128,1.0766042,9.294579,1
25132,5.1228957,-1.9995544,2
25134,0.43390685,10.236923,1
25161,5.819841,-0.5173453,2
25162,5.089605,-1.8123487,2
25165,18.181763,6.3883314,0
25170,0.58934665,10.085549,1
25181,13.980732,2.1304736,2
25192,1.1678295,8.191772,1
25194,5.42755,-2.6227536,2
25212,-1.6711857,7.8881683,1
25222,1.3205397,6.812807,2
25227,16.017447,1.9778609,2
25234,23.096762,5.0006847,0
25247,15.01484,1.5578985,2
25250,15.280457,2.1154962,2
25251,17.217464,7.973895,0
25264,6.1493187,-0.6596172,2
25277,5.620075,-2.6543515,2
25289,6.2821736,-3.3120377,2
25305,-2.0700376,9.315785,1
25308,7.1523757,-2.0992568,2
25312,6.9664564,-3.6369736,2
25349,0.56708807,9.918912,1
25362,7.237681,-3.0714011,2
25364,6.2628975,-1.1021419,2
25371,6.672584,-1.1271807,2
25373,5.6393785,-2.7478263,2
25388,7.204291,-3.6992114,0
25394,15.409583,0.9587639,2
25397,12.777951,2.3201523,1
25399,18.185234,6.57294,0
25424,18.468678,6.1956587,0
25438,0.6620666,9.489369,1
25444,18.270348,6.397962,2
25459,14.420431,2.1698902,2
25470,1.5099411,8.273408,1
25477,17.759222,7.0418553,0
25479,-1.80583,8.096325,1
25482,0.63889146,9.729873,1
25488,5.060453,-2.008903,2
25494,0.57352364,10.455513,1
25514,-0.14209335,10.167802,1
25517,13.996449,1.4301344,2
25522,-0.45641267,6.5208597,2
25533,-0.58329356,17.355825,1
25553,17.562477,7.2313914,0
25555,5.8373885,-0.5366444,2
25576,1.290581,7.9526043,1
25602,-0.17853987,17.182737,1
25633,15.961994,1.2416351,2
25653,17.686357,7.1474543,0
25661,0.42408848,10.2008095,1
25662,23.130095,5.1902404,0
25663,0.0278166,10.657039,1
25673,6.679046,-1.1477873,2
25688,-1.5028828,7.27232,1
25690,17.447865,7.210335,0
25692,16.92366,7.7582746,0
25720,1.5982506,6.9721127,2
25721,0.51097715,9.856845,1
25727,-0.2824793,10.59194,1
25731,4.8543186,-1.0157667,2
25737,-2.0504844,9.418423,1
25740,-0.9492968,6.8926196,2
25743,-0.15719377,9.884313,1
25744,6.795815,-2.5273895,2
25753,1.4707716,8.05204,1
25759,0.92830884,9.453888,1
25776,17.780153,6.9849615,0
25782,-1.7107623,8.180192,1
25794,0.7841622,9.577345,1
25797,-1.1473289,7.0755067,2
25806,18.263592,6.578129,0
25809,18.210693,6.506606,0
25814,17.27025,7.04535,0
25817,0.23663434,10.496372,1
25820,0.66298825,9.954489,1
25825,4.920393,-1.0103976,2
25827,-8.588804,2.7841904,0
25829,1.4862133,8.300344,1
25834,15.215719,2.1854508,2
25841,4.97234,-0.5825228,2
25859,16.713387,8.054794,0
25871,15.760689,0.7656958,2
25880,5.043384,-0.28876784,1
25885,13.976849,1.3904756,2
25907,5.523644,-2.5602708,2
25930,0.7390174,10.126241,1
25933,16.252962,2.066176,2
25952,1.3269722,8.508127,1
25956,0.06864785,10.311704,1
25958,0.31860185,17.150625,2
25967,14.656096,2.1804123,2
25985,16.090948,1.8626287,2
25992,7.3137527,-2.812175,2
26002,7.1855493,-2.0620077,2
26010,13.77777,2.0867093,2
26055,1.3871385,8.310478,1
26060,16.957487,1.0642654,0
26081,-9.346095,2.5572712,2
26116,1.3504725,9.055749,1
26141,-2.1006947,9.320612,1
26163,5.8486953,-0.83945173,2
26203,7.063055,-3.69822,2
26212,-1.7492005,8.013822,1
26221,13.148102,2.1643083,2
26233,22.678017,4.6141076,0
26278,17.228966,1.2754089,0
26279,1.121619,7.6546955,1
26282,6.304397,-3.4186053,2
26286,-1.5560446,7.8522706,1
26287,6.468068,-0.9680801,2
26294,7.2220535,-2.6145766,2
26296,5.5027156,-2.2402222,2
26316,14.275157,2.1283064,2
26318,15.470085,1.2764521,2
26340,13.687985,1.6200341,2
26347,23.005054,5.012334,0
26361,15.139799,2.2364018,2
26366,16.922596,7.7723193,0
26377,17.549797,7.3718896,0
26379,1.4102321,6.839808,1
26389,1.5485321,7.2068663,1
26392,5.933693,-3.1158755,2
26397,4.963489,-1.1982943,2
26399,7.1736045,-2.0812542,2
26425,13.966509,1.5919542,2
26453,-9.3626175,2.550605,2
26457,1.3604373,8.494401,1
26471,15.592754,2.1967652,2
26479,7.282038,-3.0047781,2
26513,14.701964,1.1607977,2
26519,0.87355196,7.0963616,1
26525,-0.095372215,17.168148,2
26527,0.41115728,17.174261,2
26528,-1.8446612,7.657773,1
26544,6.252477,-0.84784186,2
26561,15.573206,1.8472309,2
26619,14.778789,1.27993,2
26622,17.639172,7.155435,0
26628,1.2058638,9.708067,1
26632,15.83663,0.923226,2
26646,23.1696,5.210042,0
26647,22.680172,4.3834085,0
26648,-9.254763,2.6079266,2
26651,6.443514,-1.192735,2
26652,-1.2820553,7.3222895,1
26653,16.362663,8.361478,0
26661,0.8988668,9.34342,1
26668,4.8670325,-1.12968,2
26695,1.5682578,7.619855,1
26700,-2.078889,8.276577,1
26703,1.0616705,7.8120613,1
26710,15.73469,1.000276,2
26723,0.9628044,9.351658,1
26728,4.7690845,-0.6042808,2
26733,22.457304,4.276704,0
26744,16.292,2.0262206,2
26750,6.243058,-3.2741878,2
26753,-1.9332168,7.7906117,1
26756,14.208538,1.3044474,2
26769,17.189785,1.2245033,0
26775,14.458059,1.1928858,2
26784,6.083375,-0.7372018,2
26785,0.023173762,10.666258,1
26787,6.6290355,-1.4292614,2
26789,-2.0536723,8.642426,1
26795,1.6004792,8.023586,1
26796,-0.020195283,17.118666,2
26805,17.505743,7.6019607,0
26814,17.624372,7.321113,0
26831,22.181246,4.1724663,2
26853,4.8528657,-0.7579809,2
26856,14.601001,2.1019025,2
26875,7.549447,-3.458159,0
26888,6.4777145,-1.1042042,2
26898,6.5567493,-1.097494,2
26909,18.46996,6.1929526,2
26910,17.64873,7.19805,0
26913,17.123703,1.1915576,0
26919,13.297157,1.8650812,2
26932,14.721252,2.0698962,2
26933,0.92834467,9.723751,1
26954,0.033555605,10.855299,1
26956,7.5314975,-3.2889695,2
26957,13.722372,1.4793295,2
26958,7.29703,-2.371864,2
26961,6.8035774,-1.294772,2
26975,5.608581,-0.400476,1
26976,7.412106,-3.7499006,0
26979,17.51656,7.3554535,0
26983,7.3907285,-2.8459573,2
27073,13.1551075,2.1266124,1
27074,0.7406227,7.790305,1
27089,16.960032,7.705391,0
27140,6.388665,-0.9616859,2
27146,22.75788,4.5558276,0
27151,-9.36943,2.5419717,1
27159,-9.357863,2.5511534,2
27164,17.167078,7.5235996,0
27181,16.186623,0.89510584,0
27193,-1.3131247,7.318145,1
27196,14.013644,2.2370865,2
27197,0.5148631,10.122196,1
27211,-0.38035882,10.59013,1
27220,1.1656873,9.202126,1
27228,17.537573,7.58713,0
27242,-1.7906576,8.2712345,1
27246,22.491234,4.3115053,0
27256,-0.45809582,17.289919,1
27266,5.894286,-3.0286713,2
27268,1.5418183,8.066918,1
27282,16.191776,8.45722,0
27289,1.1143113,8.685278,1
27290,-9.1490135,2.8153522,2
27291,18.178677,6.570321,0
27293,5.5155725,-0.41161412,2
27297,16.34719,1.9165012,2
27302,23.301718,5.6749587,0
27310,13.825188,1.3011956,2
27331,6.9153404,-1.5336794,2
27332,17.24442,7.996903,0
27356,4.838028,-1.1314226,2
27384,16.214943,8.652566,0
27392,22.383165,4.3264394,0
27399,7.580171,-3.1271079,2
27402,6.1771674,-0.8476459,2
27411,0.7722179,9.810249,1
27418,6.9346175,-1.6754105,2
27428,14.606828,1.1740402,2
27429,-1.9721426,8.0252905,1
27475,7.4465632,-3.7990177,0
27488,6.115175,-0.81435853,2
27507,-1.8131235,7.942089,1
27512,-1.9679161,8.36373,1
27522,1.2975085,8.351914,1
27524,1.5087441,8.084153,1
27531,5.7153473,-2.8550062,2
27542,16.01238,1.9932295,2
27560,-0.70410967,6.832607,2
27565,1.2595463,7.774482,1
27582,0.926751,7.9690127,1
27606,5.432849,-2.4573426,2
27616,-9.355022,2.5533447,2
27626,5.837245,-0.6266537,2
27640,5.694703,-2.8517272,2
27653,7.5069256,-3.2280102,2
27655,1.4081299,7.394467,1
27671,17.87175,7.0421677,0
27683,22.87972,4.989131,0
27695,-1.8600427,8.150524,1
27701,22.896797,4.8786073,0
27707,7.115158,-2.190235,2
27710,15.556344,1.1212854,2
27720,15.333758,2.178611,2
27726,1.5579202,7.43297,1
27734,4.889624,-1.1290472,2
27748,16.757183,8.317976,0
27764,6.2918105,-3.3586693,2
27772,4.972773,-1.0504233,2
27773,17.046963,7.7383385,0
27775,7.2489324,-2.2415054,2
27829,1.1368105,9.307931,1
27832,13.844356,1.4738172,2
27839,-0.6116693,6.609677,2
27845,4.836975,-0.5021984,2
27849,5.1405535,-2.356385,2
27883,5.4149003,-2.7020562,2
27885,-0.14185055,10.709454,1
27889,13.612427,1.4841472,2
27893,0.6910207,10.032755,1
27904,0.40392178,10.5587225,1
27918,14.432999,2.167079,2
27950,-1.6534138,7.4735475,1
27958,13.721149,1.6110228,2
27971,5.815525,-2.9201593,2
27976,16.120928,8.646546,0
27994,16.107302,8.535937,0
28000,6.5475383,-1.1095266,2
28004,1.0372158,8.610016,1
28015,0.76216626,9.886357,1
28017,7.3986497,-2.3555489,2
28025,23.40437,5.417587,0
28027,-2.0508816,9.346615,1
28034,16.937698,1.07448,0
28059,6.307477,-3.3829184,2
28063,1.5649215,8.236242,1
28082,1.3603728,8.382921,1
28093,1.4532106,7.4703975,1
28110,17.065376,7.832828,0
28114,15.391034,2.1526873,2
28116,0.16973929,10.402125,1
28117,23.28823,5.3778763,0
28123,1.2773731,6.0722184,2
28126,-0.48787025,6.5254307,2
28152,1.4641241,7.9528217,1
28162,1.5862349,8.561198,1
28164,17.679379,7.524074,0
28171,-1.5994744,7.619732,1
28180,-0.27494007,17.240889,1
28184,0.30036855,10.674517,1
28191,7.158031,-2.8724859,2
28195,1.5488212,8.1037245,1
28216,0.18201868,10.759903,1
28235,1.651034,8.492444,1
28236,18.269867,6.2844973,0
28239,7.6002975,-3.313983,2
28261,1.5957144,7.6034927,1
28268,5.3049607,-2.2604868,2
28280,13.4995365,2.1022346,2
28285,16.64564,8.249193,0
28308,7.165227,-2.0355694,2
28318,0.8752991,9.777743,1
28326,17.881634,7.0048423,0
28351,15.121596,0.9464811,2
28363,0.7530507,9.860902,1
28371,0.21218579,10.065656,1
28393,1.2582834,8.240314,1
28414,-2.2233922,9.211977,1
28422,0.86757666,7.1152205,1
28423,15.168901,0.97992915,2
28445,5.5707483,-2.9029698,2
28453,-2.0275147,7.777702,1
28469,-2.0781662,9.306945,1
28477,14.396901,1.4914085,2
28513,5.485422,-2.6945105,2
28529,1.2523043,6.260854,2
28562,-1.4285485,7.448838,1
28591,14.553853,2.0831976,2
28597,17.042576,1.1267772,0
28613,17.787214,7.1844845,0
28622,16.74376,8.02572,0
28626,13.871464,2.1216867,2
28637,13.8172865,1.9516314,2
28642,23.321566,5.7032857,0
28646,17.826742,7.2001133,0
28656,-2.065488,9.287798,1
28666,13.749315,1.4799184,2
28667,0.39381918,17.176146,2
28675,5.016064,-2.0335944,2
28678,22.39025,4.2916617,0
28713,14.29472,1.4116216,2
28726,7.1162806,-1.7087547,2
28730,6.806704,-1.2041352,2
28737,17.36003,7.9429784,0
28738,-2.0534182,8.299895,1
28743,16.669573,8.32927,0
28751,-1.5801464,7.429657,1
28759,6.8901153,-1.4544624,2
28771,-1.5570735,7.657463,1
28778,18.185074,6.624067,0
28779,23.322565,5.548474,0
28800,5.1748815,-2.204516,2
28810,7.2015514,-1.6766812,2
28829,-1.4477057,7.501004,1
28847,16.025845,2.0842147,2
28855,-8.657928,2.7884316,0
28858,-8.985192,2.8683686,2
28876,14.273304,1.3306619,2
28899,5.762314,-2.6899178,2
28907,17.729097,7.083123,0
28913,16.119608,8.560538,0
28930,-1.7651463,7.9059896,1
28944,15.5959835,1.1197431,2
28951,5.5017138,-2.7160823,2
28957,-2.078476,8.843416,1
28974,-2.0243287,8.203829,1
28988,0.3429652,10.655317,1
29002,-1.6713091,7.728522,1
29018,1.523835,7.1538815,2
29019,14.402621,1.1277701,2
29027,5.3723855,-2.214273,2
29034,7.5312757,-3.7904775,0
29038,15.6285305,0.96747214,2
29052,4.90743,-0.72838545,1
29057,0.86503595,9.328204,1
29064,13.865457,1.4253873,2
29088,1.5329119,8.2048235,1
29092,6.6062016,-1.3748976,2
29096,18.125135,6.674707,0
29138,14.158167,2.0536344,2
29201,17.327204,8.257429,0
29203,16.060446,0.95552397,2
29207,7.4039245,-2.539706,2
29210,14.792434,2.0622156,2
29213,22.777075,4.805526,0
29220,1.4978362,7.5707927,1
29225,6.5792737,-3.4959822,2
29230,1.4037313,8.21366,1
29233,16.682804,8.340833,0
29234,14.618843,2.089867,2
29235,1.6721882,8.333383,1
29249,14.560164,2.0820107,2
29259,5.746857,-0.5219599,1
29276,1.1489782,8.342463,1
29309,-2.1933494,9.080064,1
29367,6.564975,-1.1320069,2
29381,4.7964463,-1.0370845,2
29386,1.469606,8.060269,1
29404,6.143712,-3.4539347,2
29412,0.33147967,10.624521,1
29413,4.88863,-0.8241617,2
29425,18.521221,6.2579126,2
29427,14.447564,2.253844,2
29437,1.3853047,7.163122,2
29445,1.5612835,7.927919,1
29452,1.6179346,7.998665,1
29463,1.4060454,7.47542,1
29465,-1.782025,7.9157543,1
29475,23.083426,5.0269737,0
29485,-2.0199206,9.304808,1
29497,1.3812493,9.405583,1
29505,7.100483,-2.400929,2
29523,16.057241,1.0979302,2
29524,1.4736433,7.2874236,1
29546,1.525085,8.369005,1
29548,0.43870172,10.274568,1
29559,-0.43683657,17.268494,1
29562,6.3225894,-3.5491266,2
29563,17.604933,7.439567,0
29568,-1.8481326,7.613072,1
29575,5.019634,-2.0514648,2
29604,16.838005,7.920835,0
29610,6.2291493,-0.5922976,2
29614,1.2113273,7.67647,1
29627,-8.464647,2.9262135,0
29639,6.1680183,-3.2992055,2
29645,-9.331202,2.574326,2
29657,14.376932,1.2578957,2
29663,17.679632,7.5837064,0
29680,-2.1194313,8.901124,1
29699,5.6544604,-0.35900384,1
29707,5.4658093,-2.7595282,2
29713,14.089713,1.9060484,2
29719,5.747307,-0.57871383,2
29721,-2.1098669,9.351542,1
29733,1.5717438,8.690233,1
29734,16.664095,1.6003017,2
29736,1.1894951,9.247801,1
29761,16.760963,1.5026006,2
29771,1.1322522,9.253567,1
29779,-1.6233552,7.4413066,1
29781,17.279932,8.016179,0
29795,16.330635,1.8991394,2
29831,17.29352,7.7406054,0
29835,-2.0399795,8.07404,1
29838,17.457716,7.965948,0
29847,1.3544879,6.8157306,2
29858,16.04883,2.0602899,2
29901,5.4578233,-2.804602,2
29924,16.838339,1.4231908,0
29931,16.85591,8.003592,0
29934,1.5689605,8.013435,1
29943,17.143372,7.490538,0
29947,-2.1292381,9.000772,1
29955,15.522207,2.2825615,2
29963,17.216269,1.2067189,0
29965,1.634563,8.777201,1
29978,-0.15626758,10.802459,1
29982,17.446552,7.452957,0
29987,1.511262,8.262785,1
29988,5.9666204,-0.67268723,2
29989,-2.0786486,9.339875,1
29994,0.52176434,10.171428,1
29995,17.988186,7.0258756,0
30004,5.3798428,-2.6018445,2
30015,18.188929,6.986558,0
30029,1.397987,9.160918,1
30032,18.395967,6.3139334,0
30053,16.963829,7.681877,0
30059,0.20712513,17.143276,2
30071,-1.926384,7.9330277,1
30104,16.433744,1.6826363,2
30113,1.8757561,7.802393,1
30114,7.2612925,-3.735234,0
30129,-2.0531597,8.304559,1
30145,1.4409659,8.292069,1
30149,1.4503953,8.150754,1
30164,14.217502,1.9689837,2
30188,14.492297,1.7861768,2
30190,7.3773327,-2.8011038,2
30222,7.5313416,-3.1970968,2
30224,16.0769,1.0071083,2
30230,14.154387,1.9390156,2
30232,22.814842,4.749655,0
30233,15.064376,0.99317306,2
30243,17.479729,7.7567787,0
30246,16.554056,8.285843,0
30261,15.5578575,0.84853137,2
30274,6.0979447,-3.463086,2
30293,23.134077,5.128436,0
30301,1.1694751,6.4424114,2
30305,6.60743,-0.79069066,2
30306,15.661344,0.65441716,2
30335,1.747796,7.4784603,1
30343,22.812714,5.143118,0
30376,1.066824,9.411859,1
30411,0.7296902,10.473543,1
30414,1.3593065,7.988888,1
30444,-1.9548846,7.929258,1
30458,17.656057,7.588091,0
30469,22.24015,4.240284,0
30474,15.774627,1.9101238,2
30494,13.843622,1.4043646,2
30530,14.516674,2.1530774,2
30534,23.213196,5.3287654,0
30535,-2.220399,8.806522,1
30556,15.774271,0.82563686,2
30560,6.7389827,-1.0877137,2
30601,16.329239,8.406652,0
30609,-2.2096584,9.000157,1
30652,13.008751,2.2313933,1
30660,16.689774,8.1736,0
30674,0.30492586,10.620735,1
30677,14.186865,1.8883715,2
30701,16.959843,8.211837,0
30713,-0.82765096,6.743946,1
30717,7.5024137,-3.005247,2
30733,14.404707,1.2081109,2
30746,0.6852536,10.126077,1
30778,18.209818,7.1193457,0
30789,17.193579,7.4042068,0
30802,0.931952,7.8620896,1
30807,0.8733261,7.5988817,1
30833,1.6742572,8.491675,1
30846,16.532038,1.7098916,2
30858,13.866018,2.068962,2
30874,6.2554154,-3.3048542,2
30880,15.943502,2.0778375,2
30902,16.75329,0.94220525,2
30910,1.3839508,8.450252,1
30927,16.164581,1.7287678,2
30931,14.85155,2.0997896,2
30946,1.2148736,9.315842,1
30961,4.9153886,-0.8989243,2
30988,7.241755,-1.9955888,2
31013,-0.5984716,17.377853,1
31015,6.046554,-0.7769517,2
31018,-2.0999196,8.828877,1
31024,16.977057,7.7655807,0
31059,7.193512,-2.2008789,2
31060,4.9395914,-2.045633,2
31064,23.108461,4.930965,0
31073,6.9582467,-1.5040559,2
31078,14.658031,1.9440186,2
31092,4.95579,-0.5487111,2
31097,6.5576463,-1.0510712,2
31107,16.183065,0.8915042,2
31109,16.093494,8.549394,0
31117,22.594456,4.644949,0
31122,18.242289,6.890404,0
31124,5.5031104,-2.9114041,2
31139,12.847841,2.2680054,1
31160,1.183515,8.204421,1
31161,-0.0999591,17.16898,1
31169,14.533838,1.7297908,2
31170,0.026350517,10.823614,1
31178,13.081144,1.9617434,1
31186,18.308136,6.597879,0
31205,17.0063,7.9712076,0
31215,7.3012385,-2.037452,2
31230,5.702063,-0.3998716,2
31232,1.3151939,7.939374,1
31233,18.162477,6.8423142,0
31235,-2.1922998,9.23641,1
31236,-1.8904487,8.156337,1
31254,7.635082,-3.5199237,0
31264,16.469187,0.8923172,2
31266,5.4732575,-2.9319453,2
31283,14.425558,2.2130466,2
31287,22.835354,4.882969,0
31302,6.8364396,-1.6468797,2
31303,5.6622405,-3.0069704,2
31307,7.337609,-2.2199364,2
31350,16.550505,1.5358136,2
31356,1.6660037,7.549647,1
31360,18.252857,6.9348674,0
31369,1.4060218,7.491573,1
31373,1.6261936,8.278718,1
31383,-2.0817628,8.810914,1
31390,13.333662,1.6690611,2
31393,16.78614,8.086884,0
31405,5.138249,-2.0348554,2
31409,-2.1672215,9.159176,1
31414,17.15045,8.01212,0
31422,14.799855,1.2627375,2
31429,1.5543066,8.020042,1
31435,-1.6361647,7.7407947,1
31444,6.0485983,-3.3959923,2
31468,13.283669,1.7520173,2
31475,1.6545377,7.5192733,1
31503,-2.148969,8.729732,1
31508,16.119553,8.585819,0
31514,15.026886,0.8476146,2
31515,0.7493942,10.55383,1
31519,13.060504,2.0764067,1
31521,7.4801354,-3.1475465,2
31525,16.296156,8.351644,0
31558,1.3242016,7.5267744,1
31574,17.641094,7.5138116,0
31575,15.212293,0.9032373,2
31576,23.161062,5.283701,0
31580,-0.16896455,17.20396,1
31584,18.163317,7.0971613,0
31598,16.218853,1.9021356,2
31600,1.03407,9.399917,1
31609,14.43412,1.6932093,2
31613,14.732975,2.1041808,2
31627,-9.290202,2.5954452,2
31642,-2.0449378,9.247551,1
31647,6.1395373,-3.3697298,2
31654,14.990944,1.8537751,2
31663,14.547751,1.9735664,2
31664,-8.579969,2.9134629,0
31670,1.5972732,7.5881934,1
31676,13.92408,2.1290073,2
31685,16.199287,0.90314114,0
31691,15.095212,2.238057,2
31696,1.2948495,6.315365,2
31698,1.2674958,6.0644646,2
31707,14.5996895,1.6018968,2
31713,5.146496,-2.3073587,2
31721,18.404186,6.4665127,0
31724,1.4860235,7.2636003,2
31729,0.77219963,10.51438,1
31739,4.933436,-0.43648314,1
31753,17.688715,7.689265,0
31758,0.94035983,9.879069,1
31759,16.228067,8.493388,0
31760,22.372501,4.3983808,0
31761,22.16734,4.147192,2
31763,17.678867,7.5465364,0
31775,13.778815,2.094602,2
31799,16.511997,8.397532,0
31816,14.311179,1.8247516,2
31839,1.6210057,8.716727,1
31849,6.3062344,-0.7429688,2
31855,-0.9530401,7.064609,1
31891,14.7031355,1.6551197,2
31892,16.323153,1.8579247,2
31905,13.403952,1.6900005,1
31971,0.84926283,9.854878,1
31973,7.4108458,-2.8086066,2
31974,6.9594955,-1.4646769,2
31979,16.541353,8.297323,0
31984,17.303041,8.209262,0
31989,13.250279,2.0697553,2
31992,16.004044,1.9948452,2
32010,1.5031313,7.638257,1
32012,1.2396157,9.087795,1
32022,-1.5555624,7.5457935,1
32049,5.2375946,-2.7960148,2
32055,-1.9000487,7.790301,1
32081,17.976482,7.2161627,0
32088,23.183073,5.235583,0
32093,4.809153,-0.5948151,2
32123,14.129367,1.1370058,2
32163,7.2837906,-1.9588331,2
32175,7.6659174,-3.6193507,0
32177,14.86253,1.9415832,2
32183,-2.036339,9.164359,1
32204,1.665026,7.2110662,2
32220,17.018744,7.8336983,0
32230,7.5775476,-2.3476465,2
32261,0.009009486,10.43384,1
32264,0.5125683,9.448624,1
32269,4.9940796,-1.8257381,2
32299,0.8972568,9.830989,1
32312,16.722038,8.256475,0
32334,17.465513,7.9173775,0
32336,18.199856,7.1482296,0
32380,14.688517,1.148618,2
32401,6.994322,-1.6025999,2
32413,17.275747,7.999244,0
32424,7.4441533,-2.7939494,2
32430,6.165378,-0.5480069,2
32454,-0.21313256,10.784387,1
32479,13.951781,2.014775,2
32494,1.8033295,7.3547864,1
32503,1.3234874,7.7624736,1
32526,14.483508,1.2179335,2
32589,0.5782821,10.502474,1
32621,18.464138,6.318463,0
32631,1.5307441,6.974405,1
32641,-0.1652105,10.752325,1
32652,7.6333838,-3.699708,0
32656,15.764479,0.7095874,2
32672,15.197141,0.93558955,2
32704,1.7253321,8.466285,1
32722,0.5876881,10.050882,1
32723,6.216856,-0.68996125,2
32727,17.171312,1.164487,0
32734,15.592294,1.0689292,2
32737,1.3277742,6.400098,2
32742,0.34872663,17.165329,2
32743,6.9581094,-3.662777,0
32748,16.097239,1.3907727,2
32751,17.819613,7.319256,0
32752,16.65218,8.361963,0
32760,1.2652631,6.103556,2
32763,14.566429,1.1082745,2
32764,5.020069,-2.0808015,2
32769,14.014839,1.3639023,2
32793,17.627258,7.7467046,0
32807,14.647756,1.9489704,2
32827,14.417143,1.7049264,2
32831,6.7301884,-3.653216,2
32837,7.6390605,-3.7125592,0
32843,6.5596204,-0.7266786,2
32848,-1.9447974,8.200587,1
32854,16.048313,8.568065,0
32858,-0.07488791,10.678053,1
32860,17.66174,7.6274934,0
32862,-8.788736,2.8297858,0
32873,4.9825196,-1.8241851,2
32882,16.341959,1.8715384,2
32887,1.8318057,7.2561054,1
32889,16.5978,0.8604259,2
32890,-1.2623636,7.209517,1
32905,-1.5084598,7.45869,1
32938,18.552155,6.256369,0
32968,18.156557,7.151982,0
32972,-1.9415464,7.6520796,1
32983,1.4176707,9.528965,1
32985,5.411049,-2.5858154,2
32993,-1.6188905,7.6447625,1
33008,-1.9948407,8.367373,1
33010,14.966303,1.9988482,2
33023,0.9769058,9.747841,1
33025,13.38415,1.9892472,2
33065,0.07429934,10.750635,1
33068,1.6251007,8.737655,1
33078,1.1678294,9.430084,1
33081,17.544954,7.9445753,0
33089,5.019202,-0.9003422,2
33092,1.6331077,8.572533,1
33105,6.002841,-3.1046693,2
33108,1.5044641,7.386822,2
33112,13.948827,1.7278706,2
33119,5.0061975,-1.9458895,2
33127,7.5168056,-2.1526294,2
33131,5.6021066,-2.9016948,2
33143,6.4708505,-3.4884758,2
33171,5.449969,-0.292293,1
33187,7.0754967,-1.6209819,2
33222,0.2823077,10.614361,1
33239,5.233466,-2.5685525,2
33248,14.247527,1.9545549,2
33290,22.65607,4.9154263,0
33291,14.167817,1.9158943,2
33296,1.4987867,8.219717,1
33297,-2.1017919,8.937704,1
33298,17.163033,8.22497,0
33308,16.123114,8.616545,0
33310,22.98546,5.127723,0
33332,6.364848,-0.7470092,2
33339,1.5366367,9.465251,1
33364,16.253366,0.883146,0
33366,-2.1793935,9.411092,1
33381,-2.0172467,7.854449,1
33394,1.859442,7.1273513,1
33396,18.303291,7.094786,0
33400,15.739622,0.8849022,2
33402,1.0988147,9.55772,1
33413,1.5767415,7.076783,1
33437,17.648516,7.5917892,0
33446,1.5689939,8.667011,1
33447,6.502102,-0.68594563,2
33461,6.3333335,-0.9170918,2
33466,1.4336762,8.99333,1
33474,-1.826465,7.536454,1
33481,1.5171527,7.0586314,1
33499,1.1840794,9.466951,1
33533,-1.5376511,7.40945,1
33536,-0.24526739,10.798274,1
33540,4.9391317,-1.772132,2
33582,14.553973,1.2265996,2
33583,1.2718168,9.347741,1
33594,-0.72620827,6.7155232,2
33601,22.327787,4.320042,0
33604,-2.1110044,8.475898,1
33618,17.103495,1.177054,0
33638,0.9472998,9.498236,1
33640,-1.5307688,7.5584717,1
33653,14.350095,1.0279934,2
33662,15.073475,1.9296912,2
33666,5.3769684,-3.043135,2
33668,14.73016,0.92618823,2
33711,14.190883,1.3175654,2
33714,6.2365994,-3.448044,2
33718,0.8798341,10.017364,1
33722,5.0276246,-1.0799562,2
33723,6.450626,-0.60888696,2
33729,1.5207585,9.137545,1
33762,16.254166,1.9068993,2
33764,1.3442318,6.9419537,1
33777,14.733486,1.9768294,2
33802,0.29964423,10.293232,1
33807,6.2729626,-0.72141033,2
33816,-2.0669103,8.184846,1
33827,6.213991,-3.4871178,2
33830,-1.9592013,8.185849,1
33834,7.371285,-2.3353546,2
33841,1.1767231,9.33425,1
33848,14.649522,1.0720408,2
33851,18.19524,7.0106854,0
33863,7.525309,-3.1489718,2
33864,0.4364197,10.346243,1
33882,0.35592368,10.380304,1
33886,0.04359095,10.837984,1
33894,13.772837,1.7492429,2
33898,16.345654,0.7574491,2
33918,16.857208,7.91013,0
33948,-9.236177,2.6553226,2
33954,16.30198,1.7892069,2
33974,17.797495,7.63758,0
33975,16.08936,8.616037,0
33976,0.9477565,9.900775,1
33985,6.239222,-3.3220434,0
34035,6.348683,-3.6150956,2
34037,7.1910605,-2.9461448,2
34055,18.235567,6.733563,0
34058,5.0314,-1.3035372,2
34065,16.116137,8.582483,0
34079,7.4984136,-2.9801264,2
34080,17.671013,7.235953,0
34081,7.3201213,-1.9952105,2
34083,23.078821,5.286049,0
34092,22.140896,4.15504,2
34097,7.631939,-3.1476102,2
34099,14.135737,1.8645134,2
34106,17.526945,7.9582357,0
34112,16.87767,8.320043,0
34116,16.221989,8.677915,0
34126,17.436928,7.973148,0
34135,-1.9630297,7.8872375,1
34143,13.153556,1.9451722,2
34153,1.6207458,8.818976,1
34166,1.6639578,7.9649944,1
34167,6.5761786,-1.1183238,2
34169,4.8996634,-1.9485115,2
34172,1.5275083,8.57512,1
34184,12.802215,2.2859116,1
34186,6.8923826,-1.0756103,2
34187,16.14302,8.608922,0
34216,1.2507886,8.532458,1
34226,17.004353,7.9808187,0
34257,5.471008,-0.36608133,1
34259,6.704563,-1.3488288,2
34272,18.526373,6.262207,0
34273,15.791371,0.82038856,2
34277,0.3578286,10.673542,1
34298,-9.091654,2.7706244,2
34302,0.92921215,9.608859,1
34312,1.3714308,9.610273,1
34331,-1.6645702,7.484738,1
34337,17.412912,8.06484,0
34342,13.75046,1.3909161,2
34354,13.679513,1.3517166,2
34370,-2.23655,9.113677,1
34402,1.7620962,7.821814,1
34411,14.043813,1.8416047,2
34420,1.6008105,6.943772,1
34452,4.9113164,-0.8696736,2
34457,6.377011,-0.69119114,2
34475,-1.2801937,7.1478643,1
34495,16.976835,8.276039,0
34504,22.603176,4.4586926,0
34508,17.184015,7.74729,0
34512,7.5690727,-3.7795212,0
34515,18.321938,6.8317895,0
34520,1.714451,8.421649,1
34521,23.287539,5.770377,0
34526,17.0996,1.2264677,0
34546,4.7783885,-0.7704899,2
34548,-2.1962545,8.647366,1
34558,4.644045,-1.1992029,2
34566,1.6368212,8.679075,1
34573,16.801912,8.046596,0
34581,1.6090045,7.9798565,1
34600,5.217131,-2.6512916,2
34606,16.419138,0.9045653,0
34609,14.91393,1.7042819,2
34627,-0.10658855,17.179893,1
34630,1.5944562,7.7396655,1
34635,17.239887,8.32084,0
34636,1.5638603,6.998195,1
34646,15.134529,0.94393486,2
34654,7.2879663,-2.120991,2
34662,16.429014,0.91363156,2
34679,5.426816,-2.822568,2
34680,-1.9925407,7.921063,1
34688,7.350717,-2.1096551,2
34707,1.5771077,8.280893,1
34713,13.387355,1.6781828,2
34714,-9.283143,2.611097,2
34717,14.000017,2.0985801,2
34718,5.872194,-3.4013293,2
34735,15.816383,2.1484194,2
34742,-0.8644451,6.794399,2
34745,14.422693,1.648096,2
34750,6.4579744,-3.6032827,2
34753,13.417024,1.6660757,1
34754,7.5597663,-2.3863084,2
34757,18.332685,6.7997823,0
34780,7.3926263,-3.7174208,0
34783,1.8036934,7.391142,1
34809,0.9857132,9.7751045,1
34820,-0.049401928,10.824182,1
34821,1.7402514,8.649564,1
34836,13.645432,1.9787067,2
34843,0.5117701,10.662997,1
34844,13.929479,1.2611641,2
34849,7.671525,-3.57649,0
34862,7.1310635,-2.773306,2
34863,14.621971,1.2715322,2
34887,13.558013,1.5374418,2
34897,14.515216,2.050691,2
34915,-2.2321353,9.262123,1
34925,17.884142,7.112728,0
34926,1.7143313,7.80068,1
34927,16.986622,1.1581722,0
34935,0.11841752,10.910895,1
34939,13.29879,1.7260295,2
34946,5.3217225,-2.7481782,2
34953,16.255766,1.7198176,2
34959,6.027258,-0.45496643,2
34966,5.291073,-2.367107,2
34971,6.7860727,-3.559642,0
34973,5.3192244,-2.7452207,2
34996,14.289174,1.1122888,2
35001,1.1295277,9.4273205,1
35005,15.1815605,1.8706582,2
35010,16.011177,0.76806116,2
35045,0.039621092,10.695004,1
35057,-0.74006563,6.6956325,1
35063,6.848506,-1.4889739,2
35065,17.10005,7.7550483,0
35067,-1.8100193,7.673511,1
35068,14.54731,1.6512855,2
35076,-0.845056,6.817579,2
35077,1.5629811,7.3812017,1
35078,14.575036,1.8095056,2
35094,12.903254,2.1018195,1
35099,1.3542199,6.7186093,2
35101,0.2198021,10.757133,1
35117,0.0068622134,10.793638,1
35124,-2.1729283,9.371236,1
35130,16.636833,8.19122,0
35139,15.549043,0.6838628,2
35148,-0.015551573,10.492194,1
35161,13.274728,1.7585726,1
35164,15.6518135,0.7362384,2
35171,1.8935571,7.3615756,1
35172,1.5779428,8.419885,1
35181,-1.2746474,7.2295833,1
35193,1.6120007,8.511379,1
35195,1.2899058,6.355444,2
35212,1.808944,8.944042,1
35225,17.1073,1.1291497,0
35252,1.8321483,8.372178,1
35258,-2.1508222,9.209581,1
35262,12.883293,2.2058094,1
35271,1.7691965,8.739492,1
35297,22.562151,4.78679,0
35333,16.940025,8.33761,0
35341,0.39945403,17.178616,0
35353,16.848768,1.1002623,0
35388,-9.197291,2.6998184,2
35389,14.767353,1.735084,2
35406,15.7030735,0.61746573,2
35418,5.4493957,-3.054601,2
35423,5.21919,-2.6378818,2
35456,4.7873807,-0.6468984,2
35463,4.812087,-0.5961636,2
35504,1.2911806,6.2038336,2
35509,1.7019415,7.697639,1
35511,14.272176,1.7603408,2
35537,1.2674081,9.3837805,1
35552,4.690565,-1.123202,2
35556,4.934856,-0.39353588,1
35590,0.9750991,9.583448,1
35601,16.616083,1.0838246,2
35613,1.617199,7.611971,1
35614,17.999987,7.172667,0
35623,-1.5413545,7.5276246,1
35624,1.4406555,7.9265823,1
35629,18.22893,7.4242816,0
35632,-0.10850362,17.17934,1
35633,0.22723158,10.8423,1
35634,1.2296795,6.034905,2
35678,1.233738,6.0279827,2
35692,5.9039946,-0.42490125,2
35693,5.3342586,-2.698108,2
35698,16.4497,1.6083487,2
35709,1.566556,7.21645,1
35712,22.587257,4.783384,0
35723,1.3210055,7.6423326,1
35726,1.8997695,8.504774,1
35729,16.109118,8.652156,0
35744,1.2335426,8.79449,1
35746,1.6621941,9.148794,1
35749,1.4022111,6.6826487,1
35752,14.496315,1.1475472,2
35772,0.36795682,10.413802,1
35773,1.3166425,9.176108,1
35778,13.8108015,1.5014176,2
35783,1.4680758,8.986349,1
35784,-1.6835804,7.4046836,1
35793,17.002468,1.1249782,0
35795,5.4327526,-3.0702295,2
35800,14.427657,1.6570365,2
35804,22.791512,5.232153,0
35808,1.7962728,8.431038,1
35809,4.982227,-2.266616,2
35813,18.303537,7.002536,0
35818,13.49794,1.9120327,2
35830,7.25915,-1.8178626,2
35833,1.7288716,6.984303,2
35838,13.5383215,1.569659,2
35850,-1.8006061,7.5133667,1
35863,4.7293115,-0.8586985,1
35867,1.7447414,7.6241136,1
35869,7.4401546,-2.0038393,2
35885,6.087406,-3.1874652,2
35889,0.68591446,10.520969,1
35892,18.5035,6.2252245,2
35897,6.159868,-3.3120525,2
35906,1.4869412,7.3185134,1
35908,18.547869,6.2983747,2
35919,0.97704047,10.129049,1
35930,0.10148953,10.7030525,1
35934,1.6345252,7.5106425,1
35935,22.303596,4.252869,0
35949,-1.8316706,7.686461,1
35954,-8.501189,2.9170272,0
35969,22.733833,5.151993,0
35977,1.6115541,9.190237,1
35986,14.28494,1.0342121,2
35989,13.517001,1.7844751,2
35992,17.26944,7.4896293,0
36006,17.850235,7.5624766,0
36007,-8.471187,2.9215333,0
36009,6.1681123,-3.3942358,2
36024,18.182114,7.447512,0
36028,1.6912235,7.187237,1
36039,17.249287,7.511546,0
36046,1.8175088,6.900416,2
36053,13.32714,1.7469699,2
36060,14.768932,0.84156394,2
36072,15.768377,0.7665481,2
36080,5.7523584,-0.28698185,2
36081,13.94932,1.3011876,2
36084,0.7888314,9.908811,1
36093,-0.79534936,6.7244925,1
36095,22.51206,4.6337385,0
36097,6.1921244,-3.6079643,2
36100,1.0359167,9.497956,1
36103,16.113754,0.93543464,2
36119,16.188969,8.639489,0
36127,0.17700581,10.56952,1
36141,7.370887,-2.7587476,2
36150,14.166922,1.8587905,2
36162,17.97179,7.1384735,0
36184,18.032501,7.530226,0
36190,1.6677406,8.840573,1
36194,16.732693,8.307514,0
36218,6.2738237,-3.6347573,2
36252,16.98174,1.1932342,0
36258,14.204679,1.0917158,2
36281,-9.075227,2.7869883,2
36284,16.938055,0.9480154,0
36285,6.7515574,-0.7676954,2
36287,0.7711311,10.453377,1
36289,-8.600082,2.7889292,0
36317,1.4523789,8.182122,1
36324,22.210861,4.21763,0
36327,17.31516,8.280414,0
36330,14.403876,1.0457824,2
36337,7.1720343,-3.7664516,0
36365,17.429699,8.041205,0
36366,15.153809,0.82286423,2
36377,5.2263393,-2.7306952,2
36382,-8.4931135,2.93587,0
36386,7.3005185,-3.1759312,0
36391,1.4339725,6.359881,2
36402,-0.014003201,10.728192,1
36413,14.559466,1.2661643,2
36414,15.118519,0.84450626,2
36426,13.82098,1.195637,2
36433,16.534092,8.188841,0
36470,-1.5470022,7.348612,1
36481,-1.0470444,6.981388,2
36507,17.000849,1.1344776,0
36518,0.88446355,10.225552,1
36531,0.91078883,9.917329,1
36542,7.535151,-3.1368558,2
36553,1.2861149,6.1020355,2
36562,-8.879929,2.7960901,0
36567,17.20101,8.318498,0
36569,6.1661696,-0.64532536,2
36571,1.6569277,7.9343224,1
36574,1.5714643,7.473026,1
36581,17.227964,1.1248573,0
36605,15.361693,1.0788757,2
36630,1.6995807,8.4135065,1
36652,-0.068920985,17.145327,2
36657,13.646094,1.4359211,2
36681,1.046069,9.459236,1
36683,16.883455,1.01519,2
36684,1.2890339,6.711984,2
36688,-1.7878394,7.4732795,1
36694,-2.0414217,7.935421,1
36706,16.620537,1.4460956,0
36717,16.09874,8.619405,0
36733,5.163767,-2.6010268,2
36752,-2.1186268,8.137501,1
36765,-2.0330534,9.224027,1
36778,0.3697282,10.206897,1
36784,1.3948832,6.7911487,2
36801,5.130288,-2.5621428,2
36824,1.4381033,6.622471,2
36840,18.50862,6.3577056,0
36847,0.23289831,10.862649,1
36852,-9.073189,2.8325703,0
36862,17.146822,8.214139,0
36877,1.6376362,7.640389,1
36881,1.696823,8.885582,1
36919,17.831419,7.8282485,0
36927,5.1396866,-2.6033483,2
36934,18.250994,7.522607,0
36937,5.504291,-2.8277252,2
36954,1.7745998,8.856054,1
36973,6.132889,-0.5508915,2
36990,6.7372794,-3.6107256,0
36993,0.17916264,10.786843,1
36994,1.5867171,9.119317,1
37003,16.929672,0.99650604,0
37004,13.521878,1.446017,2
37006,16.550734,1.5028137,2
37015,1.7896026,8.594107,1
37045,-1.8588588,7.606785,1
37057,15.019426,1.0076208,2
37061,16.316992,1.7876313,2
37073,5.3168497,-2.811828,2
37081,1.4252174,7.114058,2
37095,5.0973296,-2.446918,2
37096,16.14997,0.73657477,2
37122,17.934128,7.5515466,0
37125,4.789853,-0.5208845,2
37134,1.7469279,7.273412,1
37149,16.151047,2.0019672,2
37155,15.352475,0.8215765,2
37161,5.129166,-2.761629,2
37162,17.855415,7.1153517,0
37171,14.554225,1.9166523,2
37174,17.002918,7.8477535,0
37180,-2.0586762,8.3030205,1
37192,6.497008,-0.8970907,2
37197,5.427935,-2.8185751,2
37207,5.0300274,-2.3014305,2
37212,1.555725,8.389242,1
37224,1.8437535,7.570951,1
37230,13.382367,1.5715791,2
37250,7.701633,-3.6252196,0
37277,0.84031063,9.922841,1
37280,14.581416,1.0403883,2
37290,15.8438225,1.0071994,2
37297,1.2139126,9.45404,1
37305,-2.073989,8.550329,1
37316,16.269125,1.8827541,2
37333,7.455617,-2.7905364,2
37341,17.771486,7.6238804,0
37343,5.2664323,-2.7639797,2
37354,18.365067,6.9952016,0
37372,-8.707334,2.794802,0
37380,-2.020779,7.888474,1
37384,14.914112,0.8899825,2
37391,6.928626,-3.71115,2
37403,15.900708,0.74312687,2
37422,1.829309,6.9826064,1
37443,15.22985,0.7932002,2
37456,1.598615,7.1670914,1
37479,7.3422017,-2.066915,2
37481,15.816336,0.6946177,2
37487,7.3132443,-1.9435352,2
37508,-2.0922089,7.951835,1
37511,16.822416,8.05648,0
37536,6.7264075,-3.5803356,2
37549,7.329379,-1.9010781,2
37561,1.7313694,8.861069,1
37570,17.820375,7.6321554,0
37575,16.853043,1.002811,2
37586,5.2870345,-2.8116446,2
37590,14.654101,1.7059159,2
37607,0.49653193,10.641257,1
37613,1.7090094,8.538038,1
37651,0.4985252,10.56189,1
37658,0.9984051,9.683101,1
37660,22.434532,4.5973425,0
37665,7.528231,-3.7874315,0
37685,1.6440481,8.708172,1
37688,13.502552,1.508766,2
37697,17.236727,8.264421,0
37706,-8.682794,2.7621672,0
37713,-9.308434,2.5806975,2
37716,6.460173,-0.62460804,2
37727,1.8286777,8.429328,1
37728,15.698579,0.6846906,2
37729,17.343906,7.434155,0
37732,7.516216,-2.3931322,2
37734,17.159021,7.756796,0
37740,13.751761,1.7309521,2
37749,14.372307,1.740725,2
37769,5.6067133,-3.1778262,2
37785,1.8690699,7.185735,1
37789,4.9179187,-1.8217958,2
37797,1.7198572,7.6806064,2
37800,1.4491549,6.6711473,2
37807,15.686786,0.7738088,2
37811,14.033636,1.2226367,2
37832,15.95821,1.830567,2
37853,6.8902,-1.2416983,2
37854,14.220371,1.0923401,2
37860,6.063426,-0.38058195,2
37868,5.7120566,-0.39091355,1
37873,4.7284327,-0.5955308,2
37883,-0.9088443,6.8126426,2
37885,0.85233575,10.360082,1
37902,4.9657884,-2.2183576,2
37918,-0.5031717,17.309767,1
37939,7.6383038,-3.672778,0
37941,5.34719,-2.7802734,2
37956,1.5521715,7.484969,1
37957,-2.1347523,9.345167,1
37979,13.639798,1.7110095,2
37986,0.7221056,10.425535,1
38003,0.14724906,10.812636,1
38014,7.543632,-2.8806512,2
38018,-1.6031368,7.3385696,1
38026,6.304098,-0.5793887,2
38028,0.102368526,10.625774,1
38036,17.193268,7.8193774,0
38039,16.9929,7.917101,0
38041,1.4541475,7.6612024,1
38047,17.845554,7.744548,0
38054,15.843802,0.93765676,2
38056,1.7308649,8.894723,1
38060,16.260803,0.78867877,2
38082,22.705437,4.469687,0
38086,23.019352,5.2500086,0
38106,18.11061,6.9422507,0
38111,6.3706594,-3.56546,2
38117,15.339793,0.83215946,2
38148,16.325356,0.74394846,2
38150,5.85427,-3.398116,2
38152,1.977833,7.3157334,1
38153,4.942023,-0.21305901,1
38162,15.329949,0.8430593,2
38177,5.4167314,-2.945404,2
38187,4.7908797,-0.78323805,2
38189,1.1673192,9.426992,1
38190,16.906593,8.023622,0
38215,1.4855872,9.369777,1
38223,13.607189,1.4637077,2
38226,17.663916,7.805149,0
38230,1.4926499,9.173759,1
38245,12.850636,2.1073554,1
38248,17.415936,8.06047,0
38254,14.487415,1.9070302,2
38265,-1.8405026,7.3940463,1
38266,4.795967,-0.67763495,1
38269,13.969632,1.7725823,2
38292,0.17020218,10.822827,1
38295,13.151497,1.9433966,2
38303,7.1058946,-1.3926508,2
38315,1.226278,9.076887,1
38324,14.615132,1.0501719,2
38347,7.5115705,-2.4370415,2
38354,7.536624,-3.4259734,0
38361,1.8568112,7.609948,1
38372,1.1304477,9.606152,1
38393,7.3397026,-2.2297466,2
38407,13.619782,1.8571451,2
38418,14.38135,1.9165807,2
38421,14.972648,0.8509514,2
38434,13.859575,1.2731721,2
38435,5.8543477,-3.2516766,2
38444,-1.6508936,7.4515657,1
38461,1.3275503,6.443796,2
38476,1.5607244,9.06405,1
38478,14.053951,1.2106127,2
38479,13.013076,1.9741598,1
38481,1.5294764,9.077302,1
38485,18.06892,7.2375817,0
38499,4.710856,-1.0867181,2
38505,4.856614,-1.4614184,2
38508,1.4025112,6.556633,2
38519,0.36918995,10.8135805,1
38520,22.921999,5.337364,0
38527,17.871838,7.217997,0
38529,1.4285843,7.125844,1
38558,15.813622,0.70094424,2
38562,17.643599,7.719424,0
38566,16.25714,1.8393332,2
38591,0.6224402,10.455521,1
38592,1.677818,8.879878,1
38600,15.1242075,0.7698391,2
38608,16.693363,0.93921435,0
38626,13.87228,1.5457668,2
38658,13.679784,1.7210011,2
38666,14.130951,1.1140697,2
38671,16.44187,0.94700867,2
38687,13.932993,1.1359181,2
38689,0.82154506,10.336551,1
38697,16.297396,1.7905158,0
38700,-9.103268,2.8324187,2
38709,-2.1737897,8.058745,1
38722,-2.119153,9.101924,1
38726,-1.9241836,7.5711055,1
38728,4.9653444,-0.31618237,1
38764,22.45236,4.8614254,0
38774,0.13097896,10.898014,1
38793,7.478111,-2.0371716,2
38822,16.144875,8.60632,0
38842,16.06263,1.7694008,2
38844,1.674763,7.794158,1
38865,18.54347,6.2916603,2
38881,16.780834,8.306815,0
38894,6.143041,-0.40053454,2
38904,4.783094,-1.0023744,2
38909,1.7586312,7.7381115,1
38911,13.332931,1.6758674,2
38919,1.221172,6.0281353,2
38920,1.0975779,9.718851,1
38924,6.6256466,-0.958526,2
38928,1.6602542,8.804055,1
38934,22.504574,4.8696675,0
38935,16.41001,0.79749393,2
38949,1.4185779,6.7474523,2
39011,17.141985,1.0486641,0
39016,13.094797,1.8390821,1
39017,18.532045,6.3011355,0
39045,15.0296,0.8102255,2
39046,14.601276,1.6805921,2
39059,13.5537615,1.5008185,2
39064,1.309855,9.71483,1
39070,5.7332225,-3.2264402,2
39079,16.177351,8.629936,0
39093,16.344168,1.7951669,2
39096,22.694437,5.25706,0
39108,6.4644628,-0.7984321,2
39125,0.61426014,10.638006,1
39131,17.84845,7.310756,0
39137,1.430371,6.490697,1
39149,17.235176,8.423982,0
39152,4.7578325,-0.5621403,1
39159,0.1923209,10.832164,1
39160,1.5689992,9.3491,1
39169,-1.0552167,6.8900604,1
39176,7.638061,-3.2592332,0
39182,17.778757,7.8828692,0
39183,13.174353,1.7956421,2
39184,-2.1392279,9.437488,1
39190,17.203388,8.363711,0
39197,1.6050439,9.021175,1
39203,6.280474,-0.549099,2
39204,16.424894,1.3123767,2
39206,1.1755997,9.514141,1
39209,17.746416,7.8389454,0
39210,7.367953,-2.0496004,2
39226,1.9346417,7.709438,1
39235,7.61363,-2.40195,2
39240,-9.415608,2.5086768,1
39241,13.307849,1.8475688,2
39242,5.1982956,-2.7687764,2
39261,18.261557,7.289568,0
39263,5.347363,-3.0276172,2
39283,18.153921,7.503042,0
39291,1.5047354,9.25316,1
39295,13.934994,1.6982926,2
39309,6.6210694,-3.6735187,2
39313,16.098637,8.623389,0
39320,5.131904,-2.6880002,2
39325,17.461529,7.7050877,0
39327,1.8234802,8.936904,1
39334,18.424694,6.4128838,0
39336,6.206689,-3.5541823,2
39353,23.007639,5.2085223,0
39354,5.205426,-2.8731627,2
39360,0.65840864,10.630381,1
39367,13.033273,1.9358274,1
39378,5.6746864,-0.30936682,1
39390,1.6763347,6.8803782,2
39392,1.5331618,9.387145,1
39407,-1.6751949,7.366157,1
39417,-2.1769173,9.295733,1
39429,1.433922,6.4957037,2
39434,1.4999244,9.479268,1
39455,-2.2532892,9.05765,1
39460,7.281912,-1.8365381,2
39464,6.9667673,-1.3861685,2
39465,23.078938,5.356854,0
39467,16.943493,8.446861,0
39475,-0.021811409,17.150618,2
39495,1.5346812,9.390178,1
39499,17.047379,8.1656885,0
39522,17.250298,7.507784,0
39526,22.647396,4.99241,0
39543,1.8656589,6.981734,1
39554,22.27008,4.3332663,0
39562,14.788029,0.92856216,2
39571,6.668333,-0.8756073,2
39573,17.678116,7.7483654,0
39575,1.3990848,6.519669,2
39576,14.731695,1.0077685,2
39591,-0.82229763,6.74642,1
39597,17.083427,8.380656,0
39606,5.613751,-0.2993942,2
39621,1.5615262,9.422481,1
39624,18.46103,6.847236,0
39639,1.7754635,8.704282,1
39641,-2.00985,7.6450768,1
39686,1.7999748,9.001729,1
39694,1.415654,7.244019,1
39704,17.284252,8.342407,0
39713,18.256212,7.2532306,0
39715,14.014833,2.1143951,2
39716,22.614857,4.8693566,0
39723,0.68362695,10.516019,1
39728,1.5580744,9.24595,1
39741,-2.257313,8.975117,1
39757,16.22131,0.7854649,2
39759,-0.098621316,10.855612,1
39765,1.8494278,8.293646,1
39774,7.4058204,-2.054141,2
39789,6.1282644,-0.49878663,2
39804,0.6589376,10.496645,1
39839,22.219803,4.198245,2
39858,16.670776,1.4440614,0
39862,14.721262,1.5867265,2
39883,14.344126,2.010515,2
39887,-2.1792347,8.905266,1
39895,7.42255,-2.1904805,2
39934,17.400177,8.226721,0
39947,5.931632,-3.4540873,2
39959,13.446151,1.4914376,2
39974,5.6232305,-0.36585099,1
39987,1.4339219,6.5324345,2
39990,-1.6711122,7.2943153,1
40048,18.241108,7.1358714,0
40063,15.151047,0.8105239,2
40090,-8.845827,2.6952555,0
40103,16.00924,1.8509359,2
40106,16.150724,1.7140483,2
40127,7.535406,-2.3875847,2
40139,16.189106,8.641801,0
40141,17.011694,8.006006,0
40145,7.31024,-2.0247767,2
40146,16.806728,8.422491,0
40155,-2.10974,9.303568,1
40162,13.752455,1.2134875,2
40163,1.7545086,6.9166985,1
40164,16.977606,8.142651,0
40203,14.452359,0.97839206,2
40216,14.6617,1.6055491,2
40240,7.6324425,-2.6021638,2
40244,17.496592,8.016584,0
40248,23.177162,5.5673947,0
40250,14.727116,2.0209029,2
40251,1.7279034,9.034492,1
40252,0.94921714,9.9172,1
40257,16.311754,1.6407965,2
40266,18.052788,7.162611,0
40270,1.5886614,9.452769,1
40278,22.747026,4.9635596,0
40280,1.529406,7.8080254,1
40286,18.009619,7.498169,0
40300,-9.349005,2.560805,2
40303,14.190816,2.0346048,2
40309,18.163977,7.3438406,0
40324,6.739253,-1.1489334,2
40336,7.519514,-2.0766516,2
40338,5.8168845,-3.4117672,2
40340,23.175503,5.6291666,0
40350,6.078283,-3.4689772,2
40358,17.037704,8.400766,0
40362,1.8089345,7.4123,2
40399,14.744415,0.85848767,2
40409,16.282904,1.7111166,2
40433,1.151333,9.654809,1
40465,12.993864,1.9826487,1
40474,15.558632,0.7229034,2
40478,4.855336,-0.6506276,1
40496,22.383762,4.4462247,0
40499,14.103937,1.1202824,2
40535,1.7179991,7.988353,1
40545,-0.12605669,10.870154,1
40550,-0.8585044,6.7362423,1
40560,6.587456,-0.9347175,2
40563,17.282673,8.318185,0
40566,16.385628,1.7135006,2
40574,14.409445,1.5135897,2
40578,1.5036906,6.974497,1
40615,1.6333034,7.5856137,1
40646,1.3910527,6.3408914,2
40648,0.18198015,10.893699,1
40653,-2.1459024,7.7409234,1
40656,-0.57726747,6.537431,2
40672,16.225777,8.708759,0
40696,1.8997849,8.575099,1
40704,6.6357527,-0.71819955,2
40730,-1.1524119,7.004034,1
40731,-2.2749846,9.269113,1
40755,22.59834,4.836148,0
40757,1.6835078,8.541586,1
40785,-2.017086,7.6134477,1
40795,16.267555,1.577659,2
40799,7.589835,-3.7837567,0
40801,1.4398214,7.2260413,1
40803,1.671665,7.9446173,1
40814,-2.0650446,7.547282,1
40816,-1.6790346,7.3427567,1
40819,13.525773,1.8651388,2
40857,1.1815284,9.529652,1
40864,-2.2760475,9.004065,1
40879,0.87030953,10.275878,1
40888,-8.634368,2.7834518,0
40890,1.5996486,8.830377,1
40911,18.562212,6.397545,0
40912,14.9406805,1.63085,2
40918,18.367903,6.613233,0
40919,15.167384,0.72550935,2
40921,7.486351,-2.008354,2
40932,16.202377,8.667393,0
40940,1.8720806,7.2449274,1
40941,1.5498941,9.5210495,1
40953,7.6080456,-2.2322454,2
40962,17.765759,7.7080035,0
40966,14.197339,1.0555972,2
40979,22.687048,4.745363,0
40987,13.552426,1.7407693,2
41016,17.179806,1.0967193,0
41019,1.7848151,8.85483,1
41033,22.726608,5.1690555,0
41043,12.982974,2.0421596,1
41049,18.362251,6.808643,0
41065,14.006729,1.3165376,2
41072,5.4536457,-2.9775147,2
41084,-9.2234745,2.6317544,2
41092,1.8531268,8.136328,1
41097,6.6947956,-0.91840166,2
41115,7.4201794,-2.285308,2
41125,4.713989,-0.79866064,2
41137,7.6450577,-3.6651978,0
41148,14.444909,1.6682584,2
41157,1.6820879,9.0790825,1
41162,14.842664,1.7410221,2
41169,6.5546527,-0.9925041,2
41172,1.5736859,8.94706,1
41176,14.161419,1.2275571,2
41188,13.719265,1.304741,2
41197,1.4727644,8.808668,1
41205,-1.8050251,7.2856603,1
41209,1.8781999,7.278448,1
41213,-1.8104275,8.127565,1
41226,7.230246,-3.729829,0
41230,1.6797897,7.515392,1
41233,7.4151487,-2.04126,2
41234,16.208023,1.7991202,2
41238,0.29461038,10.713878,1
41242,17.544548,8.153317,0
41258,14.5384655,1.7578688,2
41289,22.594793,4.8822336,0
41290,15.647543,0.7386289,2
41344,0.04729764,10.871048,1
41348,-8.579061,2.9140272,0
41350,18.205074,7.137693,0
41351,4.7315774,-1.1046056,2
41364,-2.225436,9.11883,1
41383,1.5584197,9.456864,1
41413,16.777676,8.567892,0
41431,5.894209,-0.4234155,2
41440,17.23215,8.32035,0
41453,18.32441,7.261695,0
41476,22.904236,5.2500043,0
41483,22.808632,5.0927644,0
41484,0.54322696,6.104922,2
41506,14.309652,1.9338225,2
41512,-9.222451,2.6975431,2
41522,-0.62084186,6.6171117,2
41529,7.657887,-3.266979,2
41534,0.3774167,10.583922,1
41538,1.911787,8.479703,1
41546,4.7406373,-1.0832839,2
41553,16.60515,0.87210846,2
41556,16.376163,1.8290536,2
41557,18.554071,6.5806723,0
41560,1.2457222,6.0145693,2
41564,23.053541,5.7084703,0
41566,-9.011733,2.8625169,0
41575,16.300993,0.79074925,2
41577,0.02115291,10.802822,1
41586,4.8714037,-1.5602301,2
41598,16.63124,0.899103,0
41608,7.6746693,-3.5907369,0
41612,7.566168,-2.9170372,2
41621,1.9302486,7.2380667,1
41631,7.476977,-2.928798,2
41642,13.429249,1.5561768,2
41654,14.522942,0.9657696,2
41655,6.5952888,-0.6494766,2
41661,16.342775,1.7256179,2
41667,18.199987,7.304225,0
41681,18.231491,7.4969,0
41695,15.623515,0.68973386,2
41697,16.08675,0.8745176,2
41708,1.3005346,9.177966,1
41725,6.923087,-1.0963017,2
41737,13.6901045,1.2537317,2
41744,-0.4729585,6.4719195,2
41746,17.057201,8.440311,0
41753,-2.0460844,7.835499,1
41771,-2.1020691,8.757907,1
41778,16.145082,8.590215,0
41798,1.1151532,9.53086,1
41806,23.205467,5.631309,0
41807,1.9647222,8.199246,1
41827,14.992239,1.53993,2
41857,1.7438921,8.421395,1
41861,-1.8103731,7.483945,1
41864,7.5503974,-2.1047845,2
41877,13.488443,1.718653,1
41881,5.0347657,-2.5968626,2
41885,4.6379166,-1.0158283,2
41908,15.160399,1.9457153,2
41920,-1.9813069,7.476521,1
41928,1.9528271,7.334929,1
41932,16.695103,1.0234169,2
41935,16.90952,0.96089095,0
41939,15.407654,0.8227683,2
41945,5.3914633,-3.1124341,2
41967,14.108762,1.7659363,2
41968,16.120779,1.8433366,2
41969,1.5885198,9.344688,1
41972,1.0966095,9.458745,1
41977,17.474003,8.1305485,0
42004,18.152721,7.4518404,0
42007,15.595005,0.7525945,2
42018,1.6397275,7.0991263,2
42024,7.4479566,-2.1669836,2
42032,13.870732,1.861163,2
42065,-9.067854,2.7931132,0
42069,7.410721,-1.8603718,2
42080,1.824746,7.806902,1
42106,6.455519,-0.5945916,2
42120,14.508504,1.5843097,2
42150,5.0152636,-2.4648757,2
42161,5.543928,-0.17876089,2
42165,18.281418,7.4023814,0
42168,14.741046,1.5978706,2
42170,0.7296735,10.576147,1
42200,18.129606,7.3697753,0
42224,5.4830575,-0.24335219,1
42237,1.6651031,9.24843,1
42240,15.731691,1.7414153,2
42246,14.27447,1.8546404,2
42261,22.711899,5.2288194,0
42281,14.409057,0.9846562,2
42286,5.772331,-3.279438,2
42288,13.486318,1.729702,2
42331,16.288504,1.7009991,0
42356,13.457564,1.0591587,2
42358,14.731561,0.82304776,2
42372,13.4012,1.5805163,2
42387,16.266499,1.8653325,2
42395,23.241823,5.702491,0
42409,5.0667086,-2.691341,2
42411,17.881048,7.3924017,0
42412,-2.1905398,8.740481,1
42457,7.408852,-1.8345101,2
42458,4.627802,-1.2729124,2
42461,12.9621,2.011528,1
42464,16.585884,0.8419336,2
42470,-2.2513158,9.043684,1
42473,1.6350894,9.28233,1
42474,5.211422,-2.936538,2
42480,17.08073,7.949918,0
42485,22.483643,4.4785,0
42493,16.170637,1.7287439,2
42507,16.978785,0.9826915,0
42513,16.174915,8.61225,0
42520,22.4945,4.6956477,0
42525,1.9452069,8.347329,1
42538,6.036802,-3.2590857,2
42545,17.1209,1.1264368,0
42546,7.476643,-2.6192653,2
42568,0.33479586,10.577286,1
42577,17.037245,8.414729,0
42581,17.02561,8.184803,0
42589,6.5622954,-0.63676834,2
42598,5.958119,-3.3769815,2
42632,5.324381,-2.9008503,2
42641,5.2620716,-2.6957312,2
42647,18.101696,7.5526457,0
42648,12.995642,1.9930886,2
42653,22.762043,5.3461647,0
42655,7.358575,-2.0232196,2
42660,0.7224018,10.488784,1
42661,17.439535,8.258948,0
42663,0.4789263,10.62921,1
42678,5.901219,-3.3684072,2
42679,6.0429,-0.36218834,2
42682,15.755837,0.6898502,2
42686,1.7026882,7.194631,1
42702,-2.1644485,9.375069,1
42713,-2.251257,8.829575,1
42726,-2.2378283,9.183423,1
42732,-2.0233471,7.7115655,1
42733,-2.0667887,7.6372724,1
42736,14.826202,0.90055174,2
42740,16.3183,1.6365577,2
42771,14.545681,1.2318025,2
42787,6.7561555,-0.9715227,2
42802,14.177424,1.5882876,2
42815,14.465432,1.6759943,2
42824,1.8886106,7.0807104,1
42829,4.8243246,-1.9424046,2
42831,14.555775,1.1232524,2
42847,7.526521,-2.2098942,2
42850,0.18440695,10.864225,1
42857,7.6585884,-3.250825,2
42872,15.052642,0.70935935,2
42883,1.5861721,9.319361,1
42885,17.826403,7.3510704,0
42896,7.51117,-2.9585974,2
42903,15.320693,0.72450733,2
42904,16.00402,0.8445578,2
42925,-2.0683126,7.9169292,1
42938,4.7008667,-1.1634777,2
42960,17.016987,8.392972,0
42974,1.7999566,9.037155,1
42978,5.591799,-2.922238,2
42982,1.1377183,9.780831,1
43019,1.8062403,8.260692,1
43042,1.4671429,6.3527036,2
43053,1.8049183,7.2891607,1
43054,4.834203,-0.94793695,2
43072,-0.07758866,17.138498,2
43077,0.6567568,10.096125,1
43103,0.4006684,17.177845,2
43118,18.381836,7.1036625,0
43124,5.2850685,-2.961369,2
43143,1.589505,7.6705284,1
43150,16.179043,8.720384,0
43154,15.766803,0.8511581,2
43158,16.220823,0.7319291,2
43164,4.688061,-0.9720695,2
43170,16.661661,8.50343,0
43177,1.7596,8.312792,1
43187,22.556906,5.027003,0
43211,15.896173,0.7472379,2
43224,1.7195398,7.167851,2
43227,7.2472625,-1.7744868,2
43233,16.597734,8.537877,0
43236,18.55475,6.285218,2
43246,16.684376,1.4394319,0
43249,1.3173631,9.829335,1
43262,16.112732,8.623022,0
43267,15.710287,0.7762814,2
43281,17.655367,7.8731728,0
43297,1.610597,8.4629965,1
43307,1.7607088,9.065377,1
43357,1.5567664,9.22214,1
43374,4.6871104,-0.9949249,2
43382,1.9553013,8.622549,1
43383,1.9278065,8.008842,1
43400,16.76403,0.83506066,2
43401,-2.1654835,8.749476,1
43408,16.296345,1.628701,2
43417,18.156008,7.132884,0
43421,16.17837,1.5519689,2
43431,18.238634,7.322753,0
43436,18.293625,7.242196,0
43439,22.753582,5.226168,0
43471,1.5668201,6.5826035,2
43479,1.9066182,8.469547,1
43501,1.3387091,9.578059,1
43528,16.102354,8.563908,0
43533,1.5476689,8.820288,1
43569,22.8566,5.313874,0
43584,1.6712934,6.9244313,2
43592,12.832102,2.1878252,1
43593,0.3275751,10.652077,1
43605,0.38967443,17.170427,2
43609,1.962935,8.349267,1
43614,16.910748,0.9459,0
43626,16.208107,8.758055,0
43628,1.1268991,9.636072,1
43633,15.794721,0.65836453,2
43648,13.353947,1.6146055,2
43659,-2.3222952,9.270643,1
43676,17.690147,7.9040475,0
43704,-2.0690546,7.610236,1
43707,14.862386,1.7487885,2
43725,22.270493,4.3885365,0
43742,1.5891103,7.262435,1
43752,1.1888983,9.793033,1
43771,-2.0830307,7.6140947,1
43780,17.218897,1.1868474,0
43788,7.555267,-2.1500063,2
43832,16.880386,0.9090091,2
43839,13.863153,1.8323157,2
43871,-2.1057284,8.869821,1
43882,14.9690895,0.73299456,2
43903,1.7946782,6.9498935,1
43905,6.513376,-0.5761925,2
43940,4.9937205,-2.3225002,2
43953,16.727943,1.0110434,0
43954,13.472402,1.0644803,1
43957,5.0811152,-2.6883817,2
43963,5.655085,-0.21136627,2
43983,0.42175657,10.790091,1
43986,1.7161111,8.362094,1
43998,15.660218,1.878432,2
44017,16.823807,1.3691552,0
44029,16.248634,8.635308,0
44045,23.239094,5.7216334,0
44048,13.877326,1.1987753,2
44057,14.879752,1.5413221,2
44062,14.077597,1.82821,2
44064,22.8589,5.3229113,0
44066,-1.8826162,7.4233994,1
44071,6.1473804,-3.5589216,2
44077,0.7715913,10.561812,1
44078,15.13056,0.7893599,2
44109,1.6004277,9.352786,1
44114,0.30564103,10.830918,1
44115,1.6286482,8.4280815,1
44136,1.366664,9.197324,1
44150,7.4950852,-2.078824,2
44151,-1.7895591,7.6353326,1
44158,5.057833,-2.6345003,2
44160,5.2817526,-2.7130075,2
44190,1.5610569,9.5888605,1
44191,-2.172651,8.826505,1
44193,17.672606,8.032576,0
44204,5.3881226,-3.068634,2
44218,7.107096,-1.6325985,2
44223,1.69756,8.680615,1
44228,13.682888,1.6749245,2
44233,18.097368,7.229715,0
44236,17.229319,8.325085,0
44239,0.44275331,10.223946,1
44240,1.750058,8.901636,1
44249,1.747231,6.836051,2
44254,22.735506,5.2837687,0
44261,0.90693283,10.238745,1
44265,4.654468,-0.91875345,2
44300,-0.76849663,6.630026,2
44302,-0.05054748,10.813508,1
44323,0.33593902,10.282874,1
44331,13.251161,1.6375947,1
44334,6.56265,-0.8202564,2
44348,1.1574289,10.061983,1
44351,1.8061628,7.574962,1
44360,17.449032,7.868427,0
44364,17.78081,7.9584637,0
44393,16.070028,0.75883853,2
44423,6.727937,-1.1331327,2
44427,1.7473402,9.123738,1
44428,1.7516127,7.3967204,1
44441,1.8314126,7.511204,1
44450,4.80827,-1.6863432,2
44454,17.747766,7.943313,0
44478,17.09916,1.1155415,0
44502,18.16868,7.4137144,0
44503,22.986927,5.378697,0
44526,18.05332,7.2163897,0
44536,5.11269,-2.723088,2
44541,-0.5704252,17.359507,1
44554,0.22690625,10.762565,1
44567,1.9808856,7.247945,1
44583,16.981216,1.2431722,0
44585,-2.1181436,8.001428,1
44599,7.379337,-1.9999118,2
44614,1.3956944,6.4870086,2
44624,18.388445,6.9910793,0
44647,0.037138905,10.810454,1
44650,18.3381,7.1812496,0
44660,0.28371522,10.885599,1
44669,22.483072,4.7742224,0
44670,16.993448,1.2450157,0
44681,1.7024151,8.056372,1
44683,1.7439686,9.164804,1
44706,5.318453,-3.0214696,2
44709,5.8480835,-3.4121072,2
44715,17.354729,8.378511,0
44717,14.362515,1.0069697,2
44719,6.333632,-0.6218035,2
44739,22.439611,4.8014383,0
44748,7.4973645,-2.0476668,2
44767,17.087154,8.003748,0
44768,1.6403345,8.704363,1
44770,1.7980217,7.5494676,1
44774,7.47949,-2.085329,2
44787,7.345113,-3.7616484,0
44789,1.1485128,9.599423,1
44794,1.6358237,9.280829,1
44799,14.718156,1.8308575,2
44800,0.38927096,17.179585,2
44813,4.8829474,-2.3203783,2
44819,-0.6761385,6.600163,2
44825,18.356543,7.3684216,0
44827,13.760044,1.8052932,2
44842,0.67333776,10.548867,1
44860,7.501004,-3.7832775,0
44861,16.222805,8.673712,0
44870,16.218662,8.717453,0
44872,-0.041837763,17.127708,2
44877,15.741091,0.6679735,2
44879,1.6381772,8.724276,1
44900,1.739849,6.868068,1
44932,6.7664714,-1.0871332,2
44933,18.550814,6.3366,2
44934,0.54229766,10.746514,1
44965,1.4517155,9.480488,1
45001,17.247408,8.419734,0
45013,1.2121912,9.585513,1
45016,1.698337,8.731996,1
45024,4.947505,-2.5860357,2
45035,7.4736476,-2.4467893,2
45038,15.538568,0.6517421,2
45042,0.487608,10.795523,1
45060,1.3089589,9.200207,1
45069,-1.7834084,7.4886127,1
45107,1.962218,7.116803,1
45109,0.3953689,10.75109,1
45118,18.146923,7.4548316,0
45126,1.1737912,9.438486,1
45127,0.5890599,10.534524,1
45131,1.7508805,8.064553,1
45136,7.722343,-3.165516,0
45144,2.0325963,8.350589,1
45148,5.642363,-0.2513542,2
45152,18.454136,7.2303066,0
45158,-0.06632408,10.92502,1
45183,7.3733344,-1.7267169,2
45184,5.0989156,-2.5972056,2
45195,16.487665,1.5520853,2
45199,7.4068313,-2.0331686,2
45206,5.4836535,-2.957693,2
45215,18.212292,7.489537,0
45216,-0.54690593,17.341204,1
45217,7.265472,-3.1825905,0
45230,23.042372,5.4739327,0
45246,1.3343333,9.675639,1
45269,5.040325,-2.5975502,2
45277,0.5968256,10.695398,1
45280,7.2241254,-1.8138882,2
45293,1.7208748,9.173814,1
45295,16.129955,8.635249,0
45313,4.7056823,-0.5800778,1
45314,17.170956,7.6798196,0
45320,7.6152296,-2.649181,2
45332,5.4222302,-3.0834808,2
45333,18.337635,7.2718654,0
45335,17.226254,8.366918,0
45348,-2.2402232,9.296725,1
45374,12.840809,2.1422753,1
45383,-1.7989098,7.388632,1
45384,6.3199587,-0.53949505,2
45385,1.6521682,7.9842615,1
45387,1.8098003,8.16546,1
45393,6.2402325,-3.5990155,2
45406,17.017168,1.2342489,0
45428,1.8706979,7.473473,1
45431,4.626776,-0.73341805,2
45439,1.9312751,7.004373,2
45443,18.366995,7.3634734,0
45455,17.757484,7.6286817,0
45486,14.550185,1.57443,2
45490,22.430386,4.4329305,0
45503,5.1396217,-2.6030068,2
45504,1.7059828,8.757978,1
45505,1.6732669,7.5704103,1
45506,12.887393,2.1302714,1
45507,1.8753603,7.0988326,1
45530,-2.1516612,8.24063,1
45533,14.643454,1.8088799,2
45544,-2.2376149,8.935482,1
45546,16.581747,0.8388272,0
45547,17.055107,8.08401,0
45561,7.372757,-1.7981377,2
45568,22.551245,5.0642548,0
45577,1.8428113,8.105458,1
45589,13.330559,1.599929,2
45590,13.806338,1.632314,2
45607,0.28293225,10.805209,1
45624,5.0721993,-2.6656907,2
45642,6.6027565,-0.70769364,2
45653,14.227546,1.0862128,2
45657,6.983071,-1.1729317,2
45682,15.6704235,0.648886,2
45696,17.082214,8.465502,0
45701,0.6359275,10.544531,1
45706,14.500354,1.6834656,2
45713,-1.8778236,7.5045085,1
45720,1.7149918,9.165374,1
45743,22.809824,5.317034,0
45757,7.6327186,-2.45271,2
45775,16.535418,8.47356,0
45782,15.361453,0.7721565,2
45817,17.8351,7.749107,0
45820,22.384705,4.6718,0
45823,0.6865747,10.592244,1
45825,4.881903,-0.6707569,1
45831,0.18193707,10.915286,1
45848,22.51714,4.7793174,0
45860,7.422273,-2.1406636,2
45862,7.5342917,-2.7798662,2
45890,14.638304,1.538153,2
45905,17.777424,7.8877,0
45907,13.135797,1.7529173,1
45918,5.4871626,-3.1984694,2
45924,1.9242406,7.260338,1
45935,1.6442041,7.4763,1
45942,-8.537423,2.8694434,0
45966,13.893851,1.2303185,2
45972,1.6131876,7.263194,1
45977,-0.14995821,17.20228,1
45985,6.6850576,-3.6553347,2
45991,17.979097,7.58596,0
45993,4.713807,-0.8901376,2
45994,0.3204048,10.885663,1
45996,-2.0918715,7.9376945,1
45999,14.017892,1.5708529,2
46000,15.381789,0.72848386,2
46012,0.4880351,10.433397,1
46013,1.653156,6.7939377,2
46020,1.9362726,7.7881556,1
46026,6.322131,-3.6300814,2
46039,0.9012101,10.364638,1
46042,1.0898788,9.705689,1
46046,17.50304,8.219233,0
46047,-2.1782823,9.215274,1
46055,13.385913,1.6084319,2
46060,6.810127,-0.9959436,2
46071,-0.65116125,6.5643945,2
46077,5.650058,-3.1856768,2
46092,-1.6866407,7.3336773,1
46101,1.8295515,8.091134,1
46116,14.20011,1.0694393,2
46127,22.372984,4.583029,0
46130,-9.252493,2.6304533,2
46147,14.705338,1.5286196,2
46150,4.7995234,-0.5247907,2
46151,22.68749,5.194008,0
46157,14.88157,1.7078865,2
46161,14.991235,0.7558789,2
46194,-1.0989956,6.9032407,1
46198,5.0527725,-2.5715125,2
46203,18.335642,7.233087,0
46213,13.811833,1.7611834,2
46224,5.2114363,-2.7683241,2
46231,-8.426766,2.9505088,0
46234,23.03848,5.3826947,0
46290,0.9589666,10.360434,1
46302,-0.89643747,6.7486978,2
46306,-1.9998819,7.861831,1
46316,22.615963,4.9526005,0
46325,5.0053144,-2.5761623,2
46335,6.6908927,-3.5940144,2
46337,22.65012,5.130093,0
46354,17.278875,8.357095,0
46360,13.844316,1.2676218,2
46368,16.209705,1.7343775,2
46374,6.561729,-0.7353851,2
46392,22.606945,4.918104,0
46394,23.225718,5.685549,0
46396,0.040706255,10.927573,1
46403,14.642391,1.5959342,2
46409,12.962745,2.0523984,1
46419,17.908646,7.6305037,0
46426,7.6741905,-2.8923125,2
46428,0.36901125,10.386929,1
46443,1.621739,8.542429,1
46449,17.65831,7.859993,0
46450,1.6324602,8.052341,1
46451,-2.0458822,7.81471,1
46466,7.644542,-3.5757592,0
46477,18.154064,7.587444,0
46478,18.109291,7.6056333,0
46483,13.902398,1.2483131,2
46486,1.771007,7.7527614,1
46493,-0.4978882,17.318283,1
46515,6.4991946,-0.91066146,2
46528,7.683728,-2.8843753,0
46542,6.210387,-3.346767,0
46571,0.7892712,10.2919445,1
46586,17.046398,8.114062,0
46590,6.6224103,-3.6531448,2
46599,-9.129737,2.7807548,2
46600,23.21542,5.733364,0
46609,5.8540072,-3.428294,2
46617,1.5255778,9.603513,1
46624,17.4757,7.7945013,0
46639,1.9613796,7.783393,1
46641,1.517658,6.4815917,2
46645,1.1862034,9.525105,1
46650,1.7982421,8.855022,1
46687,6.409228,-0.6228745,2
46689,17.479942,8.165563,0
46726,7.5957685,-2.5765572,2
46730,13.543797,1.5254369,2
46733,1.67515,6.899046,1
46744,16.972176,8.057319,0
46757,4.983437,-2.644708,2
46779,13.308262,1.6228346,1
46788,1.5613369,9.456194,1
46792,-2.2731395,9.220004,1
46797,0.26502356,10.865581,1
46801,-1.883137,7.490872,1
46806,14.5000305,1.6549382,2
46808,14.530296,1.5991285,2
46818,1.9468586,8.338717,1
46822,14.580668,1.6777105,2
46824,4.6757183,-1.3391231,2
46829,-0.07746002,17.157887,2
46836,-2.2341514,8.807373,1
46839,7.629302,-2.3085933,2
46851,0.7553229,10.585665,1
46854,15.701503,0.6329294,2
46858,13.850176,1.8405522,2
46864,22.417461,4.689815,0
46883,5.4112296,-3.1076906,2
46886,23.186668,5.760879,0
46896,18.382038,7.0517144,0
46901,22.468077,4.8492556,0
46904,6.864603,-0.9161656,2
46912,13.251775,1.6523455,2
46928,0.86417145,10.262752,1
46936,1.8191804,8.591369,1
46940,16.956593,0.90591955,2
46966,1.5541639,6.5009394,2
46987,4.680101,-1.127278,2
46996,15.305548,0.7226747,2
47020,0.34235057,10.810011,1
47024,13.346922,1.7593493,2
47029,23.18272,5.619727,0
47038,0.3798251,10.692524,1
47044,17.311094,7.613119,0
47069,7.6902475,-2.921663,2
47071,4.7382326,-1.6723851,2
47084,13.478984,1.8015715,2
47113,22.80919,5.3877387,0
47114,18.123625,7.5956836,0
47121,17.330858,8.375976,0
47128,0.4825765,10.81404,1
47134,1.5468426,8.237005,1
47167,17.280476,8.3594265,0
47182,14.772228,0.78555626,2
47184,1.5345848,6.6174474,2
47193,5.4145846,-3.091682,2
47222,7.09827,-3.7472422,0
47225,0.9081245,10.359067,1
47241,5.4672484,-0.20954351,2
47252,1.7999506,8.800226,1
47267,16.715406,0.8426686,2
47288,-1.6435674,7.2326083,1
47289,22.180056,4.233077,2
47293,15.262652,0.83971816,2
47299,18.409708,6.4976354,0
47302,13.972778,1.2447933,2
47303,18.430561,6.931439,0
47321,6.865986,-0.9852389,2
47322,7.626578,-3.0723586,2
47323,5.004915,-2.6549122,2
47338,4.830764,-0.37575716,1
47339,-9.236655,2.6749647,2
47342,1.7187914,9.105157,1
47343,-2.2839148,9.011659,1
47353,1.2379944,9.489223,1
47361,5.1528444,-2.58451,2
47385,-1.6739936,7.443621,1
47388,14.04343,1.1524066,2
47394,1.0324547,10.377216,1
47402,22.528059,5.0523934,0
47410,1.8127891,7.5082374,2
47416,17.208279,8.482622,0
47421,4.960822,-2.650537,2
47429,16.336004,1.6076108,2
47464,1.7242427,6.9799404,1
47491,0.8654584,10.365055,1
47498,1.6763586,9.262087,1
47514,4.633927,-1.1909113,2
47523,1.7022616,9.061421,1
47562,1.8711787,8.62553,1
47577,16.32153,1.751054,2
47582,5.7040644,-0.25546163,2
47583,18.32788,7.3942943,0
47590,18.397755,7.2593975,0
47605,1.7215968,9.188356,1
47631,16.225243,8.714162,0
47642,-1.8859053,7.5895386,1
47644,0.5998705,10.545324,1
47646,-0.884978,6.740691,1
47647,1.3459944,6.270927,2
47659,0.5482218,10.685454,1
47666,0.7970438,10.410401,1
47667,-1.1922898,6.909534,1
47671,1.3417733,9.632146,1
47672,22.19482,4.3381886,0
47674,1.5869672,9.524634,1
47676,6.305373,-3.6262484,2
47677,1.7713479,8.602757,1
47679,16.2849,8.620723,0
47684,1.4751203,6.335691,2
47687,16.859495,0.905919,0
47711,2.0019858,8.436323,1
47713,-0.5069275,6.4708953,2
47716,16.631231,1.6096818,0
47736,16.171247,8.610349,0
47746,17.11793,1.0917109,0
47748,17.78136,7.7097864,0
47749,13.69311,1.7590003,2
47750,17.485386,7.809411,0
47754,6.1193237,-0.37383026,2
47761,7.4947386,-2.0990129,2
47773,14.733072,1.6547643,2
47796,0.8782974,10.398757,1
47798,7.548987,-3.1655028,2
47806,1.957172,8.511336,1
47815,1.651484,7.134464,1
47829,7.599032,-3.1318092,2
47831,16.287878,1.7154222,2
47836,7.564278,-2.1897461,2
47842,17.237408,7.8208814,0
47861,1.793249,8.31916,1
47862,15.493444,0.68288255,2
47876,1.6027492,9.709248,1
47888,4.692535,-0.79595435,2
47903,1.6650614,7.2472844,1
47915,-2.2039225,8.750251,1
47944,7.2490582,-2.0352836,2
47966,1.5522189,9.536878,1
47973,16.474375,1.5614026,2
47983,13.348584,1.869499,2
47998,0.03997759,10.806515,1
48012,16.508705,1.5742364,2
48020,7.126256,-1.5012058,2
48039,16.30697,8.655096,0
48040,1.0253062,9.936031,1
48049,5.339035,-3.0027468,2
48050,15.215164,0.704011,2
48054,4.9654717,-2.6332717,2
48062,1.9101144,8.610745,1
48077,1.6559496,6.9763117,2
48089,6.7351174,-1.5440751,2
48090,15.352755,0.76843005,2
48092,6.724598,-0.85865116,2
48106,17.993086,7.533372,0
48123,1.8453376,8.66179,1
48125,13.5171,1.0389905,2
48134,1.5346166,6.7556686,2
48138,4.6581807,-0.8065501,2
48141,0.8859079,10.008865,1
48146,1.4327396,6.971894,2
48151,12.946558,1.9964137,1
48158,6.569651,-0.6270789,2
48165,18.34513,7.1789327,0
48169,14.545204,1.9998393,2
48170,7.08932,-3.7571368,0
48189,13.343927,1.8507197,2
48199,5.2982125,-3.0456405,2
48205,4.674284,-1.4010121,2
48208,14.419392,1.7258507,2
48211,2.017023,7.4463882,1
48216,-2.0670989,7.889052,1
48227,0.97527605,10.312451,1
48235,18.420639,7.1182165,0
48238,1.6360333,9.51698,1
48239,15.290769,0.67335504,2
48258,14.435082,0.97938097,2
48270,1.9044672,7.0314035,1
48292,0.43301624,10.779099,1
48293,-0.1504037,17.204031,1
48305,-0.05773362,17.15,2
48307,5.026109,-2.7824051,2
48310,18.492153,6.761052,0
48314,5.6569753,-0.22708446,2
48321,1.7254896,7.128823,1
48337,6.582849,-3.5427327,2
48347,1.8260237,6.900784,1
48349,7.3941107,-1.7184149,2
48370,1.1465343,9.857909,1
48387,17.042036,0.9400359,0
48397,2.0176418,8.506385,1
48402,7.582078,-2.8532975,2
48407,7.505873,-2.723472,2
48410,18.229996,7.31607,0
48411,6.037133,-3.4005797,2
48414,16.231995,1.7503406,2
48439,18.111639,7.51418,0
48441,16.594599,1.2326002,0
48444,14.177013,1.3976581,2
48464,1.9648075,7.100535,1
48466,1.6793551,9.085596,1
48491,1.8003176,8.867817,1
48509,17.55938,8.2069845,0
48512,1.496447,6.680556,2
48519,18.550438,6.4076767,0
48537,16.49262,1.7626307,2
48562,16.119053,1.6359384,2
48570,6.2288947,-0.39122283,2
48573,17.11662,1.0592027,0
48583,4.871004,-0.27626505,1
48603,1.4510036,9.500096,1
48609,22.72858,5.186797,0
48614,7.6572127,-3.6840293,0
48619,22.486618,4.945758,0
48646,15.336441,1.7271525,2
48648,7.651794,-3.5308332,0
48650,7.4110527,-2.1566877,2
48661,15.168279,0.74270797,2
48667,1.544084,6.85905,1
48669,13.916526,1.1293412,2
48674,4.7987747,-1.3038182,2
48675,1.6791523,8.040833,1
48677,15.297676,0.6841839,2
48683,17.899843,7.6064324,0
48697,4.8771105,-0.48568988,2
48707,22.61538,4.926203,0
48723,1.2613994,6.040018,2
48727,1.9351348,7.4717126,1
48730,5.1792684,-0.21294339,1
48739,5.0634403,-2.7525325,2
48744,1.8117266,7.234958,2
48747,-1.908628,7.8497176,1
48756,15.42175,0.62365216,2
48763,-1.8787197,7.4331665,1
48770,1.9961658,7.480948,1
48776,17.817339,7.4727564,0
48787,5.0609174,-2.6413503,2
48791,22.420692,4.8333187,0
48835,4.8309555,-0.27054107,1
48849,15.579972,0.654741,2
48853,15.75873,1.8617886,2
48871,22.57159,5.0902767,0
48889,-2.0301306,7.651786,1
48892,6.3113756,-0.4643879,2
48897,5.114276,-2.836291,2
48898,4.7999506,-0.41773948,1
48907,23.040813,5.4665093,0
48921,1.5309707,6.4910936,2
48922,15.341477,0.6731325,2
48934,16.31381,1.5893257,2
48938,17.009548,8.095948,0
48958,5.207508,-2.9690313,2
48965,-0.5861722,6.5165277,2
48967,5.1349096,-2.7735848,2
48977,-0.9229081,6.749993,1
48986,18.37184,7.1856546,0
48999,7.621292,-2.1759222,2
49002,5.8558984,-0.35083655,2
49004,17.476744,8.252892,0
49005,-2.2385736,8.859903,1
49007,1.7945851,7.191053,2
49016,16.039265,0.6926693,2
49019,22.76968,5.3762856,0
49022,7.554149,-3.788935,0
49025,0.9884359,10.392165,1
49027,17.752562,7.9934497,0
49045,-2.2045197,9.37039,1
49077,7.6020613,-2.3510566,2
49078,6.92334,-0.9766274,2
49101,13.749127,1.2611324,2
49109,17.912016,7.80544,0
49121,5.9145904,-3.4457536,2
49136,-0.5932451,6.499802,2
49144,22.724665,5.045721,0
49145,16.66102,8.545187,0
49147,6.502974,-0.5307316,2
49155,16.121796,8.586207,0
49159,-2.2695866,8.932963,1
49160,1.2991313,6.099581,2
49194,17.962578,7.7881618,0
49202,5.3189764,-3.042496,2
49204,15.229225,0.7307059,2
49212,6.043675,-3.4608068,2
49217,22.683592,5.2119985,0
49220,22.52052,4.912271,0
49221,1.7993673,6.7005525,2
49222,6.3986006,-0.48373273,2
49226,7.512958,-2.1958394,2
49240,14.623676,0.8025921,2
49243,6.2200227,-3.4804375,2
49244,16.755531,8.518256,0
49254,1.8913218,8.627445,1
49266,15.548238,0.6501954,2
49283,13.352667,1.5390998,2
49296,1.8235275,8.7438345,1
49324,6.4702196,-0.52642894,2
49334,14.2828455,1.5612193,2
49343,1.9150172,7.2071023,1
49371,14.854641,0.7644362,2
49376,17.301796,8.344993,0
49410,-0.92381763,6.7849827,1
49421,5.271601,-2.99817,2
49429,1.6828192,7.2697053,1
49433,14.33362,1.7071246,2
49439,17.112137,1.0681871,0
49447,6.4191947,-0.5634418,2
49462,17.212248,8.410033,0
49463,0.054492977,10.936813,1
49470,1.6422616,6.549964,2
49471,4.8289933,-2.097402,2
49490,13.969035,1.7467333,2
49501,5.604737,-0.28407162,1
49502,14.370154,1.8498006,2
49533,15.851033,0.704311,2
49542,7.0481763,-3.743083,0
49543,0.7861369,10.488688,1
49545,1.9633973,8.708101,1
49561,18.240747,7.44196,0
49579,14.158337,1.7541611,2
49582,-1.8934003,7.4669604,1
49586,4.8314404,-1.9509679,2
49614,18.365768,7.224653,0
49638,-2.1160467,7.8647857,1
49645,0.36247724,10.839839,1
49650,15.130948,0.6978158,2
49651,1.9569917,8.5883875,1
49660,17.764606,8.042621,0
49673,13.728151,1.355014,2
49696,-8.70453,2.7238357,0
49699,1.9373217,8.626493,1
49700,16.916382,1.0272772,0
49703,1.7622173,8.84331,1
49728,7.4251375,-2.1133842,2
49729,18.572031,6.2941933,2
49745,2.0030603,7.1862206,1
49750,0.43774864,10.844263,1
49751,4.636721,-0.9879836,2
49786,17.00987,1.1374633,2
49812,-0.008057766,10.960655,1
49814,1.8095492,8.368263,1
49820,0.7514532,10.577601,1
49828,15.365244,1.5302398,2
49880,17.191423,8.187567,0
49883,1.8669695,8.433371,1
49900,17.595694,8.191475,0
49909,1.5293869,6.38179,2
49929,-1.9456326,7.4272046,1
49975,7.619366,-2.235953,2
49988,-0.55324477,6.4723682,2
49990,4.9654975,-2.1034498,2
49999,18.271374,7.4870386,0
